run,IVP,HRP,CLA
0,-0.182455,-0.108867,-0.14366
1,0.165921,0.056386,0.174834
2,-0.0352909,-0.00457788,-0.0928853
3,0.579597,0.335793,0.24207
4,0.689329,0.67514,0.744371
5,0.756121,0.395763,0.728052
6,0.338805,0.322472,0.326485
7,-0.251434,-0.150049,-0.18179
8,0.163159,0.139408,0.116855
9,0.150337,0.137594,0.111155
10,0.112786,0.110552,0.383774
11,0.385091,0.251493,0.598776
12,0.183621,0.115704,0.113513
13,0.669244,0.650671,0.720122
14,0.191257,0.163501,0.256314
15,-0.0826102,-0.0203519,-0.0969068
16,0.0448296,0.0426951,-0.144497
17,0.44977,0.260889,0.376966
18,0.0051106,0.0480015,0.182845
19,0.308181,0.322259,0.271511
20,0.201229,0.11786,-0.0882692
21,-0.149123,-0.112143,-0.190067
22,0.544865,0.356315,0.537274
23,0.0978642,0.11204,0.284176
24,0.262337,0.145056,0.243412
25,0.00899374,-0.0082442,-0.0676485
26,0.904946,0.699625,0.502825
27,-0.0536071,-0.0436301,-0.112651
28,0.0627633,0.0700725,-0.0107603
29,0.185618,0.238116,0.475953
30,0.826983,0.654342,1.12891
31,0.727796,0.65527,0.915879
32,0.56829,0.423647,0.400497
33,-0.160417,-0.140395,-0.117122
34,0.0542134,-0.0396123,0.184145
35,0.721743,0.650831,0.972628
36,0.676705,0.552856,0.857846
37,0.23027,0.160073,0.0671217
38,0.0262609,0.0885112,0.130274
39,-0.150311,-0.162878,-0.2016
40,0.254539,0.244237,-0.108931
41,-0.0582036,-0.0648726,0.00939592
42,0.180125,0.119832,0.175233
43,0.567569,0.748813,0.571084
44,0.498017,0.320638,0.50756
45,0.299086,0.147264,0.0917083
46,0.898079,0.60894,1.21087
47,0.875427,0.816056,1.06429
48,0.0256453,-0.030887,-0.0502699
49,0.734523,0.670573,0.759952
50,0.398309,0.603533,0.330576
51,0.143175,0.303437,0.459321
52,0.253398,0.13982,-0.0863058
53,-0.149607,-0.133728,-0.095453
54,-0.0997057,-0.0531945,-0.0278469
55,-0.167946,-0.159846,-0.145868
56,-0.163496,-0.0840163,-0.161164
57,-0.0100963,-0.038577,0.0290377
58,0.301481,0.133595,0.0492902
59,0.270863,0.317946,0.23843
60,0.511851,0.404482,0.537866
61,0.34559,0.246524,0.163914
62,0.525227,0.470512,0.945425
63,-0.103629,-0.0704016,-0.149432
64,0.322993,0.31891,0.331432
65,0.019066,0.056539,0.0258536
66,0.182428,0.174342,0.143434
67,0.3666,0.330956,0.385452
68,0.15323,0.186267,0.297891
69,0.828211,0.79912,1.05363
70,-0.0517653,0.0323758,-0.0222823
71,0.349979,0.117329,0.317034
72,0.447373,0.502435,0.318985
73,0.61134,0.496302,0.461656
74,0.392422,0.203553,-0.018836
75,0.255384,0.252685,0.199733
76,0.654907,0.518569,0.655523
77,-0.133039,-0.103437,-0.124765
78,0.0578189,0.0803682,-0.0586705
79,0.478375,0.252949,0.448874
80,0.154452,0.0947003,0.11465
81,0.369502,0.31506,0.282383
82,-0.106766,-0.0581776,-0.163672
83,0.647168,0.485372,0.387585
84,0.420566,0.234744,0.355155
85,-0.217946,-0.186039,-0.249877
86,0.850814,0.718029,0.911979
87,-0.0334931,0.0895777,0.0479969
88,0.142075,0.109329,0.0402774
89,0.687259,0.63593,0.887021
90,-0.0952705,-0.0526726,-0.121178
91,-0.0167465,-0.0762415,0.130568
92,0.578784,0.440531,0.430588
93,0.128761,0.15921,0.215991
94,0.0949834,0.0787889,-0.0785029
95,-0.066501,-0.070433,-0.0302786
96,0.393393,0.367677,0.147448
97,0.41873,0.25073,0.0423134
98,0.0400515,0.0118261,-0.0281317
99,1.05412,0.84529,0.621829
100,0.774113,0.753704,0.998184
101,0.70861,0.486117,0.423803
102,0.248374,0.239232,0.221648
103,0.45623,0.438414,0.433681
104,0.545211,0.611589,0.638247
105,-0.183255,-0.165384,-0.229106
106,0.827979,0.941788,1.06178
107,0.763794,0.715455,1.04194
108,0.623347,0.487988,0.523727
109,0.089922,0.0358154,-0.0666008
110,0.359641,0.255903,0.239227
111,-0.0693574,-0.0893657,-0.12517
112,-0.014157,0.0349461,0.044327
113,-0.0631724,-0.0338308,-0.120345
114,0.227711,0.353031,0.236579
115,-0.0896321,-0.0346025,-0.116238
116,-0.00872145,-0.0359523,-0.0549526
117,0.214868,0.159757,0.466002
118,0.638584,0.60167,0.657599
119,0.119734,-0.0607542,-0.147735
120,0.247523,0.114019,0.13527
121,-0.112899,-0.147497,-0.113673
122,0.323468,0.223894,0.370817
123,0.202347,0.204298,0.275222
124,0.824641,0.512379,1.01454
125,-0.105882,-0.0721983,-0.126135
126,0.00857733,-0.0340435,-0.05992
127,0.956055,0.773106,0.590483
128,0.118225,0.198259,0.148364
129,0.196967,0.207199,0.0540764
130,0.280453,0.348915,0.178861
131,0.729188,0.591862,1.12232
132,0.651739,0.44565,0.514524
133,0.672401,0.584495,0.739597
134,-0.0690069,-0.0562507,-0.190475
135,0.0252821,0.066865,-0.00518373
136,0.116375,0.136142,0.301638
137,0.42064,0.346518,0.339323
138,0.486832,0.384496,0.342893
139,0.238902,0.146678,0.17619
140,0.341934,0.361071,0.192254
141,0.169175,0.107661,0.143205
142,0.152488,0.0840282,0.185562
143,-0.101384,-0.0893573,-0.13762
144,0.0255483,0.132234,0.156929
145,0.255318,0.166799,-0.0775048
146,0.122024,0.135519,0.242227
147,-0.0194932,-0.0378277,-0.107863
148,0.16306,0.125071,-0.0295791
149,0.245272,0.285821,-0.020469
150,-0.0701548,-0.0698523,-0.0765421
151,0.243635,0.312698,0.0795089
152,0.631703,0.360606,0.342866
153,0.193736,0.217325,0.111399
154,0.303982,0.547459,0.676242
155,0.114612,0.0683522,0.262779
156,0.590858,0.368051,0.409298
157,0.0865202,0.0229017,0.30661
158,0.459992,0.454352,0.449515
159,-0.035046,-0.0183531,0.170132
160,0.441885,0.291702,0.274383
161,0.681064,0.382066,0.0379144
162,0.553666,0.235493,0.0836767
163,0.582335,0.517563,0.903585
164,-0.0483757,-0.0280663,-0.104847
165,0.150517,0.0468258,0.0389733
166,0.128194,0.0352691,0.222329
167,0.246046,0.30086,0.178233
168,0.439513,0.349257,0.256574
169,0.766506,0.766803,0.974913
170,0.903826,0.769653,0.966211
171,0.897761,0.812883,0.4344
172,-0.162989,-0.128849,-0.10793
173,0.0822917,-0.0243472,0.161703
174,0.646423,0.736777,1.0586
175,0.414651,0.226736,0.2057
176,0.223727,0.181638,0.00117736
177,0.178014,0.178531,0.399055
178,0.146125,0.108356,0.154481
179,-0.0210891,-0.0317837,-0.180501
180,0.0798336,0.0285441,0.18526
181,0.176679,0.0450932,0.164776
182,0.574485,0.33568,0.557741
183,0.267583,0.269057,0.237828
184,0.310645,0.165997,0.145463
185,-0.0629563,-0.0722789,-0.101214
186,0.138112,0.218213,0.0332393
187,1.16182,0.76414,0.559784
188,0.178946,0.140251,0.130515
189,-0.189838,-0.13984,-0.154438
190,0.729671,0.930669,0.949123
191,0.951701,0.88824,1.19296
192,0.0459176,0.0836978,0.143124
193,-0.151241,-0.112156,-0.16406
194,0.682045,0.683295,0.988703
195,0.419151,0.240598,0.431249
196,0.214143,0.294653,0.104823
197,0.699407,0.611037,0.53792
198,-0.0902934,-0.0289754,-0.145153
199,0.150285,0.0136293,0.0390319
200,-0.10994,-0.0189033,-0.0593778
201,0.342735,0.21235,0.0559126
202,0.0215653,0.132964,0.229196
203,-0.116495,-0.0829688,-0.238828
204,-0.0956761,-0.106622,-0.130316
205,0.407723,0.29823,0.443032
206,0.480435,0.434554,0.324356
207,-0.220992,-0.176912,-0.195268
208,0.153806,-0.0570286,0.136368
209,0.615377,0.426015,0.320233
210,-0.14313,-0.190227,-0.184747
211,-0.155161,-0.0990708,-0.147073
212,0.129577,0.415011,0.205075
213,0.790636,0.710515,0.434618
214,0.547909,0.308739,0.369465
215,0.734857,0.527266,0.486219
216,-0.103148,-0.0481648,-0.14611
217,0.308237,0.284941,0.175632
218,-0.119809,-0.10897,-0.17365
219,0.447379,0.395935,0.549079
220,0.320356,0.344939,0.126392
221,-0.0550221,-0.0723607,-0.035575
222,0.2443,0.333085,0.206007
223,-0.173359,-0.205837,-0.220968
224,-0.112531,0.0137833,-0.0811387
225,0.14566,0.195744,0.199096
226,0.3628,0.316244,0.135474
227,0.16697,0.226864,0.391911
228,0.56776,0.52206,0.348502
229,-0.0959858,-0.0635069,-0.189853
230,-0.0275452,-0.0303635,0.0153187
231,0.6428,0.599381,0.709713
232,0.395866,0.222943,-0.0403416
233,0.299942,0.227292,0.361296
234,0.516943,0.616293,0.526948
235,0.167877,0.0890175,-0.0581023
236,-0.0358897,-0.104438,0.0971846
237,0.969353,0.501449,0.235282
238,0.428308,0.359761,0.308979
239,-0.22669,-0.177131,-0.286794
240,0.0350892,-0.0853062,0.154793
241,-0.0624636,-0.0369497,-0.130269
242,0.93961,0.380356,0.815315
243,0.295182,0.230675,0.30298
244,0.910716,0.871824,0.634138
245,0.698161,0.354075,1.01868
246,0.00473122,0.0206892,-0.0558563
247,0.388054,0.286569,0.508068
248,0.470143,0.223696,0.17501
249,0.215957,0.221674,0.279329
250,0.321663,0.349755,-0.102284
251,0.505016,0.654958,0.231942
252,0.690809,0.541283,0.932263
253,-0.0219108,-0.00221454,-0.072609
254,-0.105745,-0.0892897,-0.201054
255,0.474011,0.335392,0.291382
256,0.465824,0.249423,0.477321
257,-0.0777956,-0.0662461,-0.118563
258,-0.133962,-0.0756618,-0.168878
259,0.32883,0.354312,0.334127
260,0.440222,0.51001,0.38222
261,0.532764,0.488164,0.392506
262,0.261061,0.224237,0.224127
263,0.481291,0.424933,0.878367
264,0.157181,0.139978,0.199487
265,1.06775,1.05922,0.761735
266,0.114972,0.00977013,0.0598345
267,0.0191396,-0.0293484,0.0649745
268,-0.141878,-0.0555524,-0.0335724
269,0.60797,0.600679,0.480246
270,0.383623,0.420496,0.523451
271,0.256805,0.456984,0.274758
272,-0.0509914,-0.115077,-0.164671
273,-0.169719,-0.115324,-0.240626
274,0.725208,0.625746,1.08387
275,0.205047,0.129999,-0.0292078
276,-0.0875788,-0.0629234,-0.0341118
277,0.109997,0.0528715,0.0286176
278,0.138546,0.0393464,-0.0753729
279,0.227784,0.119199,0.270387
280,-0.205626,-0.206525,-0.262257
281,0.744872,0.457755,0.759909
282,0.738431,0.516476,0.484146
283,0.0746492,0.118232,0.0451702
284,-0.0278843,0.0057802,-0.0987367
285,0.491383,0.48697,0.673874
286,0.487847,0.526242,0.491469
287,0.760543,0.535271,1.16537
288,0.219933,0.233656,0.0843072
289,0.175742,0.0977692,0.450501
290,0.43147,0.500494,0.309208
291,0.238102,0.23634,0.234632
292,0.610542,0.406553,0.330846
293,-0.125795,-0.126319,-0.0977405
294,0.622038,0.603723,0.60886
295,0.789864,0.73528,0.76939
296,0.283916,0.202676,0.288755
297,0.33567,0.14244,0.39694
298,0.147997,0.0668094,0.237674
299,0.438769,0.280822,0.527684
300,0.549918,0.470041,0.330456
301,0.525828,0.470196,0.371871
302,0.130885,0.133551,0.075753
303,-0.0613834,-0.125717,-0.211182
304,0.300962,0.364115,0.260413
305,0.2083,0.303327,0.229263
306,0.26938,0.336987,0.356673
307,0.477085,0.51562,0.573292
308,0.273817,0.211007,0.0577406
309,0.392391,0.169381,0.337178
310,0.311423,0.155151,0.0174584
311,0.809027,0.458672,0.677151
312,0.313397,0.279415,0.262156
313,0.292341,0.196081,0.37162
314,0.266376,0.191199,0.35149
315,0.238976,0.204668,0.192192
316,0.420045,0.525479,0.550518
317,-0.221887,-0.215411,-0.18639
318,-0.147428,-0.108548,-0.0750434
319,-0.172798,-0.143274,-0.208569
320,0.355835,0.178481,0.0702093
321,0.573831,0.254753,0.205535
322,0.184998,0.239343,-0.100779
323,0.545923,0.393415,0.545975
324,1.12174,1.44072,1.49963
325,-0.017486,0.0291079,0.0273429
326,-0.201031,-0.122969,-0.229753
327,0.480763,0.469399,0.453445
328,0.41651,0.359557,0.297661
329,0.0204468,-0.0375383,0.189877
330,0.219665,0.341561,0.102452
331,0.43486,0.384923,0.429409
332,0.785787,0.885203,0.952932
333,0.0100671,0.0202902,-0.0849812
334,0.851143,0.457195,0.699427
335,0.761122,0.591587,0.549912
336,0.582034,0.77041,0.67562
337,0.00147734,-0.0796057,-0.122877
338,0.471386,0.654806,0.455008
339,0.420343,0.214642,0.258976
340,0.0784998,0.0323148,0.270461
341,0.571452,0.359818,-0.0580624
342,0.144059,0.0841352,-0.0299919
343,0.197292,0.149912,-0.076345
344,0.800563,0.955806,1.21678
345,0.318033,0.212318,0.307248
346,0.242595,0.142454,0.501404
347,0.287975,0.280727,0.2416
348,0.660268,0.381435,0.224574
349,0.309035,0.430913,0.299218
350,0.182486,0.134931,0.27563
351,-0.0869407,-0.128715,-0.0901563
352,0.378318,0.320959,0.236905
353,0.159384,0.117041,0.177905
354,0.229341,0.260812,0.0300974
355,-0.0322572,0.0297641,-0.0538074
356,0.355195,0.374766,0.268251
357,0.309149,0.197694,0.374179
358,-0.0528381,-0.0209182,0.0115504
359,0.768825,0.506014,0.773324
360,1.08337,1.10268,0.810665
361,0.246214,0.181396,-0.0166707
362,0.734889,0.399647,0.352054
363,0.326121,0.387942,0.214305
364,0.0619411,0.207,0.399887
365,-0.0235323,-0.0709014,0.0546826
366,-0.0876431,-0.0688769,-0.0948591
367,0.482448,0.323132,0.499908
368,0.488619,0.393225,0.216608
369,0.170216,0.133297,-0.0492539
370,-0.0738983,-0.0393783,-0.0788195
371,0.521773,0.293403,0.758191
372,-0.144017,-0.133181,-0.1318
373,0.401954,0.131379,0.232599
374,0.0893347,0.00244508,-0.135312
375,0.222752,0.182837,0.389218
376,0.436093,0.360476,0.282426
377,0.256752,0.267914,0.14991
378,-0.154164,-0.117503,-0.20685
379,-0.022434,0.0749023,-0.116859
380,0.211114,0.316949,0.470438
381,0.398376,0.331844,0.186805
382,0.0493042,-0.00719105,0.0355834
383,0.170844,0.233144,0.0688179
384,0.438884,0.612746,0.646439
385,0.113015,0.0804855,-0.102743
386,0.291907,0.192407,-0.00518929
387,0.542277,0.456586,0.624546
388,0.848447,0.714792,0.559242
389,-0.032474,-0.0427834,-0.0926755
390,0.247424,0.257468,0.065627
391,0.139152,0.14648,0.0809688
392,-0.11812,-0.0546152,-0.0834251
393,0.289716,0.268073,0.163907
394,0.445761,0.364803,0.199438
395,0.0699918,0.042966,0.25097
396,-0.0815368,-0.0454622,-0.142646
397,0.638958,0.30448,0.132112
398,0.597954,0.281287,0.27424
399,-0.153967,-0.140208,-0.267382
400,0.172175,0.118489,0.118806
401,0.205561,0.15624,-0.0129119
402,0.670377,0.302658,0.815775
403,0.494283,0.339672,0.289768
404,0.214988,0.12213,0.191834
405,0.0782123,0.140348,0.103146
406,0.197967,0.243469,0.255264
407,-0.0237501,-0.0144443,-0.107395
408,0.0237754,0.0668192,0.0352534
409,0.675001,0.680884,0.963126
410,0.261927,0.270565,0.265767
411,0.44233,0.352496,0.403987
412,0.712915,0.53676,0.472403
413,-0.019667,-0.00405855,-0.0756255
414,0.152091,0.147266,0.0666372
415,0.345351,0.227619,0.279863
416,0.508128,0.349972,0.241329
417,-0.20702,-0.17145,-0.223911
418,-0.0616405,-0.0283795,0.00482267
419,0.729051,0.616332,0.499117
420,-0.0525996,-0.0793939,-0.128148
421,0.424329,0.370799,0.234011
422,0.227419,0.225625,0.219943
423,0.825862,0.856357,1.15555
424,0.281585,0.323992,0.478464
425,-0.0892702,-0.0145977,-0.105708
426,0.118824,0.0562476,0.29679
427,0.285495,0.223224,0.364494
428,0.302816,0.341918,0.264821
429,0.121657,0.107432,0.0576218
430,-0.0710375,-0.0952669,-0.136528
431,0.318274,0.32192,-0.0234742
432,0.442691,0.298073,0.323905
433,0.779785,0.732842,0.945417
434,0.281993,0.19604,0.162524
435,0.908888,0.459949,0.431355
436,0.526059,0.206403,0.0966602
437,0.364924,0.317174,0.1777
438,0.555045,0.483252,0.22843
439,0.0705567,0.0611805,0.0406964
440,0.466555,0.205209,0.121034
441,0.23478,0.246424,0.176973
442,0.0974502,0.0258381,0.331576
443,-0.128673,-0.0665662,-0.21435
444,0.558408,0.671761,0.839559
445,0.0317737,0.0198889,0.156812
446,0.355643,0.258641,0.433866
447,0.714791,0.517652,0.928767
448,0.032647,0.0396463,0.0336236
449,0.361248,0.243526,0.111165
450,0.0434409,-0.0103476,0.1437
451,0.81495,0.600276,0.518728
452,-0.0538292,-0.0287866,-0.0321005
453,0.0683338,-0.00435374,0.196293
454,0.687689,0.571002,1.07296
455,0.333145,0.370791,0.324216
456,0.156688,0.184849,0.251966
457,0.140771,0.155601,0.300567
458,-0.0939007,-0.108051,-0.148761
459,0.827291,0.600106,0.669829
460,-0.186406,-0.14339,-0.123574
461,0.389213,0.383593,0.273086
462,0.320451,0.357108,0.38435
463,-0.185852,-0.190301,-0.167507
464,-0.0645874,-0.0383282,-0.0999703
465,0.342979,0.369482,0.454468
466,-0.106554,-0.0663454,-0.0750197
467,-0.0242231,-0.134247,-0.221563
468,0.0814175,0.117296,0.181205
469,0.0254055,0.0960169,-0.0111592
470,-0.0981578,-0.106799,-0.097576
471,0.429711,0.174007,0.351737
472,-0.119601,-0.163833,-0.248882
473,0.50754,0.364355,0.633545
474,0.22788,0.332694,0.212539
475,-0.0679049,-0.103473,-0.161566
476,0.39088,0.496322,0.349392
477,0.227918,0.18216,0.0986141
478,0.227832,0.0529941,-0.0662374
479,0.976042,0.96142,1.30163
480,0.643547,0.535556,0.774593
481,-0.193821,-0.110297,-0.111186
482,0.0462766,0.0944477,0.0585293
483,0.67422,0.385992,-0.0206824
484,-0.0273901,-0.0198357,-0.104517
485,0.139733,0.110814,0.397597
486,0.0272517,0.00632327,-0.039207
487,0.367912,0.235941,0.321191
488,0.332483,0.19496,0.341277
489,-0.0733307,-0.019844,-0.14748
490,0.0160756,-0.00158817,0.118817
491,0.424796,0.419157,0.369735
492,0.750656,0.71324,0.564781
493,0.351323,0.325008,0.673021
494,-0.119575,-0.0770635,-0.163568
495,0.133079,0.149029,0.254574
496,0.404947,0.334223,0.665258
497,0.689198,0.688111,0.830645
498,0.180278,0.153669,-0.00717559
499,-0.13603,-0.129665,-0.244707
500,0.129985,0.145111,0.233513
501,1.05074,0.73048,0.444624
502,0.811645,0.727268,0.801571
503,0.273565,0.334958,0.359164
504,0.0368588,0.0977379,-0.0456963
505,-0.230914,-0.228446,-0.271179
506,0.662191,0.539555,0.84588
507,0.840396,0.589151,0.60669
508,0.468283,0.484155,0.383126
509,0.45728,0.431599,0.0801078
510,0.0675936,0.0544134,0.0967602
511,-0.241158,-0.201079,-0.235559
512,-0.0839288,-0.0556072,-0.199521
513,0.29046,0.213407,0.204504
514,0.26362,0.304192,0.153871
515,0.23099,0.223833,-0.0181275
516,0.0850836,0.166597,0.0503368
517,-0.0756677,-0.0425275,-0.0974681
518,0.322123,0.301891,0.472782
519,0.00836187,-0.0872001,0.0995932
520,0.440963,0.28765,0.387132
521,-0.14069,-0.0989922,-0.23674
522,-0.171886,-0.185326,-0.195181
523,0.117512,0.0663435,0.208303
524,0.306612,0.25729,0.266996
525,0.386396,0.26897,0.388491
526,0.72753,0.57071,0.230999
527,-0.111836,-0.036519,-0.105441
528,0.0310952,0.0562433,-0.0450938
529,0.220254,0.138837,0.355738
530,-0.129643,-0.161256,-0.214385
531,0.311387,0.260446,0.239918
532,0.142964,0.0320023,0.276594
533,0.0793467,0.0345351,0.107647
534,0.099943,0.107543,-0.00201088
535,0.175165,0.128691,0.313184
536,0.194384,0.204398,0.305819
537,0.282051,0.383017,0.322991
538,0.0726939,0.117522,0.259051
539,-0.159185,-0.101705,-0.195669
540,-0.0917269,-0.0436816,-0.0507808
541,0.869814,0.455325,0.615299
542,0.41824,0.55668,0.267276
543,0.3585,0.332067,0.398398
544,0.856304,1.24684,1.12767
545,-0.0292977,-0.0710402,0.0479069
546,0.281148,0.210156,0.293054
547,0.439694,0.177894,0.131265
548,0.130339,0.0635411,-0.0233061
549,0.171916,0.175134,0.163203
550,-0.0764109,-0.0296342,-0.00410858
551,-0.0642274,-0.0664366,-0.0235299
552,0.509445,0.368923,0.784102
553,0.235811,0.119979,0.39317
554,0.448526,0.299527,0.41959
555,0.821144,0.628655,0.901639
556,0.300964,0.190061,0.298793
557,0.158401,0.0824286,0.125154
558,0.820708,0.481649,0.898068
559,0.333953,0.183231,-0.107892
560,0.137461,0.133835,0.301368
561,-0.0519147,-0.119985,-0.117759
562,-0.142088,-0.132723,-0.208032
563,0.142752,0.214873,-0.0211361
564,-0.0841059,-0.0454115,-0.00515053
565,0.526038,0.692464,0.817737
566,-0.0390012,0.00743827,-0.00521473
567,0.514318,0.595919,0.357375
568,-0.231633,-0.204698,-0.240458
569,0.16228,0.0408147,0.30841
570,0.14747,0.0763384,0.0889007
571,0.8589,0.675236,0.81857
572,-0.216089,-0.184635,-0.245464
573,0.0937486,0.0737652,-0.156693
574,0.299679,0.184448,0.138679
575,0.237643,0.420219,0.46313
576,-0.226862,-0.221963,-0.27815
577,0.491399,0.448439,0.565062
578,0.148819,0.11711,0.0912712
579,-0.0357002,-0.0742535,-0.101652
580,0.431373,0.484433,0.323979
581,0.410415,0.314847,0.34095
582,-0.0812006,-0.0660881,-0.0320073
583,0.959202,0.99612,1.44667
584,-0.0648923,-0.0407704,-0.0667736
585,0.111395,0.118076,0.200927
586,0.837441,0.460936,0.637249
587,0.0175241,0.0636497,-0.0098005
588,0.109808,-0.0530398,0.15242
589,0.639212,0.535029,0.970314
590,0.687371,0.835657,0.62705
591,0.447808,0.350106,0.322397
592,-0.0071507,-0.00706139,-0.10472
593,-0.0422911,0.00165981,-0.0857894
594,0.125069,0.249684,0.148282
595,0.139584,0.0779397,0.196283
596,-0.11484,-0.134765,-0.141553
597,0.715273,0.489824,0.828856
598,0.314396,0.354403,0.324785
599,0.819695,0.677461,0.64478
600,0.126373,0.158807,0.134127
601,0.315377,0.36087,0.354917
602,-0.144564,-0.0346844,-0.0879901
603,0.207889,0.142424,0.206585
604,0.33832,0.364303,0.427136
605,0.339141,0.241219,0.310554
606,0.710371,0.515467,0.557075
607,-0.0780683,-0.0983587,0.0510988
608,0.0641383,0.0190098,0.143948
609,0.321709,0.334441,0.481101
610,0.954647,0.609916,0.515962
611,0.758104,0.508179,0.9199
612,0.590777,0.454992,0.52585
613,0.74691,0.32012,0.0541332
614,0.66156,0.556968,0.396166
615,0.572615,0.505323,0.49799
616,0.30757,0.206058,0.31572
617,1.05146,0.67962,1.30884
618,0.039788,0.123651,0.0347506
619,-0.125662,-0.0694689,-0.163319
620,0.131997,0.0980995,0.198796
621,0.230266,0.0974095,0.1341
622,0.0411408,0.0244275,0.0329812
623,-0.0402259,-0.0315994,-0.119968
624,0.0938442,0.0635396,0.151547
625,0.495157,0.347498,0.137753
626,0.618326,0.602488,0.642564
627,-0.028668,-0.05281,0.0179687
628,-0.15766,-0.12185,-0.189865
629,0.94814,0.667399,1.19058
630,-0.0720895,-0.0112048,-0.109291
631,0.376481,0.429488,0.331184
632,0.479163,0.285074,0.535456
633,0.244687,0.278176,0.11142
634,0.0305833,0.0250993,0.015165
635,0.127386,0.147565,0.0418032
636,0.554322,0.576216,0.295614
637,0.40455,0.262041,0.213897
638,0.458653,0.305001,0.352125
639,0.358382,0.28088,0.51101
640,0.215619,0.228451,0.08406
641,-0.0135472,-0.0013861,-0.0309158
642,0.290234,0.210973,0.196544
643,1.04446,0.860681,0.718749
644,0.281149,0.20408,0.218049
645,-0.199005,-0.160948,-0.2342
646,0.0614151,0.142284,0.132243
647,0.792109,0.714879,0.675763
648,0.524026,0.409146,0.625867
649,0.632664,0.525407,0.553761
650,0.717139,1.10778,0.413817
651,-0.112929,-0.0868255,-0.0867428
652,0.405934,0.308071,0.171996
653,0.365602,0.434948,0.273945
654,0.0850344,0.104478,0.160703
655,0.215489,0.214423,0.483197
656,0.639642,0.404686,0.904552
657,0.045208,-0.0145086,-0.0980294
658,0.107703,0.0250115,-0.0441824
659,0.607415,0.432449,0.901743
660,0.51372,0.392127,0.401711
661,-0.155298,-0.0896072,-0.112552
662,-0.0232673,0.00443482,-0.040648
663,0.597518,0.419179,0.739184
664,0.450189,0.474568,0.372837
665,0.475909,0.4496,0.241918
666,-0.16401,-0.212768,-0.172032
667,0.447743,0.436768,0.30864
668,0.335131,0.164089,0.180027
669,0.411413,0.347391,0.16682
670,0.769417,0.558278,1.06859
671,0.415715,0.286294,0.162178
672,0.227344,0.275699,0.121736
673,0.667163,0.657784,0.921325
674,0.849144,0.759412,0.998908
675,0.03225,-0.0180516,0.00831948
676,0.252438,0.268214,0.027783
677,0.362984,0.35129,0.244437
678,0.136783,0.129974,0.212627
679,0.413659,0.618014,0.321417
680,0.358141,0.360128,0.396861
681,0.644572,0.797341,0.804129
682,0.0195973,0.0735783,-0.0197211
683,0.792887,0.419725,0.434821
684,0.473594,0.266817,0.0460966
685,0.70618,0.46743,0.816342
686,0.261582,0.188448,0.224793
687,0.645112,0.537584,0.900508
688,0.189622,0.219379,0.091953
689,0.0715582,0.0364689,0.0341309
690,-0.0818735,-0.0513023,-0.0821212
691,0.792287,0.739991,0.433541
692,0.949327,0.636971,0.461594
693,0.506228,0.460449,0.719807
694,0.0253438,-0.0140823,-0.0197447
695,0.173975,0.276927,0.327478
696,-0.163304,-0.161608,-0.166927
697,0.210693,0.12642,-0.0249994
698,0.0217669,0.0735181,0.0473666
699,1.06153,1.02909,1.06091
700,0.0222883,-0.101571,0.282497
701,0.296302,0.114647,0.024984
702,0.64135,0.483874,0.299858
703,0.625205,0.491938,0.566561
704,0.171085,0.118024,0.652272
705,0.048111,0.0528621,-0.0426883
706,0.20635,0.147248,-0.0596377
707,-0.112973,-0.0797056,-0.0712544
708,-0.098351,-0.0979132,-0.13349
709,0.365652,0.326621,0.40924
710,0.133878,0.0433192,0.18707
711,0.138646,0.147934,0.170916
712,-0.165228,-0.157585,-0.258026
713,0.223142,0.177968,0.0464278
714,0.611516,0.465063,0.736712
715,0.274994,0.114487,0.0553679
716,0.779684,0.353667,0.776327
717,-0.0522985,-0.0136143,-0.0407078
718,0.543119,0.548497,0.377476
719,-0.246771,-0.268729,-0.308773
720,-0.203074,-0.172144,-0.152154
721,0.671291,0.679167,0.907282
722,0.486794,0.354349,0.207559
723,0.452315,0.437329,0.339804
724,0.0372605,0.0601379,-0.037836
725,0.201782,0.128381,0.32223
726,-0.0632321,0.00531867,0.0303439
727,1.00599,0.72438,1.17728
728,0.597245,0.464561,0.235104
729,0.157512,0.183646,0.421941
730,-0.103857,-0.0560262,-0.207095
731,0.0333243,0.108379,0.00944955
732,-0.0384909,-0.0280116,-0.0939345
733,0.550649,0.480884,0.552427
734,0.349571,0.264305,0.277896
735,0.434622,0.307564,0.380809
736,-0.195953,-0.186725,-0.12233
737,0.326512,0.144384,0.241148
738,0.456788,0.293054,0.332375
739,0.0770651,0.0423286,-0.173223
740,-0.0932976,-0.058979,-0.113287
741,0.526993,0.500088,0.636663
742,0.55234,0.398767,0.245162
743,0.522327,0.320769,0.188643
744,0.129339,0.03278,0.0777634
745,0.0210759,0.0807659,-0.0256698
746,-0.123956,-0.0641189,-0.0604157
747,0.416053,0.327207,0.654226
748,0.123305,0.122816,-0.0396692
749,0.39393,0.544157,0.248877
750,-0.0659388,-0.0652506,-0.0802303
751,0.144035,0.0238713,-0.200122
752,-0.0667639,-0.0410822,-0.0907621
753,0.278883,0.226295,0.28043
754,0.438123,0.297657,0.285585
755,-0.222781,-0.154027,-0.203896
756,0.379567,0.493952,0.223961
757,0.257517,0.308336,0.393901
758,-0.0317789,0.0459853,-0.00402466
759,0.311148,0.207569,0.326348
760,0.421189,0.25197,0.196265
761,0.126949,0.0446231,0.156652
762,0.481021,0.299777,0.330962
763,0.117619,0.0581308,0.171054
764,0.263329,0.22094,0.277559
765,-0.127981,-0.0882242,-0.136933
766,0.495748,0.480893,0.48373
767,0.112907,0.0959659,0.368263
768,0.724182,0.394529,0.924115
769,-0.0847085,-0.0641013,-0.215202
770,0.272032,0.445446,0.297316
771,-0.0215354,-0.0329677,-0.0819895
772,0.74691,0.606367,1.05661
773,0.00915417,0.0715701,-0.0933082
774,0.721806,0.553616,0.900624
775,0.431897,0.488751,0.349423
776,0.630369,0.532787,0.840971
777,0.601213,0.789711,0.609489
778,0.825981,0.598495,0.547432
779,0.61332,0.651433,0.495781
780,0.801618,0.51449,1.18528
781,-0.0692948,-0.0857376,-0.169111
782,-0.11834,-0.0635458,-0.0688407
783,0.39237,0.41432,0.214929
784,0.115332,0.0899471,0.145227
785,-0.000633111,-0.0299046,-0.00339093
786,0.305667,0.265225,0.433447
787,0.471466,0.453518,0.0714987
788,-0.113558,-0.0875463,-0.195528
789,0.316842,0.194938,0.149775
790,-0.0832681,-0.13089,-0.187267
791,0.28483,0.160167,0.3025
792,-0.0630112,-0.082349,0.0629431
793,0.833497,0.835688,1.11317
794,0.38946,0.173395,0.119526
795,-0.0552404,-0.0518517,-0.162822
796,0.297097,0.0944049,0.263333
797,0.808575,0.849839,0.952173
798,0.537491,0.256457,0.206181
799,0.366257,0.221383,0.045884
800,-0.189026,-0.193785,-0.248512
801,0.182699,0.129992,0.0271207
802,0.482124,0.457599,0.335941
803,0.439583,0.442614,0.244568
804,0.790161,0.573358,0.217529
805,0.188975,0.143229,0.293047
806,0.368933,0.31691,0.261064
807,0.0277037,0.0775073,-0.145769
808,0.122869,0.0785715,0.282796
809,0.746109,0.629306,0.479125
810,0.383505,0.357608,0.128003
811,-0.14759,-0.0854844,-0.141159
812,1.01879,0.722556,0.627667
813,0.193631,0.0647857,0.488264
814,0.21615,0.203631,0.104269
815,0.203581,0.244807,0.160964
816,0.362754,0.232872,0.426091
817,0.0391485,-0.0226907,0.311837
818,-0.0584622,-0.05757,-0.123308
819,0.581906,0.517155,0.767904
820,0.724679,0.480218,0.875224
821,-0.079455,-0.098283,-0.1821
822,0.475247,0.52302,0.238943
823,0.197471,0.167992,0.141688
824,-0.00811551,-0.0787128,-0.0826418
825,0.242996,0.381089,0.436275
826,0.422477,0.30452,0.136867
827,0.240208,0.356823,0.233359
828,0.730679,0.813184,0.517555
829,0.832444,0.740036,1.27296
830,-0.122742,-0.144708,-0.196854
831,0.317728,0.187917,0.0728157
832,0.19788,0.120215,0.267756
833,0.73311,0.65759,0.560149
834,0.175369,0.166326,0.0125409
835,-0.0514893,-0.0556672,-0.104872
836,0.216743,0.220406,0.144859
837,0.444157,0.264317,0.416549
838,0.190509,0.172026,0.32292
839,0.262806,0.132799,0.29563
840,0.313481,0.343386,0.522588
841,-0.159534,-0.127997,-0.21391
842,-0.0991021,-0.0498252,-0.10404
843,0.20928,0.10877,0.204549
844,0.320183,0.165878,-0.0579184
845,0.127752,0.159091,0.09324
846,0.25157,0.317469,0.107328
847,0.584212,0.502687,0.248505
848,0.565637,0.579909,0.46875
849,0.561306,0.431149,0.141059
850,0.0177754,0.0869154,-0.0218774
851,0.791648,0.644888,0.815813
852,0.246993,0.225052,0.168085
853,0.637144,0.542027,0.792594
854,0.484775,0.245944,0.131097
855,0.31391,0.153471,0.207327
856,0.325275,0.236356,0.272225
857,0.472023,0.381746,0.226809
858,0.496951,0.349113,0.0622963
859,0.301788,0.217381,0.369015
860,0.716147,0.509968,0.30536
861,0.893375,0.582102,0.636291
862,-0.247625,-0.185478,-0.195797
863,0.0662743,0.0481223,-0.0297208
864,0.269702,-0.0387827,-0.115283
865,0.329472,0.211592,0.375596
866,-0.225278,-0.155319,-0.118408
867,0.472727,0.666057,0.741177
868,0.744119,0.602678,0.38441
869,0.370776,0.10935,0.184383
870,-0.0376379,0.0365293,-0.151878
871,0.0294531,-0.0469144,-0.00326186
872,0.518132,0.512197,0.673553
873,0.67016,0.526377,0.957319
874,0.408951,0.235594,0.234726
875,0.227837,0.221061,0.338683
876,0.5112,0.543901,0.344945
877,0.440182,0.371439,0.0409264
878,0.847678,0.651264,0.780079
879,-0.193473,-0.16413,-0.323636
880,-0.0980273,-0.0437662,-0.151963
881,0.709358,0.572949,-0.0129646
882,0.145329,0.098311,0.195465
883,0.264247,0.148209,0.0419868
884,0.529158,0.459419,0.609083
885,0.699494,0.60898,0.436422
886,0.742972,0.660478,0.495031
887,0.582813,0.31431,1.0536
888,0.546781,0.508941,0.660978
889,0.169212,0.109069,0.0498453
890,0.478519,0.340051,0.100647
891,-0.154632,-0.171637,-0.232199
892,-0.0160297,0.0404767,-0.0618659
893,0.667266,0.702027,0.781904
894,0.819935,0.76659,1.01483
895,0.789422,0.632425,0.555497
896,0.951561,0.724434,0.523574
897,0.426648,0.44479,0.278581
898,0.934073,0.630112,0.900336
899,0.582586,0.233695,0.210005
900,0.0262634,0.122094,-0.0598759
901,-0.026017,-0.0218778,-0.120076
902,0.0677953,0.0818905,0.159442
903,-0.119658,-0.0685247,-0.158367
904,0.664244,0.39842,0.32547
905,-0.143822,-0.185106,-0.204961
906,0.00350699,0.0399216,0.00331965
907,0.203319,0.0868864,-0.00199287
908,0.690181,0.806932,0.842245
909,-0.192278,-0.0945221,-0.217734
910,0.646213,0.60165,0.777205
911,0.129406,0.0478678,0.238188
912,0.310467,0.234652,-0.00254205
913,0.532168,0.52904,0.35039
914,-0.0956082,-0.0921165,-0.134321
915,0.0287235,0.0665806,-0.0131183
916,0.169739,0.0515614,0.231149
917,0.200651,0.117167,0.153794
918,0.677691,0.206919,0.229216
919,0.509902,0.278811,0.291748
920,0.729267,0.524379,0.497659
921,0.390034,0.40527,0.393042
922,0.326141,0.556164,0.339399
923,0.0690281,0.111695,0.0853051
924,0.650259,0.781811,0.965889
925,0.0589751,0.119779,0.0304683
926,0.263291,0.209478,0.412292
927,0.444059,0.171861,-0.000471889
928,0.483857,0.640513,0.394021
929,-0.0503439,0.0355784,-0.0433912
930,-0.103611,-0.0606131,-0.161647
931,0.40739,0.246363,0.331645
932,-0.0608224,0.00433161,-0.108125
933,-0.0792653,-0.0473383,-0.133986
934,0.158372,0.176131,0.144985
935,-0.0848072,-0.0505494,-0.113077
936,-0.150812,-0.102167,-0.235988
937,0.864451,0.686222,1.08631
938,0.22847,0.287577,0.253482
939,-0.00180973,0.0936653,-0.111087
940,0.279116,0.314959,0.169018
941,0.371694,0.344983,0.401062
942,0.220818,0.106026,0.429316
943,0.35506,0.4127,0.318429
944,0.394964,0.428221,0.717805
945,0.0953104,0.0339184,0.306952
946,0.786165,0.585365,0.375611
947,-0.080284,-0.0189806,-0.0773454
948,0.856223,0.555123,0.973394
949,0.261908,0.19812,0.0323553
950,0.532729,0.478148,0.385581
951,0.493902,0.310902,0.3894
952,0.486456,0.375937,0.60692
953,-0.208314,-0.156377,-0.170448
954,0.591085,0.576076,0.387355
955,-0.0578591,-0.0667481,-0.067464
956,-0.186687,-0.17052,-0.277519
957,-0.110815,-0.0687098,-0.129576
958,0.518268,0.302474,0.546356
959,0.958997,0.740837,1.29973
960,0.461536,0.31163,0.309154
961,-0.0769915,-0.0280734,-0.10025
962,-0.192967,-0.180558,-0.221375
963,-0.0550834,0.0410037,-0.0735453
964,0.223036,0.0235928,-0.0613041
965,0.319686,0.253356,0.492303
966,0.326048,0.29815,0.50081
967,0.223331,-0.00325094,0.0252365
968,0.669876,0.72305,0.454656
969,-0.069669,-0.077515,-0.125831
970,0.63145,0.519973,0.688262
971,0.272977,0.205175,0.416145
972,-0.094134,-0.0857322,-0.197045
973,-0.102407,-0.0311358,-0.0125361
974,0.815766,0.446107,0.806441
975,0.501157,0.314822,0.798269
976,0.0130021,0.0779136,-0.0594655
977,0.453961,0.225665,0.125011
978,0.321156,0.199564,0.233489
979,0.823008,0.798742,1.02908
980,-0.134201,-0.0593272,-0.0966932
981,0.0117866,0.00819845,0.0181813
982,0.218066,0.0653205,-0.0793517
983,0.0105185,0.0216738,0.0438064
984,1.04548,0.605188,0.612158
985,0.266081,0.0393271,0.205658
986,0.164366,0.0870654,-0.166863
987,-0.172333,-0.1027,-0.214378
988,0.187088,0.250241,0.412112
989,0.197329,0.0640115,0.420663
990,0.305402,0.337071,0.479703
991,0.549661,0.401467,0.802663
992,0.286106,0.225032,0.26283
993,0.434632,0.206672,0.113829
994,-0.14962,-0.100361,-0.191474
995,0.113491,0.065073,0.0658728
996,1.04129,0.679273,0.626311
997,0.331239,0.267699,0.269465
998,0.421212,0.264513,0.527422
999,-0.0163327,-0.0198974,-0.0730157
1000,0.306017,0.183009,0.145874
1001,-0.142184,-0.0796728,-0.210241
1002,0.293142,0.303668,0.544589
1003,0.548879,0.774406,0.387205
1004,0.871078,0.688318,1.04667
1005,-0.0985775,0.0187826,-0.126301
1006,0.317509,0.133373,-0.103051
1007,0.0924385,-0.0538644,0.0732592
1008,0.383839,0.374016,0.197854
1009,0.208105,0.118678,0.112961
1010,-0.124956,-0.125701,-0.139932
1011,-0.263421,-0.206444,-0.22071
1012,0.307117,0.214672,0.133849
1013,0.808533,0.826912,1.03005
1014,0.34887,0.301005,0.20763
1015,0.536698,0.549705,0.358009
1016,-0.208515,-0.133362,-0.210784
1017,0.497386,0.290662,0.455556
1018,-0.0801813,-0.0707396,-0.0422722
1019,0.533441,0.257719,0.227355
1020,0.605053,0.606158,0.589499
1021,0.33996,0.246481,0.285628
1022,0.0667948,0.0932152,0.253811
1023,0.11018,0.081344,0.201109
1024,0.0654497,0.00117175,0.0346009
1025,0.690077,0.358751,0.486187
1026,0.26256,0.0962101,0.0803316
1027,-0.182457,-0.145153,-0.257345
1028,-0.00301821,-0.0813447,0.124035
1029,-0.0616118,-0.014804,-0.0448235
1030,-0.130626,-0.0711911,-0.0724435
1031,0.876537,0.703851,1.22161
1032,0.817975,0.705358,0.972936
1033,0.144692,0.0668505,0.351454
1034,0.484665,0.320553,0.421487
1035,0.0515997,0.0414173,0.10468
1036,0.198523,0.11583,0.222745
1037,0.180987,0.0800781,0.274722
1038,-0.128314,-0.122778,-0.228499
1039,0.929593,0.487229,0.4982
1040,-0.0713995,-0.0803632,-0.117423
1041,0.188717,0.23712,0.165206
1042,0.072222,-0.00983296,0.229766
1043,-0.0212538,0.00914141,0.0020294
1044,0.453789,0.339604,0.513852
1045,0.0308275,0.00937751,0.134809
1046,0.421267,0.50898,0.433286
1047,0.255063,0.256556,0.0456512
1048,-0.10913,-0.102621,-0.170133
1049,-0.203669,-0.198957,-0.268233
1050,0.334057,0.24802,0.269554
1051,0.038184,0.0167742,-0.0650748
1052,0.332165,0.451421,0.392303
1053,0.149404,0.108387,0.0378658
1054,0.562322,0.619619,0.255467
1055,0.549187,0.348837,0.765455
1056,0.150678,0.000425529,0.285663
1057,0.238215,0.222847,0.236636
1058,0.370112,0.251893,0.446506
1059,0.0718497,0.0555439,-0.203522
1060,0.374161,0.175324,0.326215
1061,0.980808,0.911749,0.567777
1062,0.397791,0.487096,0.225704
1063,0.175769,0.109483,0.207546
1064,-0.076594,-0.0729606,-0.134562
1065,0.0480732,0.105861,0.250207
1066,-0.0518927,-0.0362123,-0.0288416
1067,-0.0122135,-0.0507897,0.0113568
1068,0.444236,0.668485,0.309129
1069,0.674329,0.321112,0.633233
1070,-0.0281663,0.0439019,-0.00237235
1071,0.198845,0.110421,0.0445999
1072,-0.0450516,0.00866218,-0.115446
1073,0.516451,0.520031,0.340994
1074,0.214507,0.214218,0.106205
1075,0.428986,0.205907,0.180414
1076,-0.0487613,-0.0345821,-0.0373086
1077,0.718737,0.45925,0.808606
1078,0.235037,0.124677,0.353198
1079,0.337887,0.416858,0.345022
1080,0.58078,0.420948,0.812705
1081,0.612988,0.557857,0.955101
1082,0.231786,0.0844832,0.245194
1083,-0.0347331,-0.0706485,0.0252131
1084,0.466527,0.358969,0.470693
1085,0.276032,0.14202,0.139205
1086,0.716131,0.367354,0.316578
1087,-0.0501088,0.00487344,-0.0529726
1088,0.0835326,0.0534667,-0.0217176
1089,0.0305384,-0.125137,0.204188
1090,0.167991,0.0610791,-0.0633328
1091,0.472189,0.340434,0.349544
1092,0.791648,0.936787,1.14848
1093,0.780534,0.374225,0.373513
1094,0.586841,0.362539,0.500925
1095,0.422356,0.210432,0.369036
1096,0.136344,0.0783981,-0.101065
1097,0.170901,0.200955,0.161373
1098,-0.0514653,0.0105997,-0.0508005
1099,0.00895426,-0.0188238,0.00453923
1100,0.248405,0.268512,0.195751
1101,0.32052,0.366902,0.105128
1102,0.71395,0.737273,1.06727
1103,0.335464,0.110933,0.177213
1104,0.23336,0.137389,0.544739
1105,0.606262,0.461714,0.271548
1106,0.512061,0.347397,0.250909
1107,0.824325,0.701454,0.699257
1108,0.916891,0.698845,0.840161
1109,0.45302,0.381171,1.06222
1110,0.226991,0.241431,0.588269
1111,0.766198,0.714165,0.914075
1112,0.567403,0.482488,0.90224
1113,0.676206,0.405409,0.596714
1114,0.639475,0.583716,0.873536
1115,0.330279,0.214438,-0.041736
1116,0.431509,0.242387,0.49633
1117,-0.0590595,0.0568824,0.0477695
1118,-0.084807,-0.124728,-0.155509
1119,0.843618,0.771207,0.911896
1120,0.33283,0.441267,0.232051
1121,0.0114247,-0.0144008,-0.0397689
1122,0.121748,0.0484942,0.259056
1123,0.44637,0.327526,0.42414
1124,0.398154,0.313801,0.207258
1125,0.272675,0.218151,0.155045
1126,0.136828,0.0803762,-0.0974082
1127,0.0556516,-0.00673433,-0.11121
1128,-0.160046,-0.177085,-0.163942
1129,0.359046,0.209556,0.333034
1130,0.256917,0.230171,0.192612
1131,0.0568437,0.0271056,-0.150042
1132,0.44493,0.286537,0.558361
1133,0.502335,0.302627,0.367494
1134,0.368119,0.159607,0.0139705
1135,0.846749,0.509383,0.814635
1136,0.213582,0.127507,0.297564
1137,-0.0792845,-0.0233977,-0.0908607
1138,0.600877,0.356976,0.918441
1139,0.542159,0.505069,0.443125
1140,0.436949,0.387356,0.167486
1141,0.123155,0.111501,-0.00872017
1142,0.501911,0.513152,0.333933
1143,0.360629,0.321596,0.0701554
1144,0.328756,0.321352,0.280089
1145,0.203698,0.250788,0.354089
1146,0.5554,0.428389,0.256605
1147,-0.0630377,-0.0165871,-0.0963864
1148,0.69655,0.494872,0.459737
1149,-0.11038,-0.0515002,-0.183279
1150,0.366632,0.315515,0.392193
1151,0.248317,0.166967,0.0527085
1152,0.896017,0.570172,0.703505
1153,0.444136,0.444613,0.0464579
1154,1.06754,0.618209,0.863989
1155,0.0209572,-0.000491279,-0.00214546
1156,0.0371759,0.0730961,-0.0411567
1157,0.619152,0.516176,0.97111
1158,0.580671,0.500527,0.388401
1159,0.117306,0.117645,0.27309
1160,0.0723789,0.103355,-0.0299077
1161,0.249129,0.180124,0.0344049
1162,0.295477,0.237647,0.0693283
1163,0.807617,0.70971,0.560973
1164,0.831516,0.648555,0.918008
1165,-0.0152372,0.146488,0.0350189
1166,0.644854,0.375211,0.280918
1167,0.266766,0.195603,0.44813
1168,0.231296,0.169197,0.419322
1169,0.267839,0.158619,-0.0529156
1170,0.177998,0.213351,0.159109
1171,0.953105,0.868078,0.590501
1172,-0.192187,-0.166905,-0.273808
1173,0.558679,0.422076,0.255684
1174,0.763257,0.550596,0.444626
1175,0.293717,0.146281,0.143315
1176,0.774468,0.841489,0.409809
1177,0.102966,0.134715,0.267304
1178,0.370127,0.269993,0.20955
1179,0.924295,0.727983,1.08733
1180,0.161802,0.113493,-0.0125574
1181,-0.0734124,-0.130377,-0.155413
1182,0.130114,0.064368,0.312593
1183,0.0642942,0.0798884,0.0558754
1184,0.132555,0.00379692,-0.178589
1185,0.436683,0.544895,0.356141
1186,0.00100319,0.00193314,-0.186048
1187,0.307296,0.529696,0.330731
1188,0.447315,0.451612,0.459847
1189,0.290075,0.313337,0.361755
1190,0.187858,0.0439525,0.115651
1191,0.162073,0.177367,0.122913
1192,0.464296,0.310215,0.599861
1193,0.696637,0.562407,0.720891
1194,0.85598,0.818846,0.838711
1195,0.968228,0.971638,1.03079
1196,0.529956,0.492367,0.50721
1197,0.16709,0.118486,0.0685722
1198,0.552585,0.10441,0.528315
1199,-0.00720476,0.0208842,-0.0708487
1200,0.671203,0.644935,0.768035
1201,0.247873,0.104003,0.149007
1202,0.223801,0.0842731,0.136216
1203,0.601537,0.619317,0.5553
1204,0.0555732,0.0136428,-0.0678247
1205,-0.129091,-0.0822379,-0.20631
1206,0.854368,0.63433,1.02384
1207,-0.115405,-0.0883825,-0.144837
1208,0.206045,0.171048,0.346248
1209,0.0137936,-0.00454666,-0.0248105
1210,0.713996,0.770414,0.73878
1211,0.572972,0.341347,0.320903
1212,0.737532,0.67277,0.913458
1213,-0.190507,-0.172429,-0.258812
1214,0.685478,0.593152,0.316375
1215,0.238786,0.150875,0.338338
1216,-0.00692659,0.031107,-0.0600994
1217,0.145115,0.0269724,0.277508
1218,0.801066,0.840203,1.08295
1219,0.268974,0.29546,0.157046
1220,0.0754252,0.108343,0.0856708
1221,0.847607,0.745576,1.04736
1222,0.709636,0.422441,0.678607
1223,-0.113475,-0.0696124,-0.143471
1224,0.311935,0.269514,0.0296856
1225,0.0854689,0.0660178,0.162608
1226,0.597186,0.407437,0.526525
1227,-0.0720764,-0.0247878,-0.0857541
1228,0.802511,0.40655,0.46553
1229,0.48537,0.481449,0.383211
1230,0.021841,-0.020687,0.229929
1231,0.185204,0.227955,0.111716
1232,0.347094,0.21645,0.306901
1233,0.475285,0.314423,0.421652
1234,-0.0853937,-0.0700921,-0.0986594
1235,0.663859,0.195004,-0.00712581
1236,0.383875,0.373395,0.318942
1237,0.592335,0.386046,0.565678
1238,0.0856428,0.0214922,0.204432
1239,-0.0842895,-0.0726555,-0.148439
1240,0.143683,0.100194,0.156307
1241,0.157072,0.199384,0.0817276
1242,0.199551,0.152922,0.446997
1243,-0.104233,-0.0982428,-0.130192
1244,0.536132,0.381641,0.736182
1245,-0.18174,-0.210088,-0.200247
1246,0.209111,0.0838192,-0.0602937
1247,0.182655,0.155769,0.0903214
1248,-0.1862,-0.163323,-0.244835
1249,0.00803973,0.053081,0.117083
1250,0.0845606,0.0418076,0.185597
1251,-0.123033,-0.0763654,-0.128595
1252,0.365877,0.315969,0.309965
1253,-0.0667791,-0.0239432,0.0154254
1254,0.21792,0.129861,0.422333
1255,-0.124418,-0.117453,-0.153469
1256,0.672744,0.603411,0.839696
1257,0.329814,0.199235,0.284383
1258,-0.0803586,-0.0474815,0.03522
1259,0.18753,0.195753,0.33531
1260,0.283044,0.307929,0.215858
1261,0.826585,0.630554,0.983826
1262,0.369296,0.410143,0.422183
1263,0.7028,0.512962,0.81231
1264,0.00468141,0.0497552,-0.019648
1265,0.529868,0.24933,0.438606
1266,-0.121816,-0.108424,-0.0533186
1267,-0.148815,-0.0955848,-0.185491
1268,0.154259,-0.0177545,0.202069
1269,0.239621,0.289177,0.511817
1270,-0.0361493,-0.00862474,-0.0169302
1271,0.568068,0.2617,0.330387
1272,-0.00540562,0.216917,0.294836
1273,0.513655,0.313128,0.749495
1274,0.785214,0.433582,0.971402
1275,-0.074689,-0.0941686,-0.11713
1276,0.73056,0.739926,0.908101
1277,0.581379,0.510796,0.428173
1278,-0.0750955,-0.0434712,-0.131719
1279,0.308139,0.217633,0.157275
1280,0.71946,0.772815,0.70527
1281,0.00484976,0.0317811,-0.0546724
1282,0.115118,0.0380235,0.078746
1283,0.026937,0.0275693,0.254098
1284,-0.0900654,-0.0855162,-0.0951685
1285,0.308711,0.210831,0.357083
1286,0.0182555,-0.03022,-0.113046
1287,-0.0823872,-0.0102073,-0.0712042
1288,0.660496,0.466957,0.608654
1289,-0.0847824,-0.0343824,-0.0315766
1290,-0.0171421,0.0198375,0.0179671
1291,0.143488,0.0761256,0.307809
1292,0.197611,0.193352,0.0686123
1293,0.352355,0.305357,0.830612
1294,0.147274,0.0814253,0.0230849
1295,0.225001,0.349209,0.216933
1296,-0.170037,-0.186455,-0.279157
1297,-0.159189,-0.105384,-0.122047
1298,-0.0480461,-0.0322714,-0.118031
1299,0.019511,0.0563633,0.0881947
1300,0.282379,0.284276,0.326256
1301,0.220279,0.132309,0.0886273
1302,0.25111,0.0902821,0.418512
1303,0.0506711,0.20644,0.319387
1304,-0.170469,-0.090703,-0.202325
1305,0.680153,0.433315,0.993168
1306,0.529336,0.362898,0.61327
1307,0.809288,0.652497,1.13492
1308,0.454132,0.170846,0.220891
1309,0.235564,0.214687,0.13112
1310,-0.198592,-0.246901,-0.238593
1311,0.199273,0.180642,0.186518
1312,0.611797,0.483296,0.616521
1313,-0.0978303,-0.0392799,-0.0870527
1314,0.161141,0.0762282,0.351691
1315,0.769545,0.818614,0.915083
1316,0.444352,0.397141,0.31383
1317,0.403001,0.248431,0.290408
1318,1.0005,0.986464,1.40716
1319,0.0577111,0.0756076,-0.081746
1320,0.31551,0.336331,0.550427
1321,0.367117,0.224387,0.34932
1322,-0.116963,-0.0806429,-0.113061
1323,0.620769,1.13379,1.13882
1324,-0.0211142,0.018983,-0.0208928
1325,-0.0425938,-0.0412555,0.0505504
1326,0.683063,0.65215,0.705594
1327,0.432235,0.110553,0.197523
1328,0.25012,0.200873,0.0732823
1329,0.590187,0.427578,0.478326
1330,0.330319,0.30538,0.306876
1331,0.409917,0.25716,0.147726
1332,0.057346,-0.0133876,0.279061
1333,0.199969,0.178025,-0.00557428
1334,-0.00179801,0.0793483,0.035487
1335,0.477206,0.398116,0.790789
1336,0.066786,0.0339047,0.229748
1337,0.290289,0.183162,0.238064
1338,0.153936,0.134497,0.278355
1339,0.185445,0.164569,0.436589
1340,-0.0122188,0.0044354,0.0837068
1341,0.0766675,0.0855788,-0.0459745
1342,0.127222,0.0459322,0.27184
1343,0.843654,0.726937,0.709236
1344,0.160979,0.153341,0.0635215
1345,0.406695,0.416105,0.2654
1346,0.348431,0.377371,0.339336
1347,0.263976,0.354676,0.25921
1348,0.334373,0.130921,-0.136375
1349,0.0459168,0.0590736,0.0877736
1350,0.408778,0.181042,0.549945
1351,0.318028,0.160005,0.326012
1352,0.412456,0.445195,0.329936
1353,0.396151,0.412637,0.301899
1354,0.26777,0.185494,0.126498
1355,0.305499,0.275778,0.213118
1356,0.859886,0.678258,0.111384
1357,-0.1355,-0.146131,-0.18666
1358,0.603833,0.358139,0.584849
1359,0.0976133,-0.0649927,0.261689
1360,0.207782,0.362268,0.396143
1361,-0.151657,-0.0855097,-0.0878524
1362,0.774971,1.16377,0.90547
1363,0.0868931,0.050593,0.0570541
1364,-0.145455,-0.116768,-0.212387
1365,0.739352,0.606406,0.57591
1366,-0.0610932,0.0109253,-0.0934133
1367,0.817068,0.747389,0.48143
1368,0.0843768,0.0268671,0.0621259
1369,0.0657697,0.0536823,-0.0396375
1370,0.0963657,0.0730854,0.345301
1371,0.768273,0.411223,0.177848
1372,-0.110511,-0.0806813,-0.0842546
1373,0.512507,0.394535,0.43529
1374,0.583582,0.447449,0.684012
1375,0.743197,0.567194,0.678542
1376,0.293598,0.346544,0.328872
1377,0.117097,0.0618328,0.08619
1378,0.466243,0.355599,0.325025
1379,-0.0373296,-0.0473398,-0.0632608
1380,-0.0238397,-0.109018,-0.133957
1381,0.560066,0.451604,0.283934
1382,0.425963,0.310902,0.256164
1383,-0.0815347,0.0471332,-0.00884487
1384,-0.0653283,-0.0557692,-0.111348
1385,0.125744,0.0584102,0.330854
1386,0.201258,0.236209,0.153962
1387,0.896566,0.518367,0.661012
1388,0.675565,0.404687,0.419157
1389,0.0661641,0.046511,0.0985891
1390,0.437314,0.252425,0.560126
1391,0.428999,0.250723,0.410225
1392,0.641658,0.767656,0.558499
1393,0.679369,0.552524,0.978037
1394,0.242657,0.175663,0.021897
1395,0.968059,0.799322,1.45469
1396,0.847184,0.986106,1.18057
1397,-0.0761844,-0.0147806,-0.107723
1398,-0.20865,-0.172304,-0.228894
1399,0.610392,0.289484,0.676743
1400,0.2712,0.262887,0.325239
1401,0.342686,0.570655,0.30603
1402,0.134134,0.0096711,0.222696
1403,0.386806,0.176081,0.370028
1404,0.301885,0.341555,0.288394
1405,0.811506,0.430228,0.558759
1406,-0.0024827,-0.00319668,-0.0484967
1407,0.11366,0.0881208,0.151097
1408,0.557628,0.388342,0.489635
1409,0.32336,0.146699,0.480768
1410,0.407607,0.321615,0.249632
1411,0.287601,0.086027,0.233418
1412,0.464406,0.275037,0.23842
1413,0.94014,0.574928,0.329393
1414,0.23018,0.210901,0.0272184
1415,0.665317,0.550744,0.673666
1416,0.314928,0.343729,0.202496
1417,0.653544,0.618542,0.694106
1418,0.497658,0.443102,0.381123
1419,0.206734,0.128421,-0.0581651
1420,-0.0947893,-0.0731362,-0.177924
1421,0.385836,0.182478,0.0850332
1422,0.565756,0.641518,0.493817
1423,0.536627,0.545603,0.876173
1424,0.43154,0.417281,-0.111176
1425,0.611544,1.03468,0.527295
1426,0.586977,0.249477,0.875485
1427,-0.0776938,0.000933172,-0.0685967
1428,0.28897,0.178206,-0.0950346
1429,0.781109,0.503763,0.968264
1430,0.783912,0.743646,1.11473
1431,0.12368,0.206997,0.25291
1432,0.529482,0.581553,0.800426
1433,0.149524,0.029131,-0.0271998
1434,0.357112,0.287895,0.359052
1435,0.30105,0.255854,0.243842
1436,0.62632,0.424194,0.237373
1437,0.0456467,0.0655334,-0.0394735
1438,0.503552,0.494721,0.348506
1439,0.677344,0.810115,0.847325
1440,0.684645,0.692836,0.779998
1441,-0.118929,-0.0622953,-0.150309
1442,0.87551,0.690804,1.23654
1443,-0.101786,-0.0445433,0.0540129
1444,0.532389,0.481431,0.670023
1445,0.0972122,0.0260553,0.0714728
1446,0.287342,0.255079,0.0871757
1447,-0.0560619,-0.0515134,-0.0605139
1448,0.509655,0.297385,0.211345
1449,0.273971,0.254127,0.516097
1450,0.550859,0.522606,0.460899
1451,-0.149715,-0.0550417,-0.159273
1452,0.165896,0.331332,0.210247
1453,0.5435,0.467386,0.302897
1454,-0.0544216,-0.0458639,0.0124881
1455,0.532196,0.321727,0.841255
1456,0.631077,0.65092,0.634497
1457,0.15458,0.00809234,0.319898
1458,-0.0477518,0.0505059,-0.0354025
1459,0.82729,0.519771,1.20645
1460,0.799503,0.631757,0.600409
1461,0.117075,0.136327,0.0608399
1462,0.21934,0.2299,0.114015
1463,0.176032,0.111677,0.187116
1464,0.5315,0.546767,0.269546
1465,0.805159,0.966876,1.16219
1466,0.281373,0.225754,0.221534
1467,0.00543972,0.0238191,0.0125944
1468,0.69178,0.420431,0.683349
1469,0.400432,0.252659,0.140187
1470,0.276233,0.301874,0.234698
1471,0.699177,0.518349,0.819835
1472,-0.125505,-0.103772,-0.116992
1473,0.699586,0.393453,0.321079
1474,0.748919,0.585561,0.930309
1475,0.300201,0.316536,0.254055
1476,0.701863,0.701541,0.642098
1477,0.338069,0.122507,0.400396
1478,0.650139,0.776372,0.677511
1479,-0.139559,-0.160107,-0.223005
1480,0.185555,0.132344,0.307672
1481,0.0763176,0.0446955,0.143586
1482,0.212594,0.3069,0.364446
1483,0.222887,0.238167,0.433396
1484,0.386604,0.267544,0.394802
1485,0.445069,0.368275,0.671037
1486,0.680561,0.51957,0.889987
1487,0.49679,0.375787,0.727988
1488,0.776778,0.767348,0.475191
1489,0.214971,0.168123,0.391315
1490,0.366135,0.418026,0.299679
1491,0.825854,0.652153,1.1244
1492,-0.0609362,0.0399312,-0.0910012
1493,-0.252992,-0.212615,-0.260288
1494,0.613305,0.509882,0.563681
1495,0.129252,-0.0464801,0.11045
1496,0.360328,0.399682,0.355561
1497,0.199823,0.123663,0.334274
1498,0.355484,0.151299,0.153613
1499,0.867628,0.619233,0.903036
1500,0.4915,0.306434,0.439374
1501,0.721325,0.348445,0.20543
1502,0.566162,0.453106,0.426753
1503,0.462286,0.748962,0.349015
1504,0.382585,0.343574,0.26984
1505,0.437838,0.454179,0.291206
1506,0.112673,0.0363861,0.088654
1507,0.344838,0.21376,0.0698535
1508,0.361222,0.196486,0.149404
1509,0.794552,0.646979,0.955394
1510,0.292284,0.301652,0.182006
1511,-0.155832,-0.143152,-0.218158
1512,-0.114868,-0.0709694,-0.216152
1513,0.0221392,0.0674739,-0.120062
1514,-0.107644,-0.0896823,-0.0728844
1515,0.806913,0.539503,0.34152
1516,-0.125131,-0.0364513,-0.00754637
1517,0.0348717,0.021506,0.135865
1518,0.198093,0.104093,0.0217748
1519,0.0952781,0.0602086,-0.033005
1520,0.437899,0.499238,0.349806
1521,0.219462,0.328255,0.438514
1522,-0.114088,-0.111239,-0.110773
1523,0.332729,0.167945,0.364365
1524,0.169139,0.165678,0.149532
1525,0.0197852,0.0872169,-0.00682968
1526,-0.0937937,-0.0805229,-0.152239
1527,-0.144763,-0.11178,-0.10459
1528,0.310077,0.257799,0.189001
1529,0.729369,0.555903,0.791492
1530,0.184637,0.169647,0.0824674
1531,0.317845,0.346748,0.283398
1532,0.281165,0.175126,-0.0667137
1533,0.477586,0.259936,0.370307
1534,-0.0749951,-0.0541789,-0.111683
1535,-0.0463339,-0.0198352,-0.0803704
1536,0.180229,0.212202,0.0449328
1537,0.158761,0.0651442,0.00935665
1538,-0.206643,-0.127042,-0.283631
1539,0.277621,0.168513,0.462507
1540,0.221473,0.0929,0.245554
1541,0.24027,0.239444,0.0166524
1542,0.530593,0.376328,0.716047
1543,0.418615,0.405675,0.398101
1544,0.171982,0.111996,0.219069
1545,0.29878,0.201659,0.13315
1546,0.244455,0.250453,0.287365
1547,-0.129596,-0.0269765,-0.121258
1548,0.371826,0.408078,0.361061
1549,-0.137109,-0.0914289,-0.131705
1550,0.87346,0.534892,0.620683
1551,0.644134,0.702138,0.415129
1552,0.576686,0.498037,0.754425
1553,0.566428,0.359821,0.438919
1554,0.0882252,-0.0553237,-0.00502582
1555,0.908123,0.861926,0.819954
1556,-0.144986,-0.104505,-0.231295
1557,0.96472,0.719509,1.2877
1558,0.263176,0.388661,0.351399
1559,-0.101678,-0.0636232,-0.114949
1560,0.173382,0.185326,0.125596
1561,-0.0573811,-0.0446493,-0.074757
1562,0.459807,0.329817,0.377429
1563,0.511933,0.26462,0.213662
1564,0.0975816,0.0542184,-0.0082028
1565,0.495897,0.273216,0.502483
1566,0.549241,0.567574,0.303267
1567,0.613305,0.600313,0.877554
1568,0.318074,0.224954,0.235095
1569,0.0597084,0.0619066,0.0532637
1570,0.811669,0.846866,1.08921
1571,-0.203785,-0.123111,-0.131284
1572,-0.168103,-0.0808356,-0.204619
1573,-0.105231,-0.0676127,-0.151702
1574,0.140571,0.0231716,0.0613152
1575,-0.257964,-0.182553,-0.209906
1576,0.82852,0.515494,0.651377
1577,1.09388,1.0266,1.22419
1578,0.196674,0.268228,0.137457
1579,0.324997,0.184607,0.261787
1580,0.00650776,0.0091594,-0.101835
1581,0.524204,0.380137,0.227503
1582,0.50781,0.507857,0.330832
1583,-0.0318064,-0.0080543,-0.124127
1584,0.172524,0.16258,0.178795
1585,0.0842633,0.0195459,0.203255
1586,0.12847,0.114464,0.298541
1587,0.0875314,0.0755468,0.154667
1588,0.0165018,0.00366961,0.145319
1589,0.171072,0.114918,0.423092
1590,0.285202,0.155835,0.384889
1591,0.0943091,0.17379,0.457871
1592,0.190506,0.0710041,0.120347
1593,0.225022,0.270102,0.501506
1594,-0.152941,-0.118828,-0.0969994
1595,0.222595,0.0774911,0.204063
1596,-0.0932306,-0.0373856,-0.0569364
1597,0.406999,0.330038,0.383268
1598,0.456876,0.301163,0.179878
1599,0.263161,0.138968,0.115394
1600,0.36027,0.195138,0.276649
1601,-0.219323,-0.154042,-0.274435
1602,0.493848,0.39159,0.663042
1603,0.662457,0.380692,0.600967
1604,0.789241,0.448434,0.779361
1605,0.711618,0.47599,0.595583
1606,0.199991,0.0815601,0.163002
1607,0.420165,0.238857,0.424761
1608,0.253935,0.265647,0.136825
1609,0.0288256,0.114192,-0.0384031
1610,0.236517,0.168664,0.159831
1611,0.172055,0.0400745,0.122105
1612,0.0302725,-0.0892117,-0.0248599
1613,0.587118,0.561301,0.58139
1614,0.729512,0.587505,0.692429
1615,0.163053,0.183496,0.269596
1616,0.133756,-0.00779662,0.22579
1617,-0.192144,-0.139413,-0.0846881
1618,0.86368,0.809684,0.504682
1619,0.0937638,0.0156819,-0.0501122
1620,0.430462,0.33565,0.281487
1621,0.55457,0.307011,0.442854
1622,0.458689,0.468959,0.290552
1623,0.0253446,0.112946,-0.10057
1624,0.529371,0.359254,0.67074
1625,0.262397,0.248275,0.520579
1626,-0.0601119,-0.0688296,-0.0603892
1627,-0.0258754,0.0234726,0.0573743
1628,0.586214,0.283395,0.55547
1629,0.336058,0.23555,0.319948
1630,0.00492574,-0.0583434,-0.126049
1631,0.184743,0.0779175,0.322348
1632,0.871193,0.91456,0.578517
1633,0.101834,-0.0301881,0.194098
1634,-0.00403348,0.0247591,0.0222515
1635,-0.0775647,-0.080473,-0.192547
1636,0.30012,0.184762,0.181472
1637,-0.105577,-0.0285581,-0.173602
1638,0.272533,0.323947,0.15785
1639,0.221407,0.141992,0.344607
1640,0.953561,1.15386,0.572647
1641,-0.0698858,-0.0368088,-0.0964157
1642,0.709933,0.640406,1.09152
1643,0.0679231,0.0708126,-0.0728666
1644,0.2734,0.097711,0.163151
1645,0.243172,0.144343,0.0449844
1646,0.412243,0.288468,0.0152456
1647,0.08419,0.0599966,0.147298
1648,0.679652,0.606188,0.653407
1649,0.592184,0.455636,0.526249
1650,0.794013,0.944177,0.685246
1651,0.629966,0.462713,0.51997
1652,0.153235,0.0459946,0.339029
1653,0.366218,0.280226,0.249232
1654,0.337963,0.0947203,0.358432
1655,-0.107646,-0.0829445,-0.201873
1656,0.337979,0.398484,0.565469
1657,0.256052,0.119774,0.0635311
1658,0.326106,0.323385,0.132031
1659,0.0727197,0.0198341,0.0472307
1660,0.417672,0.291388,0.432407
1661,0.0529324,-0.00394554,0.243002
1662,0.0255641,-0.0472909,-0.174829
1663,-0.0246664,0.0419906,0.166154
1664,0.129699,0.13388,-0.0540092
1665,0.669671,0.621153,0.665099
1666,0.609348,0.529502,0.645474
1667,-0.214182,-0.166738,-0.182848
1668,0.810295,0.411454,0.0461883
1669,0.227962,0.319822,0.208829
1670,0.797614,0.549367,1.09582
1671,0.756185,0.8035,0.648062
1672,-0.174524,-0.145016,-0.220359
1673,0.636952,0.317476,0.542648
1674,0.332403,0.287317,0.333407
1675,0.793582,0.510066,0.650199
1676,-0.080835,-0.0347135,-0.0307623
1677,-0.103309,-0.00844291,0.027606
1678,0.57851,0.486131,0.13048
1679,-0.0155442,0.0214074,0.0348148
1680,0.43252,0.155334,0.267226
1681,0.270267,0.250669,0.315348
1682,0.867209,0.814858,0.765809
1683,-0.0203203,-0.0291322,-0.10218
1684,-0.183757,-0.191411,-0.281432
1685,0.894984,0.697434,1.00378
1686,-0.145006,-0.12937,-0.200776
1687,0.379448,0.37481,0.492828
1688,0.700702,0.766604,0.600347
1689,0.211102,0.124185,0.271231
1690,-0.0543722,-0.0392502,-0.0805228
1691,-0.152514,-0.0262434,-0.110103
1692,0.721276,0.660822,1.02951
1693,0.920496,0.751354,1.19749
1694,-0.0434985,0.0845084,-0.0644188
1695,0.138001,0.0952996,0.185491
1696,0.371754,0.185405,-0.0361702
1697,0.145307,0.123419,0.208385
1698,0.691299,0.554054,0.935289
1699,-0.129323,-0.085026,-0.125966
1700,0.407901,0.379042,0.291394
1701,-0.164708,-0.132845,-0.235443
1702,0.327171,0.352569,0.198663
1703,0.874461,0.670424,1.09489
1704,0.73287,0.714146,0.76662
1705,0.337046,0.437355,0.444027
1706,-0.03568,-0.0154823,-0.0078188
1707,0.344024,0.343705,0.110827
1708,0.164042,0.129732,-0.0242959
1709,0.480393,0.473494,0.482853
1710,-0.060547,-0.0446732,-0.0547739
1711,0.269211,0.164713,0.105125
1712,-0.061667,-0.0217348,-0.167427
1713,0.34483,0.343319,0.266531
1714,0.193337,0.120644,0.137953
1715,-0.0653674,-0.0571227,-0.00306092
1716,0.362158,0.313096,0.278246
1717,-0.0792302,-0.0269954,-0.0444566
1718,0.259908,0.279628,0.144699
1719,0.467151,0.365343,0.203718
1720,0.173358,0.0971374,0.23497
1721,0.802361,0.411614,0.703328
1722,-0.126992,-0.105629,-0.0369432
1723,0.311887,0.198831,0.271666
1724,-0.087039,-0.0310799,-0.126298
1725,0.833037,0.413077,0.291385
1726,0.217715,0.234007,0.0745351
1727,0.55495,0.415607,0.531205
1728,0.588945,0.365275,0.534691
1729,0.0711454,0.0285145,0.0965348
1730,0.326525,0.26925,0.139257
1731,0.293597,0.137665,-0.157154
1732,0.586548,0.471452,0.675513
1733,0.423267,0.292989,0.249636
1734,0.722936,0.603115,0.983833
1735,0.141106,0.103349,0.174611
1736,0.839534,0.715921,1.09573
1737,0.585645,0.418576,0.49868
1738,0.00566141,0.0282537,-0.0936624
1739,0.432164,0.201889,0.317664
1740,0.24643,0.2082,0.120137
1741,0.808079,0.66729,0.9373
1742,-0.222408,-0.228711,-0.258555
1743,0.354652,0.2834,0.413786
1744,0.229759,0.0920944,0.357674
1745,0.420842,0.380258,0.206392
1746,0.00781314,-0.0550797,0.024527
1747,0.00360581,-0.0584395,0.244417
1748,0.584152,0.468053,0.312573
1749,0.266075,0.109157,0.574573
1750,-0.121656,-0.0820086,-0.196406
1751,0.192893,0.0286307,0.33131
1752,0.944935,0.953483,1.23885
1753,0.597145,0.47194,0.379673
1754,0.876726,0.923999,1.31037
1755,0.501383,0.146126,0.363876
1756,0.411072,0.40196,0.336577
1757,0.324325,0.216089,0.397945
1758,0.108489,0.0189466,0.220061
1759,0.238282,0.225913,0.201052
1760,0.00855922,-0.0482068,0.0175586
1761,0.696523,0.394719,0.617582
1762,0.635768,0.488499,0.317729
1763,-0.11523,-0.0346557,-0.115589
1764,0.370653,0.361419,0.299135
1765,0.404533,0.467091,0.350468
1766,0.303611,0.102192,0.14096
1767,0.117781,0.0833599,0.0470836
1768,0.0444447,0.0739369,-0.0233575
1769,0.165348,0.208871,0.0202436
1770,0.571493,0.381296,0.656432
1771,0.165341,0.0953359,-0.00478503
1772,-0.1367,-0.111266,-0.109968
1773,0.544808,0.358004,0.468352
1774,0.241546,0.267074,0.502147
1775,0.649428,0.495981,0.68593
1776,0.292703,0.122402,0.262061
1777,-0.0438922,0.0553659,0.0155138
1778,0.126381,0.123781,0.231263
1779,-0.142035,-0.113122,-0.110622
1780,0.0872728,0.146292,0.0250533
1781,-0.105729,-0.0470694,-0.00682144
1782,0.465685,0.417625,0.663095
1783,0.0974461,0.0796681,-0.110643
1784,0.161939,0.137351,0.340225
1785,-0.17225,-0.155702,-0.15243
1786,0.385833,0.330384,0.272664
1787,0.183002,0.115113,0.104347
1788,0.138338,0.136735,0.251285
1789,-0.143502,-0.0594421,-0.102242
1790,-0.045817,-0.00788183,0.16899
1791,0.623522,0.655165,0.609744
1792,-0.106734,-0.0438036,-0.0707706
1793,-0.0886262,-0.0423963,-0.0654238
1794,0.670166,0.449284,0.867495
1795,0.23997,0.132431,0.149347
1796,-0.103283,-0.0970612,-0.113237
1797,-0.126008,-0.109921,-0.164892
1798,-0.110203,-0.0877982,-0.134129
1799,0.159561,0.18293,0.376576
1800,-0.0369353,-0.0432095,-0.144222
1801,-0.160929,-0.134115,-0.215883
1802,0.422297,0.418123,0.30438
1803,0.0557831,0.104765,0.212755
1804,0.182559,0.0442708,-0.0695956
1805,0.283128,0.108286,0.0646404
1806,0.387678,0.266856,0.347174
1807,0.727179,0.548211,0.421566
1808,0.323725,0.405351,0.171771
1809,0.445502,0.463276,0.231518
1810,-0.109029,-0.0960892,-0.0756185
1811,0.244116,0.265356,0.264396
1812,0.555151,0.393109,0.435793
1813,0.0470751,0.0774484,-0.00402363
1814,0.80892,0.530782,1.02844
1815,0.46668,0.501616,0.384034
1816,0.880547,0.736247,0.579059
1817,0.523404,0.411852,0.727443
1818,0.387468,0.419533,0.406803
1819,0.705136,0.608337,0.840072
1820,0.688524,0.472608,0.780033
1821,0.664024,0.390961,0.0221049
1822,0.0513673,0.00923469,0.00404804
1823,0.456162,0.472104,0.525078
1824,0.605212,0.295295,0.597229
1825,0.528927,0.240321,0.226598
1826,0.73997,0.599708,0.962877
1827,0.300061,0.517427,0.400242
1828,0.699759,0.479812,0.794771
1829,0.106952,0.224163,0.27319
1830,0.085,0.0307077,0.0992275
1831,-0.0150985,-0.0497661,-0.124802
1832,0.137082,0.209673,0.133998
1833,0.275696,0.197777,0.243724
1834,0.116766,0.146416,0.319484
1835,0.180667,0.153217,0.0423713
1836,0.671923,0.425631,0.191375
1837,-0.126003,-0.0782545,-0.170364
1838,-0.134463,-0.153008,-0.224507
1839,0.34505,0.315082,0.185166
1840,0.505829,0.446368,0.465863
1841,0.249153,0.273788,0.213844
1842,0.835523,0.64033,0.411162
1843,0.192226,0.143797,0.378673
1844,0.42447,0.186178,0.0565879
1845,0.376612,0.255556,0.262542
1846,0.586644,0.450283,0.416136
1847,0.677093,0.582029,0.461719
1848,0.320357,0.187116,0.343378
1849,0.127082,0.0676223,0.325313
1850,0.593813,0.387499,0.826403
1851,-0.140076,-0.0868061,-0.0753348
1852,0.235945,0.119175,0.551949
1853,0.505677,0.450672,0.8047
1854,-0.133318,-0.141516,-0.107881
1855,-0.0542424,-0.0297701,-0.0405257
1856,0.764862,0.702148,0.49545
1857,0.64489,0.206861,0.320398
1858,0.463551,0.160336,0.110858
1859,-0.0515283,-0.0220488,-0.000233886
1860,0.0273593,0.0676901,-0.0275745
1861,0.509121,0.500326,0.383862
1862,0.335483,0.400012,0.531254
1863,0.417644,0.445772,0.256373
1864,-0.0618396,-0.0303393,-0.0443989
1865,0.479355,0.581147,0.390248
1866,0.124615,0.0889826,0.0699021
1867,0.37832,0.257137,0.0146955
1868,0.167582,0.0546597,0.0828337
1869,0.226564,0.165517,0.0933186
1870,-0.0118434,-0.002779,0.030631
1871,0.0917271,0.109387,-0.038954
1872,0.0879104,0.042788,0.166628
1873,0.101359,0.134275,0.377967
1874,0.48944,0.34548,0.715589
1875,0.643334,0.619248,0.724986
1876,-0.153493,-0.0585067,-0.129276
1877,0.198834,0.0908384,0.289963
1878,0.446166,0.437457,0.348546
1879,0.414959,0.443346,0.303024
1880,-0.169453,-0.104844,-0.139894
1881,0.0875064,0.110406,0.0449347
1882,0.0545723,0.116903,0.0828318
1883,0.207274,0.15037,0.212426
1884,0.107326,0.108443,0.037087
1885,0.722533,0.543413,0.407413
1886,0.261083,0.170974,0.371134
1887,0.455648,0.385384,0.217313
1888,0.0954721,0.0445317,-0.125209
1889,0.147218,0.093685,0.0153892
1890,0.226776,0.179344,0.15804
1891,0.190822,0.0237698,0.0343475
1892,-0.0549674,-0.00436678,-0.0705786
1893,0.290405,0.151741,0.21971
1894,0.556857,0.453739,0.579965
1895,0.462966,0.358931,0.455385
1896,0.157259,0.220193,0.270079
1897,0.947622,0.638261,1.14395
1898,0.489309,0.644487,0.607143
1899,0.871862,0.701095,0.175064
1900,0.642115,0.28863,0.897667
1901,0.08674,0.10487,-0.0105517
1902,-0.141698,-0.190192,-0.181023
1903,0.699312,0.505224,1.07515
1904,0.269555,0.179681,0.337566
1905,0.633512,0.549223,0.435033
1906,-0.0638399,-0.0732248,-0.094387
1907,0.390213,0.464551,0.424692
1908,0.337979,0.300066,0.473571
1909,0.398059,0.205362,0.0392985
1910,0.632324,0.434248,0.80487
1911,0.290194,0.320475,0.534319
1912,-0.180365,-0.122867,-0.225383
1913,0.863225,0.632167,0.924422
1914,0.299211,0.324728,0.276429
1915,0.176451,0.18089,0.0689202
1916,0.0719491,0.025236,0.276532
1917,0.120484,0.185366,0.15319
1918,-0.171652,-0.102425,-0.153104
1919,0.0561499,-0.0273857,0.217328
1920,0.453419,0.478534,0.506253
1921,-0.117283,-0.0512755,0.0319356
1922,0.170991,0.0944235,-0.0468397
1923,-0.0147722,0.0550142,-0.0880169
1924,-0.0618986,-0.056017,-0.0249793
1925,0.837067,0.486239,0.53521
1926,0.67437,0.540881,0.493
1927,0.175491,0.161788,0.101806
1928,0.0867583,-0.0934581,0.0769622
1929,0.167552,0.137279,0.0213383
1930,0.444883,0.511685,0.347936
1931,0.466666,0.371514,0.535484
1932,-0.170628,-0.0909286,-0.19992
1933,-0.214445,-0.201382,-0.223136
1934,0.747883,0.52486,0.854698
1935,-0.137059,-0.140831,-0.132051
1936,1.11616,0.971652,1.28128
1937,0.544329,0.379601,0.29264
1938,0.0755013,0.044372,0.0890281
1939,0.128244,0.129189,-0.0999716
1940,0.0559107,0.103021,0.173825
1941,0.291771,0.091948,0.261998
1942,0.483926,0.429276,0.476986
1943,0.735517,0.752831,0.578558
1944,-0.218968,-0.153519,-0.211662
1945,0.198687,0.157022,0.0512265
1946,0.17836,0.152325,0.253596
1947,-0.0329431,0.0101251,-0.0927869
1948,0.820135,0.471179,0.946355
1949,0.403822,0.26761,0.207466
1950,0.241286,0.137175,0.0137121
1951,-0.0459321,-0.0521857,-0.167637
1952,0.00865016,-0.0590278,0.0349877
1953,-0.0622463,0.0283418,-0.0176257
1954,0.506431,0.520416,0.459595
1955,0.214607,0.23834,0.067015
1956,0.240989,0.243942,0.406111
1957,-0.0374617,-0.0577018,0.115989
1958,0.368538,0.31982,0.261525
1959,0.950066,0.788309,1.09735
1960,0.0389372,0.136974,0.148974
1961,-0.204204,-0.152579,-0.3049
1962,0.742186,0.389609,0.594581
1963,0.498566,0.300386,0.642245
1964,0.491568,0.381067,0.113593
1965,-0.247096,-0.216351,-0.201673
1966,-0.123252,-0.106691,-0.168781
1967,0.818028,1.09231,1.24848
1968,0.169312,0.112996,0.192373
1969,0.7522,0.98623,1.06378
1970,0.302275,0.161192,0.100277
1971,0.345165,0.426497,0.501664
1972,0.269321,0.23718,0.508671
1973,0.0721507,0.0141885,0.0053866
1974,0.602672,0.310039,-0.0221339
1975,0.167899,0.138497,0.287716
1976,0.0567926,0.0908392,0.166923
1977,0.636372,0.363346,0.357572
1978,0.54518,0.641518,0.353391
1979,-0.158461,-0.113811,-0.195156
1980,0.965961,0.999177,1.33338
1981,0.312669,0.163047,-0.0153631
1982,-0.131428,-0.0909658,-0.0976023
1983,0.27723,0.292511,0.320488
1984,0.510551,0.450315,0.519641
1985,0.513258,0.384554,0.435057
1986,-0.00150155,0.0522728,-0.119094
1987,0.190348,0.205492,0.249185
1988,0.783144,0.690688,0.923775
1989,-0.053812,-0.0147548,-0.073376
1990,0.431564,0.340918,0.615408
1991,0.281865,0.308488,0.180782
1992,0.417392,0.416601,0.310895
1993,0.284884,0.231511,0.274036
1994,0.810181,0.554854,0.61108
1995,0.857938,0.533762,0.601583
1996,-0.191073,-0.149622,-0.240431
1997,-0.125002,-0.116513,-0.183159
1998,-0.0716115,-0.0863712,-0.0779471
1999,0.394154,0.277545,0.4591
2000,0.707329,0.511749,1.0101
2001,0.201044,0.149468,0.354414
2002,0.656096,0.622582,0.35011
2003,-0.0435081,-0.0103496,-0.0693803
2004,0.254129,0.19226,0.189079
2005,-0.0566336,-0.0556748,-0.00291795
2006,0.399756,0.245739,0.0994793
2007,0.150126,0.077785,0.184315
2008,-0.0732684,-0.0741376,-0.161972
2009,0.0768971,0.0780418,0.284294
2010,-0.188239,-0.173211,-0.288317
2011,0.388786,0.214934,0.180363
2012,-0.01274,-0.0772169,-0.0944061
2013,0.173917,0.120083,0.183003
2014,0.528273,0.557247,0.557733
2015,0.00666163,0.0464299,-0.0473611
2016,-0.0903001,-0.0992738,-0.134377
2017,-0.0519677,-0.102301,-0.0161793
2018,0.4768,0.368792,0.577934
2019,0.331966,0.325883,0.214013
2020,0.671604,0.547082,0.687205
2021,0.330972,0.460286,0.36455
2022,0.194746,0.125615,0.0872043
2023,0.16266,0.0246896,0.109546
2024,0.480104,0.503921,0.249225
2025,-0.0217234,0.0620288,0.0387737
2026,0.33475,0.384573,0.300726
2027,0.0904457,0.212173,0.0811075
2028,0.275198,0.194612,0.503844
2029,0.376827,0.392581,0.193052
2030,-0.137262,-0.123333,-0.221719
2031,0.368651,0.318382,0.398561
2032,0.173535,0.095409,0.322361
2033,1.04655,0.778214,1.14871
2034,-0.041667,-0.00142139,-0.131402
2035,-0.163445,-0.104649,-0.194867
2036,0.361339,0.236658,0.217212
2037,0.372697,0.527189,0.435797
2038,0.767072,0.565898,0.273837
2039,-0.123675,-0.0637217,-0.0840193
2040,0.345513,0.319833,0.211464
2041,0.505323,0.498481,0.469506
2042,0.542854,0.30647,0.416399
2043,0.214517,0.143131,0.469855
2044,0.21681,0.242553,0.17474
2045,0.0938859,0.069428,0.210051
2046,0.898671,0.916558,0.94882
2047,0.597602,0.566839,0.588676
2048,0.311598,0.333319,0.286819
2049,0.488956,0.437981,0.827524
2050,-0.0967028,-0.0203149,-0.150498
2051,0.0393963,0.0822843,-0.012046
2052,0.277534,0.234212,0.368928
2053,0.675881,0.558865,0.83276
2054,0.091468,0.0229719,-0.055592
2055,0.508965,0.309268,0.0934973
2056,0.103087,-0.0110419,-0.0918384
2057,-0.00605195,-0.00214587,-0.0304732
2058,-0.0558757,-0.053693,-0.170823
2059,-0.00653106,-0.00512213,0.0304229
2060,0.182662,0.0547139,0.0316916
2061,0.16008,0.045121,0.25731
2062,0.730229,0.582818,0.486427
2063,0.369634,0.255766,0.338656
2064,0.214753,0.18339,0.258669
2065,0.102613,0.0789281,0.239514
2066,0.109014,0.0165867,0.0770598
2067,0.0893958,0.0433965,0.0479268
2068,-0.045176,-0.0350402,-0.170078
2069,0.0432486,0.0515534,-0.00440022
2070,0.528033,0.324295,0.344914
2071,-0.169522,-0.193708,-0.164515
2072,-0.243723,-0.211891,-0.287541
2073,0.334953,0.353464,0.219415
2074,0.226076,0.141151,0.358529
2075,0.780578,0.60423,0.23814
2076,-0.00239597,-0.018924,0.0514685
2077,0.501864,0.432974,0.645994
2078,-0.154454,-0.186316,-0.25641
2079,-0.122225,-0.133745,-0.155398
2080,0.942548,0.765169,1.00197
2081,0.155731,0.113198,0.12856
2082,0.106242,0.152757,0.299437
2083,0.154646,0.17971,-0.0305354
2084,0.377606,0.433213,0.138248
2085,-0.135438,-0.119969,-0.193108
2086,-0.052195,-0.00701671,-0.0629771
2087,0.560981,0.204013,0.554687
2088,0.166609,0.14169,-0.010058
2089,0.149405,0.232403,0.249683
2090,0.370048,0.268414,0.0409668
2091,0.485043,0.465991,0.280612
2092,0.451013,0.467891,0.0263156
2093,0.606821,0.439352,0.374005
2094,0.257739,0.207758,0.00585505
2095,0.0496785,0.00831344,-0.0932294
2096,0.181673,0.127338,0.0727214
2097,0.368042,0.287006,0.374638
2098,0.482606,0.421689,0.4073
2099,0.903518,0.816703,1.02546
2100,0.390604,0.328737,0.256124
2101,-0.13563,-0.0800117,-0.131456
2102,-0.129337,-0.0511378,-0.0173904
2103,1.09635,0.998113,1.33646
2104,0.196291,0.139777,0.032004
2105,-0.131433,-0.0875992,-0.110099
2106,-0.0875196,-0.0976297,-0.0845409
2107,-0.0412185,-0.00209919,-0.176154
2108,0.133593,0.0661635,-0.0490212
2109,0.737783,0.56232,0.357087
2110,0.699035,0.59664,0.674222
2111,0.799059,0.65249,0.317018
2112,-0.00357404,0.0110173,0.0348457
2113,-0.119154,-0.067931,-0.130715
2114,0.12919,0.0777483,0.199064
2115,-0.0378433,-0.0263882,-0.121158
2116,0.631805,0.49341,0.505244
2117,0.132763,0.0737096,0.19411
2118,-0.162217,-0.131807,-0.250025
2119,0.117332,0.0488914,0.151799
2120,0.132695,0.0852818,0.110973
2121,0.513293,0.241517,0.413944
2122,0.160698,0.134376,0.364068
2123,0.270308,0.141529,0.164633
2124,0.430292,0.256737,0.490244
2125,0.403183,0.492953,0.35079
2126,0.223728,0.218651,0.0463025
2127,0.394648,0.319906,0.205416
2128,1.03802,0.687594,0.942058
2129,0.407496,0.298893,0.358672
2130,1.02655,0.634227,0.744763
2131,0.643287,0.40269,0.640756
2132,0.159825,0.407423,0.128607
2133,0.662959,0.624581,0.777886
2134,-0.138419,-0.126761,-0.215808
2135,0.496696,0.628718,0.358551
2136,0.0513251,0.114685,0.0294799
2137,0.752651,0.696444,0.679803
2138,0.63032,0.276272,0.363404
2139,0.429332,0.245647,0.122102
2140,0.658098,0.275235,0.596827
2141,0.0289262,0.0051237,-0.138747
2142,0.335522,0.195664,0.342281
2143,-0.156522,-0.098623,-0.13327
2144,0.220943,0.192664,0.257734
2145,0.157596,0.0831406,0.318901
2146,-0.0600579,-0.0198431,-0.11098
2147,0.738154,0.489788,0.601113
2148,0.43561,0.207615,0.527787
2149,0.32826,0.256548,0.248905
2150,0.656838,0.446101,0.346155
2151,0.35509,0.430203,0.256176
2152,0.106376,0.00653823,0.316957
2153,0.554216,0.514685,0.577228
2154,0.286304,0.229352,0.380968
2155,0.703461,0.43315,0.919851
2156,-0.214448,-0.165852,-0.24433
2157,0.0906255,0.0488389,0.251845
2158,-0.0440962,0.0151696,-0.0812954
2159,0.134993,0.0759802,-0.0793062
2160,0.356497,0.377757,0.131828
2161,-0.0400899,0.0591532,0.0702687
2162,0.389487,0.494899,0.329002
2163,0.668658,0.546888,0.97102
2164,0.305356,0.17025,0.0772257
2165,0.257726,0.312351,0.333117
2166,0.771209,0.671934,0.644636
2167,-0.079554,-0.0892042,-0.165117
2168,0.701233,0.677006,0.49624
2169,-0.177572,-0.135664,-0.168985
2170,0.42898,0.392169,0.47641
2171,0.480248,0.353444,0.714573
2172,0.304813,0.336841,0.225026
2173,0.165199,0.190527,0.0363937
2174,0.0974362,0.0366504,0.265751
2175,-0.076673,-0.0652452,-0.119923
2176,-0.162543,-0.196464,-0.23733
2177,0.805057,0.294047,0.322601
2178,0.362679,0.27236,0.146339
2179,0.0642605,0.0373844,0.170041
2180,-0.17498,-0.138695,-0.245025
2181,0.2887,0.317224,0.181778
2182,0.669042,0.700207,1.00757
2183,-0.08786,-0.0534924,-0.124552
2184,0.449134,0.451613,0.30645
2185,-0.0982149,-0.0807953,-0.173699
2186,-0.0481391,-0.0523258,-0.108516
2187,0.363611,0.317169,0.309727
2188,0.868643,0.572135,0.983748
2189,0.217852,0.381799,0.305833
2190,0.000972582,-0.0263102,-0.00574819
2191,0.320045,0.242778,0.306239
2192,0.0891574,0.161674,0.247224
2193,0.395804,0.388467,0.407029
2194,0.872659,0.703588,1.21678
2195,0.423504,0.416557,0.52533
2196,0.515164,0.349025,0.713561
2197,0.16241,0.109764,0.183894
2198,-0.127795,-0.108768,-0.145542
2199,0.697088,0.718515,0.569745
2200,0.58739,0.387148,0.924937
2201,0.610388,0.611793,0.654455
2202,-0.0236242,-0.0260747,-0.129842
2203,0.273444,0.134657,0.264955
2204,0.256603,0.226783,0.274401
2205,0.73951,0.347326,0.669964
2206,0.442128,0.426056,0.258556
2207,0.273291,0.297461,0.196873
2208,0.079918,0.0184865,-0.0392603
2209,0.0453207,0.0716151,0.0127128
2210,0.347256,0.394679,0.295022
2211,0.434079,0.300867,0.429517
2212,0.545936,0.303714,0.617009
2213,0.267198,0.326136,0.20971
2214,0.221596,0.191723,0.342017
2215,0.1908,0.111152,0.224075
2216,0.431033,0.400086,0.561003
2217,0.816594,0.678019,0.83917
2218,0.604091,0.35739,0.813883
2219,0.0738087,0.0333829,0.225679
2220,0.815916,0.528293,0.525618
2221,-0.0460721,-0.03542,-0.103322
2222,0.203131,0.419301,0.29991
2223,0.428803,0.079491,0.366456
2224,0.552599,0.54362,0.599482
2225,-0.118162,-0.0422407,0.00868954
2226,0.832461,0.555474,0.538608
2227,0.173115,0.157336,0.103829
2228,0.689488,0.568197,0.515442
2229,-0.0246619,-0.0446188,-0.101764
2230,0.653924,0.508823,0.581981
2231,0.738672,0.451943,0.944127
2232,-0.146648,-0.0947707,-0.22914
2233,0.648379,0.593538,0.745326
2234,-0.181554,-0.129582,-0.167655
2235,0.105113,0.085321,0.264278
2236,0.333719,0.194923,0.0573219
2237,-0.109198,-0.136768,-0.0996635
2238,0.741124,0.553627,0.827135
2239,0.533228,0.494415,0.36642
2240,0.8966,0.559015,1.08943
2241,0.299017,0.162103,0.282156
2242,0.242016,0.284693,0.133534
2243,0.665924,0.621737,0.648257
2244,0.303683,0.264251,0.128075
2245,0.717038,0.546817,0.98773
2246,0.124075,0.174778,0.424907
2247,0.399654,0.335138,0.119765
2248,0.82412,0.557575,0.621119
2249,0.485036,0.319035,0.495034
2250,0.518775,0.556359,0.471345
2251,-0.0564571,-0.0216117,-0.0633283
2252,-0.0495392,0.00957578,-0.0735167
2253,0.729939,0.451213,0.527898
2254,0.74732,0.667436,0.726966
2255,0.565957,0.581641,0.804063
2256,-0.0938763,-0.0545235,-0.127654
2257,0.113517,0.0409653,-0.066615
2258,-0.160096,-0.0436938,-0.193718
2259,0.492874,0.631349,0.400659
2260,-0.0351486,0.0105831,0.101421
2261,0.151455,0.136029,0.275942
2262,0.1275,0.0626523,0.32963
2263,0.423288,0.539994,0.185433
2264,0.298282,0.216605,0.42542
2265,-0.0543441,-0.0208683,-0.00881428
2266,-0.0164757,-0.0954285,-0.148969
2267,0.179292,0.0715241,0.11237
2268,0.399757,0.289986,0.0413693
2269,-0.0772341,-0.0590249,-0.167735
2270,0.375777,0.268885,0.107317
2271,0.150276,0.124587,0.144963
2272,0.258252,0.286504,0.200831
2273,0.330272,0.29051,0.221973
2274,0.434959,0.525484,0.569819
2275,0.467212,0.277581,0.346144
2276,0.241358,0.151836,0.278252
2277,0.559015,0.365579,0.752314
2278,0.223469,0.159223,0.206031
2279,0.00235251,0.0634965,-0.0436076
2280,0.62292,0.358115,0.539503
2281,0.27775,0.286306,0.22139
2282,0.623677,0.520727,0.174134
2283,-0.0508409,-0.0796211,0.105386
2284,0.20954,0.133863,0.162197
2285,0.587271,0.680123,0.501916
2286,0.670878,0.631534,0.533226
2287,0.274277,0.202231,0.252419
2288,-0.132535,-0.116773,-0.180393
2289,0.0806304,0.132835,0.0606669
2290,-0.0423814,-0.0388334,-0.0623169
2291,1.02522,0.637454,0.813702
2292,0.184878,0.0974003,0.0978707
2293,-0.0478248,-0.0536074,-0.0858308
2294,0.020888,0.0367954,0.215598
2295,0.389706,0.424838,0.214633
2296,0.10052,0.0735302,-0.0963368
2297,-0.14703,-0.125515,-0.171507
2298,0.139469,0.165373,0.0164155
2299,0.122563,-0.000379138,-0.150159
2300,0.154576,0.126924,-0.0160319
2301,0.775224,0.773843,0.448309
2302,0.719716,0.391994,0.428461
2303,0.234887,0.208087,0.13307
2304,0.649855,0.638341,0.665518
2305,-0.0862016,-0.105872,-0.181825
2306,0.275079,0.141538,0.234229
2307,0.298199,0.189556,0.557063
2308,-0.132355,-0.132007,-0.215187
2309,0.696831,0.657935,1.06603
2310,0.109869,0.0864886,0.00589231
2311,0.214597,0.104951,0.198748
2312,-0.0727204,0.0157874,-0.092114
2313,0.0491517,-0.0461011,0.0688866
2314,0.50253,0.305892,0.200097
2315,0.591546,0.4141,0.765015
2316,0.708486,0.52845,0.854269
2317,-0.0679348,-0.0636743,-0.0787435
2318,0.663025,0.431814,0.383589
2319,0.0561245,0.0326474,-0.0313687
2320,-0.10696,-0.150907,-0.139974
2321,0.199994,0.392446,0.182019
2322,0.474551,0.448124,0.437619
2323,0.459247,0.586461,0.439057
2324,0.404209,0.485035,0.269835
2325,-0.0340958,0.00174795,-0.0929786
2326,0.115186,0.092733,0.327065
2327,-0.0701557,0.00497333,-0.0518426
2328,-0.036777,-0.04795,-0.0353664
2329,-0.130167,-0.104427,-0.198205
2330,-0.0521828,-0.045261,0.0238269
2331,0.267382,0.331906,0.0644543
2332,-0.146916,-0.175998,-0.211283
2333,-0.248211,-0.221352,-0.292424
2334,-0.155589,-0.146402,-0.185452
2335,0.72069,0.599117,1.03716
2336,0.62448,0.54627,0.494817
2337,0.0368879,0.0734844,-0.0120716
2338,0.093911,0.173162,0.197974
2339,0.0971527,0.0785997,0.206266
2340,0.284423,0.322917,0.210696
2341,0.430948,0.259777,0.525844
2342,0.472779,0.395479,0.528691
2343,0.257568,0.300566,0.454923
2344,-0.0315421,0.0079451,-0.0120697
2345,0.151902,0.126773,0.134621
2346,0.493921,0.416894,0.309622
2347,-0.141871,-0.0823406,-0.177733
2348,0.245147,0.0423052,0.227604
2349,0.0128943,-0.0151389,-0.106677
2350,-0.126339,0.005533,0.0383437
2351,-0.0286891,0.0559086,-0.0321934
2352,0.292946,0.237885,0.449347
2353,0.333316,0.370862,0.462903
2354,0.309491,0.206732,0.263853
2355,0.231314,0.215804,0.418857
2356,0.447119,0.271234,0.115107
2357,0.541195,0.274531,0.316948
2358,-0.037375,0.00962128,-0.0407614
2359,0.316745,0.205028,0.103346
2360,0.750112,0.262491,0.494782
2361,0.179974,0.190523,0.371016
2362,0.202921,0.227168,0.376729
2363,0.311357,0.301644,0.373655
2364,0.859491,0.880714,1.18818
2365,0.0842818,0.0216966,0.0719158
2366,0.211817,0.124639,0.262149
2367,-0.0763541,-0.0845184,-0.154957
2368,0.532587,0.385864,0.691147
2369,0.0526105,0.0424072,-0.0182134
2370,0.809971,0.733106,0.772383
2371,0.678877,0.41127,0.81783
2372,0.0741636,0.051218,0.172266
2373,0.381881,0.496168,0.372893
2374,-0.0880549,-0.0849033,-0.157106
2375,-0.128138,-0.11004,-0.209028
2376,0.881969,0.709297,1.08926
2377,0.304845,0.312646,0.193175
2378,0.184462,0.200393,-0.0693766
2379,-0.0885432,-0.129081,0.027035
2380,0.745654,0.368422,0.875446
2381,0.771968,0.428809,0.630224
2382,0.49552,0.378333,0.758968
2383,0.538939,0.32925,0.486046
2384,-0.0855151,-0.0471711,-0.101838
2385,-0.0910633,-0.146298,-0.120905
2386,0.249888,0.204593,0.210965
2387,0.282929,0.210887,-0.00865565
2388,0.429844,0.488405,0.401557
2389,0.263863,0.209467,0.391456
2390,0.211169,0.179377,0.313858
2391,0.276873,0.178382,0.317348
2392,0.193395,0.0695452,0.213077
2393,0.179943,0.125653,-0.0205429
2394,0.19531,0.174924,-0.0396165
2395,0.218695,0.167031,0.305851
2396,0.917167,0.67356,1.16392
2397,0.373592,0.417663,0.446972
2398,0.570488,0.33179,0.520617
2399,0.184531,0.229512,0.31164
2400,0.421871,0.41217,0.3373
2401,0.216145,0.266333,0.23939
2402,0.133791,0.12241,0.14617
2403,0.125725,0.113332,0.222949
2404,0.662897,0.760654,0.893196
2405,-0.0873786,-0.147416,-0.17649
2406,0.741899,0.485987,0.968561
2407,-0.113277,-0.0665603,-0.217032
2408,0.0663537,0.0909851,0.222808
2409,-0.0717576,-0.0525061,-0.101321
2410,0.293948,0.242966,0.195078
2411,0.430549,0.259274,0.383837
2412,-0.131573,-0.0469391,-0.148677
2413,0.639638,0.440971,0.264964
2414,0.402697,0.251652,0.319059
2415,0.315663,0.30706,0.163689
2416,-0.0870049,-0.143848,-0.174149
2417,1.12736,0.679045,0.798752
2418,-0.150296,-0.137093,-0.168549
2419,0.260464,0.333452,0.284574
2420,0.443522,0.401558,0.325612
2421,0.0774195,0.0980755,-0.0672959
2422,0.148411,0.0734419,0.233817
2423,0.912049,0.602365,0.208641
2424,0.151324,0.107737,0.0494133
2425,0.511978,0.267458,0.0796303
2426,-0.0632575,-0.074623,-0.0383795
2427,-0.140179,-0.0612026,-0.146546
2428,0.41963,0.227098,0.231053
2429,0.304156,0.0569039,0.28082
2430,0.0653858,0.147831,-0.120623
2431,0.103011,0.095929,0.0733397
2432,0.126358,0.103283,0.0134159
2433,0.611372,0.462086,0.831117
2434,-0.131939,-0.0322749,-0.140028
2435,0.473166,0.375096,0.445816
2436,0.167441,0.135033,0.345439
2437,0.50505,0.394535,0.505388
2438,0.588945,0.206644,0.0203093
2439,0.108793,0.0409167,0.234842
2440,0.235654,0.123947,0.41793
2441,-0.16533,-0.128656,-0.222822
2442,1.05367,0.978132,0.661589
2443,0.173453,0.0959585,0.292208
2444,0.171955,0.284543,0.140872
2445,0.0744468,0.0546157,0.0566188
2446,-0.0433876,-0.0228626,-0.0965787
2447,0.622283,0.344326,0.489734
2448,0.410846,0.266748,0.642018
2449,0.0144612,0.0556235,0.0479804
2450,0.116949,0.0545592,0.0533597
2451,0.559283,0.409879,0.421577
2452,-0.204893,-0.189288,-0.269383
2453,0.228166,0.333932,0.278476
2454,0.495511,0.62594,0.403188
2455,0.768078,0.529574,1.11885
2456,-0.150751,-0.119979,-0.144444
2457,0.0815495,0.030575,0.0108944
2458,0.0620736,0.0998753,0.288421
2459,0.0660711,0.0498047,0.0872776
2460,0.103117,0.0641545,0.343709
2461,-0.101666,-0.0816743,-0.0917771
2462,0.466738,0.299327,0.587016
2463,0.90898,0.559722,1.18568
2464,0.675191,0.721633,0.966861
2465,0.419912,0.305398,0.203822
2466,0.290381,0.266018,0.251793
2467,0.30472,0.427221,0.224041
2468,0.072754,0.116372,-0.00173803
2469,0.851184,0.916894,0.82376
2470,0.705509,0.854275,0.674875
2471,-0.0949173,-0.0494265,-0.133006
2472,0.0255597,0.0758729,0.12947
2473,0.190729,0.0907767,0.0803661
2474,0.193684,0.0792318,0.124511
2475,-0.183515,-0.0862939,-0.0998795
2476,-0.0137832,-0.0203525,-0.0643527
2477,0.0355606,0.0742135,0.0954488
2478,0.557274,0.262887,0.653355
2479,-0.0306711,-0.0228809,-0.0805372
2480,-0.0402192,0.00692685,-0.121949
2481,-0.185237,-0.128759,-0.261997
2482,-0.0255541,-0.0225008,-0.129719
2483,0.0895482,-0.0061995,0.171362
2484,-0.12278,-0.098694,-0.123543
2485,0.339794,0.338246,-0.0702208
2486,-0.04931,-0.0676977,0.00318925
2487,0.787296,0.550269,0.505971
2488,-0.120668,-0.0903323,-0.0779064
2489,0.351164,0.331124,0.214537
2490,-0.154112,-0.16594,-0.150927
2491,0.717629,0.637668,0.479435
2492,0.55155,0.439442,0.685756
2493,0.363121,0.229777,0.591332
2494,0.432816,0.371074,0.319818
2495,0.224137,0.167855,0.326094
2496,-0.0296579,-0.0325939,0.0972603
2497,0.437612,0.311733,0.225348
2498,0.234739,0.199723,-0.0122032
2499,0.260594,0.199282,0.339065
2500,0.253217,0.243735,0.176585
2501,0.740754,0.586011,0.411641
2502,-0.124019,-0.166858,-0.130997
2503,0.000774407,0.0217551,-0.0601529
2504,0.308299,0.215595,0.0459982
2505,-0.158027,-0.055061,-0.123681
2506,0.450332,0.389998,0.300846
2507,0.504247,0.320062,0.528002
2508,-0.0273289,0.0442792,-0.0412559
2509,0.353228,0.18354,0.271294
2510,-0.0561113,-0.0813284,-0.0878839
2511,0.480095,0.603975,0.524607
2512,0.08071,0.0791647,0.0512954
2513,-0.0290522,0.0262517,-0.0576335
2514,0.412269,0.41187,0.352747
2515,-0.0835638,-0.0120729,-0.126305
2516,0.178512,0.1331,-0.0113737
2517,-0.12584,-0.0624215,-0.155881
2518,0.611218,0.389388,0.794413
2519,-0.0708723,-0.0613989,-0.173712
2520,0.341725,0.284944,0.192553
2521,0.660416,0.544632,0.938938
2522,0.344517,0.414477,0.0312141
2523,0.308123,0.266651,0.309552
2524,-0.123475,-0.044586,-0.167973
2525,-0.185741,-0.183379,-0.223251
2526,0.373337,0.328603,0.131596
2527,0.116822,0.196107,0.169308
2528,0.80961,0.648495,0.880048
2529,0.405486,0.216818,0.0801834
2530,0.0633416,0.107895,0.202655
2531,-0.0910031,-0.0289912,-0.159795
2532,0.459302,0.36438,0.17007
2533,0.319541,0.15031,0.166209
2534,0.18201,0.132036,0.332518
2535,0.952678,0.751178,1.05496
2536,-0.111731,-0.0938935,-0.0572518
2537,0.555113,0.469696,0.459865
2538,0.91651,0.621336,0.686979
2539,-0.17317,-0.115798,-0.210462
2540,0.260353,0.137369,0.0762976
2541,0.256812,0.120749,0.32508
2542,0.0546334,-0.043534,-0.077697
2543,0.157922,0.204133,0.307038
2544,0.0414986,0.0888655,0.355227
2545,0.0850705,0.0609639,-0.038943
2546,0.117766,0.0563449,0.553477
2547,-0.0772444,-0.0652076,-0.104349
2548,0.526816,0.323186,0.304628
2549,0.34357,0.413309,0.275521
2550,0.0174254,0.0322457,-0.0250184
2551,-0.0132397,-0.00611244,-0.000786946
2552,0.258924,0.171126,0.490494
2553,0.250645,0.37627,0.0870875
2554,0.293659,0.0825315,0.0923671
2555,0.112964,0.0771943,0.279124
2556,0.0620814,0.0553909,0.0580157
2557,-0.000289729,-0.0377287,0.0663041
2558,0.410933,0.348851,0.373499
2559,0.530276,0.441187,0.656675
2560,0.343186,0.266372,0.219516
2561,0.142196,0.125407,0.201594
2562,0.227027,0.261079,0.424906
2563,0.689299,0.481953,0.669261
2564,0.152634,0.114409,-0.0477559
2565,0.105664,0.0762748,0.415504
2566,-0.0510183,-0.000412288,0.0593768
2567,0.0908808,0.0589823,-0.00410144
2568,0.0405871,-0.0121758,0.0486992
2569,0.394178,0.368369,0.205113
2570,0.0714933,0.0561669,0.171935
2571,0.379695,0.330119,0.545539
2572,-0.223472,-0.127736,-0.236121
2573,0.767106,0.605554,0.545722
2574,0.664804,0.31728,0.145668
2575,0.446587,0.359295,0.449119
2576,0.413643,0.259144,0.392465
2577,0.142736,0.10254,-0.0232851
2578,0.251209,0.164902,0.156216
2579,-0.10872,-0.0790103,-0.107604
2580,-0.172194,-0.100089,-0.216014
2581,-0.0478316,0.00296516,-0.120513
2582,0.336477,0.273905,0.100744
2583,0.76242,0.744479,0.943108
2584,0.232226,0.310492,0.419264
2585,0.732903,0.463974,0.390462
2586,0.449538,0.42114,0.356323
2587,-0.0315189,0.0472659,-0.138613
2588,-0.118856,-0.0676153,-0.005881
2589,0.798074,0.825825,0.924587
2590,0.613492,0.618311,0.680209
2591,0.908013,0.575232,0.3963
2592,0.769606,1.14489,0.768538
2593,0.7835,0.608538,0.934289
2594,-0.170395,-0.180735,-0.284101
2595,-0.0132216,-0.120578,0.198462
2596,0.910907,0.887658,1.29124
2597,0.660834,0.594547,0.478183
2598,0.412405,0.473832,0.273986
2599,0.892684,0.797443,1.36408
2600,0.0547511,-0.096284,-0.168459
2601,0.241303,0.234744,0.175076
2602,0.223899,0.253808,0.0901925
2603,0.306101,0.361765,0.273021
2604,0.400194,0.288108,0.348496
2605,0.137358,0.17886,0.0941961
2606,0.772762,0.451656,0.166475
2607,-0.165122,-0.0641917,-0.179294
2608,0.281796,0.186225,0.314498
2609,-0.025952,-0.0404757,-0.107958
2610,0.0164342,-0.0550225,0.141141
2611,0.278629,0.221394,0.357106
2612,0.412663,0.335516,0.411635
2613,0.461345,0.31176,0.207606
2614,0.0962059,0.0675134,-0.0705158
2615,-0.00171012,0.0245783,0.125196
2616,-0.232682,-0.201385,-0.250927
2617,0.32009,0.317306,0.344191
2618,-0.159743,-0.107622,-0.189381
2619,0.982503,0.976006,0.966533
2620,0.569773,0.463113,0.756995
2621,0.153583,0.123089,0.229542
2622,0.702626,0.374496,0.352537
2623,-0.0436618,0.0626845,-0.0367694
2624,0.206266,0.14221,0.0913988
2625,0.830948,0.523376,0.903751
2626,0.294274,0.101538,0.171398
2627,0.666326,0.492273,0.33222
2628,0.247135,0.261301,0.183214
2629,0.205865,0.151203,0.286781
2630,-0.154691,-0.148844,-0.23609
2631,-0.0741493,-0.0183776,0.0172107
2632,0.363615,0.554038,0.299591
2633,-0.189391,-0.212441,-0.297968
2634,0.679411,0.547979,0.680423
2635,0.112233,0.117442,0.212221
2636,0.0954215,0.0450443,0.341735
2637,0.637232,0.301268,0.341463
2638,0.285047,0.329562,0.485434
2639,0.0434724,0.0271224,-0.0891136
2640,0.0825701,0.0052474,0.192247
2641,0.163239,0.0983617,0.310481
2642,0.205114,0.27821,0.215282
2643,0.246164,0.199675,0.503445
2644,0.476918,0.331231,0.057329
2645,-0.138895,0.0181689,-0.0639547
2646,0.464513,0.369428,0.0470743
2647,-0.190034,-0.146309,-0.152143
2648,0.442389,0.538743,0.198472
2649,-0.102675,-0.0805844,-0.16378
2650,-0.117091,-0.0862984,-0.126137
2651,0.2578,0.303598,0.27897
2652,0.353673,0.108139,-0.0695464
2653,0.0488399,0.113295,0.429458
2654,0.529296,0.345229,0.617686
2655,0.628191,0.644156,0.896708
2656,0.0580013,0.117946,-0.0182124
2657,0.250272,0.255378,0.309681
2658,0.306928,0.311643,0.259899
2659,0.0628051,0.136693,0.253119
2660,0.836155,0.771944,1.08354
2661,0.576042,0.555761,0.337703
2662,0.849712,0.478716,1.05563
2663,0.848549,0.822112,0.870464
2664,0.122589,0.0609519,-0.0107701
2665,0.0776307,-0.00632278,0.275103
2666,0.801967,0.615233,0.678398
2667,-0.0650363,-0.0954433,-0.189526
2668,0.229907,0.0756652,0.183888
2669,-0.0014616,0.0222309,-0.0770934
2670,0.879744,0.885276,0.635289
2671,0.175827,0.162215,0.163475
2672,0.708585,0.54693,0.51045
2673,-0.0590383,0.00253101,-0.00401284
2674,-0.0645068,-0.0478951,-0.0711513
2675,0.786768,0.699738,0.989087
2676,0.256433,0.221736,0.0510391
2677,0.54987,0.355518,0.362849
2678,0.0636076,0.00908727,0.181702
2679,-0.0513021,-0.0776664,-0.0969129
2680,0.118965,0.0458309,-0.0660264
2681,-0.0616491,-0.0461014,-0.120302
2682,-0.174856,-0.133653,-0.140277
2683,0.386367,0.521401,0.325428
2684,0.129738,0.0669617,0.298754
2685,-0.0630688,-0.0336782,0.0353785
2686,0.206407,0.23453,0.209875
2687,0.882531,0.688461,1.24616
2688,0.39439,0.291223,0.665871
2689,0.612627,0.356576,0.491477
2690,0.0536259,0.0282111,-0.116164
2691,0.337255,0.133646,0.236783
2692,0.252156,0.19743,0.149694
2693,-0.0684929,-0.0841166,-0.0465666
2694,0.29981,0.226197,0.0877514
2695,0.202846,0.216888,0.124696
2696,0.303342,0.599941,0.25336
2697,0.187644,0.219538,0.179005
2698,0.411765,0.341693,0.0618122
2699,0.161693,0.234195,0.0565305
2700,-0.127109,-0.112807,-0.208065
2701,0.171662,0.0661249,0.387341
2702,0.0440573,0.138899,0.0520087
2703,0.770846,0.549528,0.791761
2704,0.562723,0.362782,0.776206
2705,0.632825,0.703121,0.816711
2706,0.894721,0.818824,1.22581
2707,0.37361,0.320272,0.268897
2708,-0.0455718,0.0105843,-0.0612583
2709,0.215731,0.0929787,0.109052
2710,-0.0302859,-0.0247072,-0.107859
2711,0.330739,0.267445,0.214271
2712,0.463983,0.223992,-0.010325
2713,0.572627,0.538258,0.654837
2714,0.219055,0.236172,0.244582
2715,-0.0720982,-0.0160019,-0.109868
2716,-0.0450105,-0.0879499,-0.0689404
2717,0.274155,0.500402,0.323894
2718,0.215996,0.330558,0.345169
2719,-0.114588,-0.0245131,-0.10117
2720,-0.0961295,-0.0913412,-0.103738
2721,0.470548,0.338083,0.489676
2722,0.115817,0.0344539,0.166114
2723,0.590568,0.577146,0.843215
2724,0.616009,0.892909,0.728951
2725,0.695232,0.586095,0.641609
2726,0.361427,0.400001,0.171336
2727,0.232063,0.264262,0.275668
2728,0.392936,0.254408,0.131947
2729,0.386207,0.223419,0.419724
2730,-0.189204,-0.130439,-0.222114
2731,0.611614,0.339533,0.662883
2732,0.190787,0.171969,0.0997934
2733,0.422825,0.258715,0.383835
2734,-0.212587,-0.16006,-0.227703
2735,-0.128479,-0.125154,-0.224307
2736,0.758044,0.559905,0.7479
2737,0.165166,0.218335,0.157143
2738,0.773479,0.472389,0.784095
2739,-0.0347205,-0.033202,-0.0413466
2740,0.155348,0.152785,0.295189
2741,0.19561,0.255221,-0.0625981
2742,0.0973937,0.0455206,0.0199634
2743,0.297355,0.148649,0.0816783
2744,-0.0682453,-0.0505033,-0.172483
2745,0.133633,0.0972907,0.286808
2746,0.331685,0.160146,0.346433
2747,0.259266,0.177793,0.0243346
2748,0.406461,0.23332,0.186707
2749,-0.0813566,-0.0885975,-0.146095
2750,0.374837,0.270938,0.0436548
2751,0.243924,0.172708,0.267909
2752,0.697312,0.560844,0.930619
2753,-0.120815,-0.114414,-0.198034
2754,0.573422,0.69972,1.11747
2755,0.107439,0.0564573,0.363024
2756,0.329308,0.122763,-0.00811977
2757,0.485189,0.291904,0.689813
2758,0.812432,0.647905,0.894251
2759,-0.120508,-0.09484,-0.11007
2760,0.00290914,0.0526424,0.0301571
2761,0.127835,-0.00559521,0.0407179
2762,0.263284,0.115817,0.404154
2763,0.105367,0.0713233,0.272912
2764,-0.184348,-0.157941,-0.123699
2765,0.460439,0.31598,0.0596156
2766,0.316007,0.156679,0.181724
2767,-0.164368,-0.196459,-0.244092
2768,-0.122106,-0.0942407,-0.103246
2769,-0.168587,-0.117679,-0.189143
2770,0.16152,0.0936157,-0.0233899
2771,0.597442,0.519635,0.51589
2772,-0.102687,-0.0175076,-0.0243074
2773,0.0892278,0.0574303,0.335835
2774,0.520491,0.486377,0.326712
2775,0.0787945,0.0323221,-0.170434
2776,0.647353,0.39554,0.612132
2777,0.538072,0.492245,0.479825
2778,0.616641,0.503522,0.471982
2779,0.0492608,0.0110128,0.0147573
2780,0.658754,0.681586,0.484044
2781,0.482049,0.294618,0.243468
2782,1.08354,0.846995,0.981224
2783,0.188659,0.158073,0.430303
2784,0.637108,0.356439,0.371714
2785,0.604934,0.433253,0.821006
2786,0.313539,0.150414,0.291163
2787,0.12646,0.0210289,0.254719
2788,0.179854,0.259913,0.225448
2789,-0.0819147,-0.0895453,-0.174942
2790,0.265972,0.273672,0.458763
2791,-0.118459,-0.022151,-0.0840237
2792,0.717996,0.539281,1.12091
2793,-0.0486308,0.0245878,-0.0567022
2794,0.170663,0.00424627,0.25998
2795,0.282316,0.175862,0.264546
2796,0.649167,0.340696,0.375146
2797,0.211574,0.0359836,-0.0542358
2798,0.277258,0.265095,0.345421
2799,0.653253,0.692727,0.792973
2800,0.161973,0.103288,0.201733
2801,0.791875,0.915464,0.638746
2802,0.114096,0.116292,0.0691083
2803,0.352766,0.397721,0.120493
2804,0.177788,0.17804,0.322492
2805,0.27217,0.127435,0.186244
2806,0.448166,0.297343,0.627592
2807,0.642058,0.474548,0.614276
2808,0.818637,0.659794,0.379953
2809,0.625283,0.395825,0.749523
2810,0.247625,0.1781,0.282736
2811,0.551245,0.461184,0.61934
2812,0.471603,0.538089,0.647413
2813,-0.141392,-0.0438074,-0.0281032
2814,0.0462329,0.101513,-0.00724808
2815,-0.0266348,0.0557051,0.040182
2816,0.399386,0.285142,0.31485
2817,-0.159478,-0.085366,-0.167721
2818,0.285798,0.0594233,0.25072
2819,0.67833,0.710331,0.651154
2820,0.2016,0.30188,0.26147
2821,0.810619,0.652342,0.935481
2822,0.333291,0.386113,0.256271
2823,-0.0787688,-0.062981,-0.0555777
2824,0.167597,0.210277,0.212004
2825,1.05157,0.846049,1.36499
2826,0.568225,0.592728,0.590625
2827,0.0231708,0.0166829,-0.0175791
2828,0.421511,0.329948,0.413237
2829,0.690054,0.551459,0.684586
2830,0.165332,0.122111,0.129118
2831,0.537214,0.309303,0.190598
2832,0.182089,0.198363,-0.0446226
2833,-0.0464754,0.00644159,0.0209274
2834,0.543767,0.317843,0.679812
2835,0.526388,0.32622,0.282665
2836,-0.130394,-0.13834,-0.15934
2837,0.296524,0.25547,0.320068
2838,0.256547,0.113705,0.256716
2839,0.176616,0.39009,0.32733
2840,0.900151,0.409705,0.281929
2841,-0.102509,-0.0649585,-0.089712
2842,0.302575,0.20139,-0.00923564
2843,0.56034,0.428782,0.474064
2844,0.32825,0.35001,0.3691
2845,0.130854,0.0744825,0.337214
2846,-0.0344204,-0.00386183,0.126852
2847,0.57428,0.360219,0.544369
2848,0.151402,0.0233298,-0.0466542
2849,0.760425,0.342481,0.817295
2850,-0.0403279,-0.05376,0.0443367
2851,-0.130783,-0.143729,-0.14302
2852,0.563773,0.446041,0.585051
2853,0.36961,0.438028,0.281993
2854,0.231808,0.265755,0.455425
2855,0.950814,0.776378,1.24259
2856,0.287289,0.600657,0.280141
2857,0.510368,0.492228,0.284358
2858,0.902144,0.453401,0.988476
2859,0.0124819,-0.0656312,-0.135878
2860,0.528639,0.308435,0.862604
2861,0.37408,0.249173,0.351823
2862,0.571278,0.638219,0.4819
2863,0.400866,0.336793,0.233302
2864,0.53918,0.841499,0.569622
2865,0.021865,0.0358937,-0.0833037
2866,0.458874,0.432256,0.416816
2867,0.256474,0.276964,0.352665
2868,-0.232847,-0.12901,-0.157504
2869,-0.023236,-0.117877,0.180361
2870,0.249512,0.154985,-0.00741718
2871,-0.0971317,-0.0957723,-0.165635
2872,-0.110149,-0.0972749,-0.14453
2873,0.107345,0.104429,0.18647
2874,0.895442,0.476651,0.555486
2875,0.289293,0.189348,0.0220476
2876,0.5933,0.655009,0.377302
2877,0.213927,0.192913,0.288907
2878,0.204667,0.18757,0.206765
2879,0.337916,0.315114,0.354334
2880,-0.151658,-0.0928838,-0.164994
2881,-0.236512,-0.205586,-0.229405
2882,-0.0482046,-0.0667787,0.12794
2883,0.203425,0.140066,0.477642
2884,1.15452,0.968564,1.60776
2885,0.588186,0.535097,0.861173
2886,0.18956,0.0463507,0.492249
2887,-0.0310673,0.0100279,-0.0710559
2888,-0.0954718,-0.0601725,-0.0630898
2889,0.183141,0.158806,0.161645
2890,0.604175,0.510256,0.936127
2891,0.147805,0.17255,0.148005
2892,0.297115,0.0854867,0.19178
2893,0.163695,0.122185,0.406517
2894,0.673012,0.464486,0.61234
2895,0.220808,0.241758,0.636806
2896,0.100218,0.310226,0.262017
2897,0.613691,0.520731,0.305192
2898,-0.159358,-0.12467,-0.197921
2899,-0.134547,-0.102747,-0.170179
2900,0.629329,0.507533,0.968706
2901,0.0988101,0.117692,0.00220575
2902,-0.0850043,-0.0458885,-0.071035
2903,0.138732,0.0974432,0.14304
2904,-0.122323,-0.0556233,-0.156504
2905,0.42955,0.258858,0.50857
2906,-0.0331094,-0.0440402,-0.155272
2907,0.657169,0.430339,0.446454
2908,0.0806838,-0.007542,0.155453
2909,0.588151,0.473482,0.269783
2910,0.524446,0.388605,0.345057
2911,0.392794,0.25916,0.375423
2912,0.274994,0.169427,0.215377
2913,0.183099,0.0867488,0.317049
2914,-0.122413,-0.0754626,-0.125282
2915,0.724262,0.525298,0.387457
2916,-0.183588,-0.177996,-0.206111
2917,0.552637,0.164443,0.350219
2918,-0.0992681,-0.0252029,-0.0680268
2919,0.00502965,0.00138867,-0.0696244
2920,0.162629,0.0838122,0.348472
2921,0.681529,0.550545,0.571213
2922,-0.187824,-0.175508,-0.19986
2923,0.0953624,0.0488751,0.240331
2924,0.359767,0.21964,0.359126
2925,0.0342314,0.136494,0.0738105
2926,-0.231327,-0.217126,-0.225457
2927,0.296779,0.230064,0.168022
2928,-0.107148,-0.116321,-0.0650442
2929,0.220392,0.172889,0.178277
2930,0.0864065,0.186547,0.10038
2931,-0.177911,-0.0713004,-0.19409
2932,0.340566,0.181822,0.207714
2933,0.397403,0.225855,0.354567
2934,0.650625,0.283537,0.395587
2935,-0.142493,-0.109432,-0.129341
2936,0.221043,0.228059,0.0475643
2937,0.123983,0.128046,0.126076
2938,0.186382,0.220973,0.395553
2939,0.930492,0.893181,0.854624
2940,0.864176,0.558317,0.699563
2941,1.04341,0.709349,1.10924
2942,0.17999,0.210684,0.0995992
2943,0.578782,0.556543,0.317574
2944,0.245588,0.221086,0.277504
2945,0.564776,0.456062,0.342167
2946,0.0280452,0.0267243,0.139229
2947,-0.10437,-0.123929,-0.152477
2948,0.0490666,0.0751383,0.0670828
2949,0.346495,0.16858,0.219537
2950,-0.0189377,0.00214935,0.0855525
2951,0.415841,0.262169,0.277686
2952,0.801599,0.441023,0.796523
2953,0.156761,0.17741,0.102043
2954,0.0930797,0.0681892,0.132876
2955,0.601857,0.456766,0.332655
2956,0.437989,0.34242,0.400892
2957,0.399935,0.39434,-0.0663606
2958,-0.0969912,-0.0411025,-0.169936
2959,0.276341,0.23961,0.0320888
2960,0.538649,0.510607,0.469397
2961,0.734452,0.62427,1.07383
2962,0.0418024,-0.00718721,0.0735165
2963,-0.0426109,-0.0463917,-0.0435887
2964,0.160118,0.177872,0.385481
2965,0.985508,0.540354,0.770215
2966,0.697365,0.455047,0.331626
2967,0.51031,0.251414,0.136624
2968,0.578855,0.507974,0.722609
2969,0.111491,0.0719808,-0.0502571
2970,0.314504,0.352475,0.209054
2971,0.39466,0.235171,0.247922
2972,-0.161433,-0.161468,-0.3423
2973,0.22571,0.153148,0.318305
2974,0.0951965,-0.0254526,0.22291
2975,0.513244,0.364885,0.428067
2976,0.572834,0.508823,0.382991
2977,0.12646,0.0543519,0.120064
2978,0.410296,0.340838,0.4215
2979,0.0561719,0.0704484,0.0294168
2980,0.280595,0.260014,0.24303
2981,0.596148,0.350221,0.0102279
2982,0.39965,0.360766,0.759433
2983,0.607242,0.504735,0.40695
2984,0.727813,0.558358,0.509727
2985,-0.169252,-0.125032,-0.201675
2986,0.763215,0.638604,0.762872
2987,-0.0755048,-0.00694386,-0.140924
2988,0.705738,0.414872,0.193542
2989,0.419896,0.299579,0.286626
2990,0.672682,0.675338,0.409807
2991,0.105384,0.148292,0.10583
2992,0.593131,0.606178,0.432392
2993,-0.0621599,-0.0321964,-0.00764629
2994,0.372125,0.127428,0.265214
2995,0.221241,0.287843,0.247953
2996,0.554666,0.48985,0.198606
2997,0.0385784,0.0556231,-0.0178525
2998,-0.203026,-0.204556,-0.282438
2999,0.0956134,0.219563,0.284683
3000,0.289339,0.232544,0.0766461
3001,-0.219241,-0.162849,-0.250082
3002,-0.187863,-0.133343,-0.241352
3003,0.541656,0.360153,0.547961
3004,0.549755,0.507523,0.734707
3005,0.292877,0.090519,0.170037
3006,0.536685,0.354908,0.978065
3007,0.562028,0.581004,0.42935
3008,-0.045844,-0.0457242,-0.112305
3009,0.533187,0.35114,0.417016
3010,0.762469,0.635539,1.00508
3011,0.0770567,0.0631047,0.096384
3012,0.438617,0.292029,0.485264
3013,-0.180774,-0.160855,-0.232043
3014,0.732769,0.779566,0.942929
3015,0.822296,0.504571,0.542692
3016,-0.0309553,-0.0549383,-0.0418859
3017,0.380377,0.259205,-0.0450137
3018,0.0783954,0.0879935,0.210507
3019,-0.0736125,-0.0425476,-0.103365
3020,0.373068,0.437839,0.355601
3021,0.0465709,0.0212231,0.0114074
3022,0.21892,0.196928,0.173628
3023,0.72219,0.671825,0.40636
3024,0.56953,0.476385,0.552427
3025,0.506747,0.29757,0.365169
3026,0.853259,0.876924,1.07836
3027,0.650618,0.533747,0.35093
3028,0.170572,0.0892239,0.261735
3029,0.0498599,0.108553,-0.0356496
3030,0.0226799,-0.00118115,-0.0128344
3031,0.256949,0.144783,0.29864
3032,0.104315,0.120309,0.159267
3033,0.471744,0.468568,0.304392
3034,0.898889,0.594872,0.508778
3035,0.379347,0.223071,0.419316
3036,-0.0309037,0.0226144,-0.0426413
3037,-0.0114775,-0.00389399,0.0232744
3038,-0.151831,-0.152946,-0.223293
3039,0.740834,0.533652,0.920356
3040,0.609272,0.769312,0.585141
3041,0.28256,0.446353,0.377531
3042,0.288449,0.335459,0.345778
3043,0.256735,0.147028,0.0184499
3044,0.152457,0.00424425,0.0869806
3045,0.883272,0.556115,1.2877
3046,0.716974,0.686093,0.987739
3047,0.1951,0.20545,0.129246
3048,0.387382,0.236585,0.29731
3049,0.675771,0.480273,0.649795
3050,0.267953,0.396712,0.169217
3051,-0.102669,-0.141155,-0.166159
3052,0.678387,0.336818,0.298595
3053,0.0885266,0.0464875,0.143897
3054,-0.104694,-0.0666061,-0.152267
3055,0.536667,0.379674,0.506541
3056,0.312241,0.246567,0.230663
3057,0.13323,0.108188,0.244292
3058,0.240174,0.0618888,0.332576
3059,0.0681537,0.0643653,0.271735
3060,0.740906,0.544306,0.478749
3061,0.571297,0.588362,0.191828
3062,0.0100434,-0.0097554,-0.161147
3063,-0.18472,-0.118769,-0.128173
3064,0.61646,0.508928,0.576873
3065,0.193908,0.135735,0.197936
3066,0.730575,0.657539,0.884754
3067,0.0261744,-0.0775507,-0.155834
3068,0.102237,0.0967901,0.15197
3069,0.425784,0.58085,0.341914
3070,0.0482229,0.0487067,0.0555552
3071,0.914466,0.590375,0.588766
3072,-0.0836993,-0.0625412,-0.120164
3073,0.292461,0.338752,0.269328
3074,0.0531198,-0.0451654,0.179365
3075,0.824454,0.607072,0.991012
3076,0.407858,0.249898,0.399371
3077,0.116083,0.215478,0.0249859
3078,0.00652304,0.0494301,-0.0798624
3079,-0.114766,-0.0814875,-0.126605
3080,0.129192,0.172861,0.188106
3081,0.181891,0.145782,0.251779
3082,-0.142263,-0.0942875,-0.238819
3083,0.635831,0.533814,0.626745
3084,0.574706,0.456847,0.715127
3085,0.493933,0.377776,0.297432
3086,-0.139053,-0.089223,-0.180743
3087,0.000603082,0.0185225,-0.00113896
3088,0.728234,0.763937,0.687375
3089,0.0645457,0.086077,0.00333358
3090,0.174892,0.213871,0.102166
3091,-0.0468098,-0.0555756,-0.119397
3092,0.23616,0.162104,-0.0434696
3093,0.308374,0.232817,0.406285
3094,0.408211,0.464716,0.376076
3095,0.588599,0.618606,0.738167
3096,-0.0917934,-0.0628817,-0.0205288
3097,-0.0685003,-0.0219329,-0.101676
3098,0.0651211,0.035547,0.0528517
3099,0.343228,0.395303,0.0446981
3100,0.452358,0.243321,0.634999
3101,0.542857,0.359588,0.408658
3102,0.389809,0.340115,0.378161
3103,0.282759,0.314717,0.31904
3104,0.357377,0.448183,0.229513
3105,0.342589,0.172199,0.22922
3106,-0.149179,-0.114648,-0.138951
3107,0.141998,0.170212,0.395674
3108,0.603295,0.406082,0.364706
3109,0.392914,0.5001,0.478345
3110,0.328348,0.179427,0.2064
3111,0.291167,0.257364,0.205216
3112,0.0747908,0.1195,-0.0206132
3113,0.251623,0.141332,0.28193
3114,0.229662,0.502387,0.346819
3115,-0.0274055,0.0573945,0.0532758
3116,0.510095,0.468786,0.313215
3117,-0.235494,-0.219672,-0.271053
3118,0.0185892,-0.0305887,0.19311
3119,0.855907,0.94966,0.973831
3120,-0.0407574,-0.102862,-0.160987
3121,-0.167548,-0.187279,-0.224224
3122,0.109311,0.132067,0.308789
3123,0.334619,0.178177,0.0374692
3124,0.85128,0.556566,0.83497
3125,-0.0382568,-0.0177611,-0.105919
3126,0.213805,0.148687,0.114194
3127,0.150675,0.0331855,0.214488
3128,0.102366,0.0853572,0.0668552
3129,-0.173599,-0.104066,-0.164396
3130,0.387901,0.249096,0.340116
3131,0.664023,0.627873,0.347326
3132,-0.0533181,-0.0404831,-0.139092
3133,0.142302,0.0532688,-0.0570015
3134,0.925377,0.66696,0.765741
3135,0.275341,0.301036,0.22675
3136,0.0701594,0.0249701,0.152931
3137,0.240719,0.197049,0.398055
3138,0.215538,0.178195,0.138983
3139,-0.0118826,-0.0258751,5.57277e-05
3140,-0.14818,-0.10698,-0.104778
3141,0.565842,0.551154,0.580796
3142,0.280487,0.176092,0.354936
3143,0.359809,0.156845,0.441578
3144,-0.105975,-0.0754144,-0.161378
3145,0.251902,0.185461,0.370331
3146,0.27347,0.182712,0.429088
3147,-0.0469959,-0.0212444,-0.0708156
3148,-0.0160273,0.0347822,-0.10065
3149,-0.173286,-0.104102,-0.166985
3150,0.88581,0.747899,0.633422
3151,-0.118454,-0.143599,-0.213026
3152,0.166249,0.0643424,0.166664
3153,0.767867,0.453538,0.791394
3154,0.824901,0.893282,0.998404
3155,1.03584,1.08809,1.11268
3156,-0.122778,-0.0874098,-0.16691
3157,0.00295374,-0.0532669,0.131818
3158,0.0334528,-0.015488,-0.111576
3159,0.176686,0.11177,0.383066
3160,0.167137,0.074477,0.00512945
3161,0.177983,0.17956,0.207734
3162,-0.100959,-0.0319796,-0.0973496
3163,0.679942,0.45843,1.1015
3164,0.0528563,0.116383,0.0426604
3165,-0.000593715,0.0273466,-0.0188159
3166,0.729493,0.408366,0.357721
3167,-0.0959302,-0.0695814,-0.0618949
3168,0.141681,0.158111,0.289172
3169,0.138717,0.114902,0.149761
3170,0.705979,0.454209,0.947476
3171,-0.0986203,-0.0409633,-0.0477063
3172,0.852761,0.35534,0.957391
3173,0.273884,0.177317,0.258
3174,0.725827,0.629692,0.881318
3175,0.967278,0.66034,0.835216
3176,0.878645,0.42244,0.489841
3177,0.532499,0.509673,0.440126
3178,0.772738,0.531707,0.57642
3179,-0.126776,-0.077396,-0.201182
3180,-0.0149812,0.0174451,0.216423
3181,0.16748,0.178933,0.104409
3182,0.097426,0.0803869,0.110296
3183,0.254608,0.0858102,-0.0870191
3184,0.564916,0.396875,0.383834
3185,0.215723,0.15877,0.081574
3186,0.679036,0.751648,0.967902
3187,0.74516,0.657282,0.542972
3188,0.388944,0.448479,0.470661
3189,0.632408,0.575716,0.325989
3190,1.00157,0.827683,0.58725
3191,0.113775,0.0607443,0.198756
3192,0.222391,0.314627,0.12747
3193,0.127724,0.0560021,0.370663
3194,0.0393468,-0.0332531,-0.0506162
3195,0.351534,0.20063,0.123338
3196,0.325966,0.429439,0.385774
3197,0.417702,0.229348,0.378589
3198,0.722441,0.510509,0.814351
3199,0.0282817,0.0450634,-0.122021
3200,-0.0279042,-0.0400179,-0.0501984
3201,0.391763,0.607444,0.348776
3202,0.343258,0.318682,0.304836
3203,1.02945,1.11058,1.50423
3204,0.758657,0.569689,1.05925
3205,0.257769,0.157338,0.252201
3206,0.18304,0.10657,0.0989468
3207,0.384148,0.241234,0.485486
3208,-0.0151819,0.0374074,-0.0182631
3209,0.306954,0.163115,-0.117027
3210,0.264606,0.262209,0.158838
3211,0.0997483,0.0808447,0.254889
3212,0.673392,0.576919,0.285111
3213,0.199122,0.238482,0.353406
3214,0.667648,0.475513,0.764108
3215,0.514343,0.433586,0.464404
3216,0.60362,0.590164,1.08008
3217,-0.240301,-0.227725,-0.307121
3218,0.566509,0.225293,0.650078
3219,0.491734,0.512711,0.573079
3220,0.390226,0.34932,0.577258
3221,0.79463,0.657885,0.851534
3222,0.0553783,0.165587,-0.0425232
3223,0.138031,0.0944397,0.330503
3224,0.204241,0.119801,0.350036
3225,0.531652,0.487987,0.292289
3226,-0.0649682,0.00922914,-0.0826165
3227,-0.111924,-0.069781,-0.0840182
3228,-0.195544,-0.164805,-0.173027
3229,0.630052,0.354673,0.529342
3230,0.414836,0.363276,0.334041
3231,0.14814,0.114027,0.111312
3232,0.728653,0.70332,0.882181
3233,0.15286,0.197772,0.138541
3234,0.820127,0.371985,0.736883
3235,0.00874643,-0.0145948,0.018269
3236,0.744034,0.436862,0.650658
3237,0.833839,0.588119,0.691868
3238,0.623133,0.356376,0.277162
3239,-0.0878285,0.0201013,-0.0611333
3240,0.490755,0.488792,0.414639
3241,-0.088511,-0.112312,-0.181809
3242,-0.219126,-0.201584,-0.255791
3243,0.0330286,0.0948606,0.104165
3244,0.81477,0.68758,0.993223
3245,0.315754,0.347473,0.287993
3246,-0.000260281,-0.0212332,-0.0290929
3247,0.642747,0.750868,0.828197
3248,0.807854,0.66499,0.556729
3249,0.0393608,0.0555455,-0.0878367
3250,-0.1124,-0.163989,-0.205453
3251,0.777845,0.66745,1.01137
3252,0.0770724,0.121637,0.286269
3253,0.229998,0.239784,0.168478
3254,0.1667,0.420187,0.283029
3255,0.318048,0.315258,0.583678
3256,0.435932,0.318087,0.0913082
3257,0.201328,0.272108,0.103257
3258,0.494949,0.336771,0.30981
3259,0.00894825,0.0459054,-0.0379611
3260,0.75115,0.538186,1.04012
3261,0.725671,0.734721,1.17357
3262,-0.0901436,-0.0829182,-0.15163
3263,-0.168776,-0.195226,-0.201348
3264,-0.133463,-0.152378,-0.168095
3265,0.189333,0.150321,0.248399
3266,0.951999,0.91618,0.96672
3267,-0.0974748,-0.0838583,-0.133488
3268,-0.125682,-0.0947703,-0.0598693
3269,0.80464,0.490399,1.06224
3270,0.214887,0.164589,0.20039
3271,0.466093,0.339245,0.204182
3272,0.270748,0.167339,0.339824
3273,0.0335287,0.0912277,-0.0575906
3274,0.119679,0.0538631,0.295122
3275,0.341624,0.264225,0.230857
3276,-0.0734532,-0.0507741,-0.151373
3277,0.39161,0.428013,0.375075
3278,0.839291,0.666583,1.06013
3279,-0.0412095,0.0026432,-0.164614
3280,0.820131,0.835966,0.72822
3281,0.758686,0.655901,0.667681
3282,-0.158587,-0.110023,-0.147062
3283,0.0224578,0.0105698,-0.144309
3284,0.349479,0.146302,0.0705801
3285,0.498999,0.767556,0.34976
3286,0.665336,0.667228,0.793379
3287,0.231217,0.149732,0.299825
3288,-0.0421872,0.000321035,-0.0793137
3289,0.326124,0.166647,0.365546
3290,0.180365,0.0636302,-0.0533504
3291,0.400052,0.0922545,-0.0833524
3292,-0.120217,-0.0684481,-0.132569
3293,-0.016124,0.000529258,-0.0981416
3294,-0.0547157,-0.0771488,-0.0811113
3295,0.309329,0.214971,0.385773
3296,0.163081,0.170031,0.0239604
3297,0.773916,0.517365,0.775197
3298,-0.184118,-0.179875,-0.261639
3299,0.246013,0.417008,0.184314
3300,0.497749,0.355011,0.621355
3301,0.0631666,0.0679019,-0.0563156
3302,0.736187,0.51349,0.825542
3303,0.281582,0.178252,0.225823
3304,0.0709533,0.0600161,0.318086
3305,0.100907,0.0844623,0.174165
3306,0.0430438,-0.0428935,0.233065
3307,-0.168952,-0.14055,-0.161051
3308,0.635742,0.499565,0.731507
3309,-0.0873458,-0.0360312,-0.10653
3310,0.14141,0.107833,0.326397
3311,0.0955109,0.0616076,0.220678
3312,0.186662,0.167489,0.39534
3313,-0.117549,-0.101293,-0.140881
3314,0.292,0.265317,0.234979
3315,0.20489,0.146995,0.240054
3316,0.536253,0.538048,0.453984
3317,0.366631,0.131078,0.145982
3318,-0.0812078,-0.100278,-0.126929
3319,0.336503,0.31236,0.290402
3320,0.0511435,0.126519,0.248326
3321,0.160344,0.188071,0.340237
3322,0.00137065,0.0441775,0.013493
3323,0.790304,0.578981,0.249461
3324,0.331501,0.33888,0.19249
3325,0.105227,0.111491,0.099593
3326,-0.0930269,-0.116446,-0.170425
3327,0.0535583,0.0144086,0.202305
3328,0.0163576,-0.00822623,-0.0766075
3329,0.31252,0.312474,0.288351
3330,0.0169994,-0.030453,-0.109409
3331,0.60845,0.46075,0.90374
3332,0.731872,0.750004,0.564246
3333,0.345277,0.260764,0.386353
3334,0.441667,0.331385,0.639842
3335,0.356289,0.218567,0.260364
3336,0.398073,0.301899,0.443772
3337,0.708359,0.662205,0.905816
3338,0.410202,0.312355,0.554004
3339,0.0446816,0.0432342,0.183761
3340,0.491527,0.315325,0.345118
3341,0.259588,0.183437,0.391565
3342,0.66746,0.342475,0.667507
3343,0.141881,0.0373073,0.271465
3344,-0.176016,-0.140024,-0.221543
3345,0.243204,0.129189,0.176609
3346,0.0388712,0.0491115,-0.0902833
3347,0.78657,0.716774,0.80787
3348,0.465265,0.570933,0.475458
3349,0.212386,0.241076,0.101347
3350,0.233003,0.139375,0.104636
3351,0.611222,0.596898,0.554153
3352,0.122902,0.0592527,0.190931
3353,1.13196,0.729565,0.645112
3354,0.151564,0.246938,0.139729
3355,0.206186,0.169828,0.257656
3356,0.684006,0.353411,0.547734
3357,0.278301,0.248902,0.418493
3358,-0.0596552,-0.0173611,-0.0261665
3359,0.434485,0.343614,0.174065
3360,0.219268,0.23552,0.355076
3361,0.177083,0.122332,0.115397
3362,-0.0783716,-0.0464047,-0.0955953
3363,0.864463,1.00878,1.26299
3364,0.165147,0.09553,-0.0027706
3365,-0.0393414,0.0104981,-0.110429
3366,0.134519,0.0725816,0.189165
3367,-0.10346,-0.0963732,-0.105753
3368,0.219624,0.39929,0.214471
3369,0.548427,0.267245,0.429206
3370,-0.101568,-0.0757068,-0.113847
3371,0.626777,0.75432,0.904953
3372,0.160408,0.143338,0.213909
3373,0.2577,0.120547,0.37418
3374,0.510712,0.372607,0.615089
3375,0.234232,0.403989,0.368595
3376,0.094865,0.0781081,0.00865769
3377,0.54842,0.478209,0.300076
3378,-0.041596,0.0395321,-0.00578926
3379,0.110161,0.190979,0.0665482
3380,0.389293,0.258944,0.319087
3381,0.0294551,0.0299642,0.239316
3382,0.33036,0.205467,0.284739
3383,0.146365,0.185724,0.247572
3384,-0.214243,-0.177338,-0.219923
3385,-0.187138,-0.199039,-0.286751
3386,0.654371,0.428184,1.01088
3387,0.454974,0.33795,0.348921
3388,0.510398,0.489666,0.44023
3389,0.574853,0.350423,0.668781
3390,0.764679,0.408381,0.529285
3391,0.65624,0.63944,0.323183
3392,0.123787,0.117541,0.120708
3393,0.345782,0.15801,0.533171
3394,0.248196,0.0713718,0.285589
3395,-0.0855363,-0.0474888,-0.144083
3396,0.469348,0.310716,0.372178
3397,0.221383,0.119508,0.102148
3398,0.247135,0.144946,0.112383
3399,0.863986,0.605051,0.781366
3400,0.949823,0.438036,0.862007
3401,0.0248138,-0.0501371,-0.120377
3402,0.559067,0.417603,0.794111
3403,0.128777,0.0715337,0.149825
3404,0.246287,0.26798,0.163411
3405,0.586109,0.526419,0.370687
3406,0.509643,0.566131,0.34224
3407,0.0881407,0.0307294,0.320042
3408,-0.0369943,-0.0831669,0.0852009
3409,0.31087,0.212046,0.0494182
3410,0.667094,0.378805,1.07509
3411,-0.135769,-0.133211,-0.108406
3412,0.21415,0.156387,0.11717
3413,0.105041,0.268517,0.23369
3414,0.450297,0.594187,0.252183
3415,0.40291,0.41141,0.390622
3416,0.137268,-0.0164305,-0.074794
3417,0.606644,0.442721,0.869329
3418,0.691598,0.580244,0.509879
3419,1.04259,0.819866,0.61835
3420,-0.0796341,0.00163322,-0.0398307
3421,0.308945,0.246383,0.230032
3422,0.322212,0.20386,0.0421456
3423,0.403399,0.310068,0.521958
3424,0.0434285,0.12947,0.135549
3425,-0.00574365,-0.0144292,0.117576
3426,0.465274,0.519035,0.29008
3427,0.292912,0.172176,0.141415
3428,0.501878,0.509442,0.471918
3429,-0.0832613,-0.0884367,-0.0906594
3430,0.657988,0.376473,0.423934
3431,0.076646,0.0256717,0.0952325
3432,0.862872,0.701276,0.698066
3433,0.0217481,0.00299504,0.0513625
3434,0.248452,0.239665,0.149958
3435,0.346477,0.341868,0.214619
3436,0.168409,0.0835051,0.246392
3437,-0.13296,-0.162837,-0.249228
3438,0.69629,0.597506,0.845519
3439,-0.186398,-0.139033,-0.22583
3440,-0.187504,-0.161322,-0.230354
3441,0.656211,0.469839,0.9019
3442,0.815673,0.789631,0.426671
3443,0.224275,0.168212,0.405879
3444,0.991049,0.674922,1.05762
3445,0.369771,0.241177,0.205731
3446,0.0945092,-0.00864983,0.202242
3447,0.307216,0.330985,0.241101
3448,-0.0624382,-0.0507024,-0.0139689
3449,-0.17673,-0.148477,-0.162743
3450,0.470429,0.39096,0.556849
3451,0.0611873,-0.00798667,0.187608
3452,0.734158,0.696616,0.45643
3453,-0.0691906,-0.0261027,-0.148312
3454,0.183509,0.175406,0.122517
3455,0.214555,0.140867,0.0226504
3456,0.184122,0.134563,0.265023
3457,-0.0689285,-0.0740844,-0.0988228
3458,0.0755218,0.0278851,0.0688436
3459,0.165195,0.170395,0.209317
3460,0.11484,0.0162877,-0.0886775
3461,0.530457,0.510159,0.468632
3462,0.548145,0.132166,-0.070669
3463,0.903569,0.955564,1.24148
3464,-0.0716713,-0.0715476,-0.0320395
3465,0.547822,0.241569,0.223006
3466,0.36743,0.291779,0.186297
3467,-0.137913,-0.123713,-0.174755
3468,0.669701,0.319199,0.753495
3469,0.563714,0.517035,0.84843
3470,0.209452,0.243292,-0.0109454
3471,0.0433386,0.0386566,-0.128404
3472,0.55813,0.401437,0.529498
3473,0.464509,0.299805,0.752722
3474,0.65835,0.442036,0.195111
3475,0.302165,0.347508,0.135196
3476,0.198624,0.115097,0.156332
3477,-0.133107,-0.108897,-0.188164
3478,0.333521,0.315451,0.357729
3479,0.326407,0.272285,0.200428
3480,0.595709,0.573567,0.333799
3481,0.50595,0.659339,0.31545
3482,0.341617,0.173942,0.313205
3483,0.0854453,0.0579932,0.154808
3484,0.221529,0.188195,0.24818
3485,0.199268,0.0937788,0.05652
3486,0.737553,0.527263,0.777399
3487,-0.167749,-0.174565,-0.226849
3488,0.690484,0.546444,0.581004
3489,0.509038,0.299347,0.329815
3490,0.583889,0.453829,0.347463
3491,0.574399,0.50744,0.619152
3492,0.303047,0.262189,0.299391
3493,0.0343478,-0.0909578,0.101456
3494,-0.0484023,0.0396922,-0.0789962
3495,0.016903,0.0207723,-0.13328
3496,0.294791,0.101464,0.0158325
3497,-0.0548055,-0.0915278,-0.153367
3498,0.255497,0.244744,0.176842
3499,0.762762,0.461123,0.940557
3500,0.22195,0.132663,-0.0731306
3501,-0.191854,-0.130389,-0.219092
3502,0.356527,0.26564,0.236271
3503,0.211958,0.494091,0.25422
3504,-0.0881224,-0.0202643,-0.0339689
3505,-0.116457,-0.120411,-0.0866469
3506,0.3675,0.257413,0.289282
3507,0.189832,0.149389,0.192372
3508,0.17138,0.0372005,-0.135032
3509,0.618823,0.489468,0.127576
3510,0.373682,0.194135,0.152094
3511,0.298356,0.220265,0.364711
3512,0.124992,0.0115554,0.304602
3513,0.0247476,0.020185,-0.0445448
3514,0.927398,0.639738,1.12297
3515,0.627397,0.385987,0.545926
3516,0.362428,0.391416,0.393086
3517,0.5516,0.383055,0.315667
3518,0.209342,0.147606,0.0883649
3519,0.313523,0.161842,0.276392
3520,0.168569,0.132601,0.324272
3521,0.799123,0.734422,0.622157
3522,0.343806,0.366465,0.379167
3523,0.724959,0.402683,0.975456
3524,0.0679579,0.082499,-0.00208629
3525,-0.0586545,-0.0563139,-0.154543
3526,0.279674,0.175745,0.144758
3527,-0.0265701,0.0316649,-0.0454464
3528,0.549191,0.346612,-0.0745923
3529,0.238702,0.162694,0.340885
3530,0.717308,0.501626,0.337853
3531,-0.0694435,-0.0391677,-0.0553139
3532,0.362499,0.246011,0.525984
3533,-0.0691613,-0.0169209,-0.0276721
3534,1.04182,1.07504,1.04547
3535,0.0191438,-0.0538908,0.248643
3536,0.410113,0.302962,0.0032334
3537,0.366064,0.130617,0.290525
3538,0.220861,0.176868,0.184056
3539,-0.221284,-0.222137,-0.262148
3540,-0.151617,-0.115619,-0.121938
3541,-0.120228,-0.106284,-0.193163
3542,-0.0226592,0.0321631,0.0601344
3543,0.467951,0.182162,0.22181
3544,0.647746,0.766101,0.899795
3545,0.0052475,0.000548694,0.0121984
3546,-0.0292567,0.0580273,-0.0204984
3547,0.634797,0.433922,0.430054
3548,0.982875,0.782987,0.962754
3549,0.23724,0.0911833,0.0621736
3550,0.364137,0.379552,0.378727
3551,-0.160948,-0.141633,-0.254004
3552,0.0103118,0.0150792,-0.0234631
3553,-0.00614209,-0.0228818,0.105803
3554,0.345605,0.526016,0.337995
3555,0.670459,1.10621,1.02913
3556,0.197267,0.237673,0.290764
3557,0.0982723,0.15621,0.166978
3558,0.417978,0.294787,0.650491
3559,0.30117,0.279319,0.341669
3560,0.379273,0.342883,0.435568
3561,-0.0268907,-0.0152871,-0.0905565
3562,0.724476,0.741567,0.615497
3563,0.12804,-0.00211234,0.0823728
3564,0.660319,0.623018,1.0219
3565,0.150419,0.0305058,0.146672
3566,0.0470521,-0.0273743,0.24078
3567,0.25364,0.252949,0.278352
3568,0.427814,0.362928,0.553948
3569,0.535312,0.463846,0.437753
3570,0.150669,0.0238793,0.23289
3571,0.00707372,-0.0187088,0.0642724
3572,-0.00682014,0.013644,-0.0404626
3573,0.843645,0.722839,0.934612
3574,-0.130897,-0.108563,-0.201444
3575,0.0812811,0.0243228,0.0728021
3576,0.307235,0.049195,0.332406
3577,0.202738,0.131786,-0.0555038
3578,0.659894,0.686295,0.467574
3579,0.716115,0.4742,0.361911
3580,0.260992,0.212412,0.342243
3581,0.588536,0.589155,0.733034
3582,0.662373,0.58855,0.889973
3583,0.443876,0.246422,-0.0175794
3584,0.794513,0.445441,1.0095
3585,0.0815697,0.0452039,0.174383
3586,0.221899,0.303986,0.274757
3587,0.406464,0.220065,0.117938
3588,0.179027,0.0433964,0.174523
3589,0.328204,0.177848,0.137603
3590,-0.0905854,-0.0616235,-0.14693
3591,0.120503,0.131193,0.179686
3592,0.414222,0.184965,0.431057
3593,0.170012,0.145844,-0.0663309
3594,-0.0684904,-0.082412,-0.217462
3595,0.507298,0.293009,0.742797
3596,0.689466,0.320869,0.69059
3597,0.12922,0.0516171,-0.031105
3598,-0.0546188,0.00937064,-0.138461
3599,0.278271,0.0656104,-0.101978
3600,0.144613,0.0926759,0.322114
3601,0.706615,0.719619,0.502603
3602,0.965925,0.863067,1.3295
3603,-0.230095,-0.206573,-0.250411
3604,0.146725,0.0836087,-0.0338492
3605,0.713544,0.571064,0.597888
3606,0.125434,0.0996786,0.15108
3607,0.44992,0.333223,0.379052
3608,0.740995,0.377868,0.496376
3609,-0.137174,-0.143336,-0.150411
3610,0.421081,0.574539,0.519904
3611,0.164526,0.115198,0.113058
3612,-0.058314,-0.0581377,-0.108217
3613,0.307103,0.192614,0.335511
3614,0.0432477,0.0603769,0.116727
3615,0.172159,0.0304105,-0.0123436
3616,0.606009,0.663051,0.485583
3617,0.230765,0.13132,0.564055
3618,0.140075,0.0956052,-0.0671749
3619,0.0380103,0.0906,0.0673974
3620,0.553635,0.254587,0.64113
3621,0.279111,0.345092,0.0970768
3622,0.65835,0.66685,0.906041
3623,0.322624,0.646527,0.346129
3624,0.270754,0.315312,0.466158
3625,0.0990349,0.0952901,0.26141
3626,0.328166,0.19271,0.250562
3627,0.106601,0.13608,0.18367
3628,0.304565,0.264313,0.254831
3629,-0.111184,-0.0474043,-0.0986229
3630,0.275245,0.248608,0.163866
3631,0.286012,0.111749,0.0601397
3632,0.35817,0.420358,0.300399
3633,0.465985,0.356662,0.415585
3634,0.365454,0.209554,0.306799
3635,0.0572322,0.0762002,0.00637471
3636,0.611355,0.383002,0.972041
3637,-0.00135942,-0.0386196,-0.0560736
3638,-0.01922,0.0168665,-0.0438034
3639,0.292074,0.172034,0.204857
3640,0.597068,0.623107,0.402567
3641,-0.166088,-0.102982,-0.248445
3642,0.171962,0.168629,0.133198
3643,0.943876,0.924846,0.773464
3644,0.276517,0.168758,0.0436524
3645,-0.0122786,0.0461083,-0.00613042
3646,-0.179103,-0.174943,-0.224661
3647,0.0200225,0.146658,-0.0395521
3648,0.227419,0.112214,0.00595576
3649,-0.0455231,-0.0920185,-0.125141
3650,0.317042,0.118516,0.0642848
3651,0.553997,0.262907,0.042666
3652,0.00607992,0.0651617,0.0178107
3653,0.42687,0.55932,0.424766
3654,0.241168,0.331421,0.408414
3655,0.569458,0.409187,0.685855
3656,-0.0661837,-0.0372902,-0.117705
3657,0.0708351,0.0425179,0.106115
3658,0.579779,0.371815,0.537367
3659,0.0832705,0.0871634,-0.0223549
3660,0.790314,0.490615,0.448306
3661,0.187295,0.247804,0.0314034
3662,0.31862,0.238977,0.291775
3663,0.536883,0.371044,0.350847
3664,0.0251925,-0.0348016,-0.105296
3665,0.0707162,0.0481702,0.146132
3666,0.735546,0.361958,0.884548
3667,-0.145341,-0.106206,-0.0827343
3668,0.426584,0.481473,0.358068
3669,0.0840117,0.0502466,0.227721
3670,0.30297,0.262202,0.285909
3671,0.0339999,0.0326308,0.0342592
3672,-0.00775885,0.0286963,0.069251
3673,0.0230857,0.0823298,0.16058
3674,0.945067,0.689171,0.514432
3675,0.243221,0.224473,0.417017
3676,0.892122,0.871444,1.39397
3677,0.485742,0.26767,0.298369
3678,0.285662,0.320198,0.228851
3679,0.773842,0.919049,1.14958
3680,0.260319,0.252411,0.200129
3681,0.463609,0.547774,0.364476
3682,-0.0709702,-0.061128,-0.0698753
3683,0.788873,0.559026,0.411183
3684,0.155228,0.15578,0.187318
3685,0.225578,0.147974,-0.051375
3686,0.052367,0.0339772,0.261696
3687,0.223164,0.310336,0.209983
3688,-0.0217636,-0.0396253,-0.060785
3689,0.00326151,0.0449898,-0.140936
3690,0.0275016,0.0529084,-0.0454812
3691,0.454164,0.487147,0.236269
3692,0.234215,0.357315,0.129692
3693,0.503261,0.36979,0.431008
3694,0.61834,0.375102,0.410494
3695,0.758393,0.777807,0.40191
3696,0.802191,0.690222,1.00163
3697,-0.112378,-0.0947751,-0.138829
3698,0.0343167,0.053596,-0.115492
3699,0.877003,0.7558,0.64766
3700,0.686459,0.541798,0.634347
3701,0.0784606,0.113025,0.313184
3702,-0.0341837,-0.0976116,-0.154872
3703,0.281607,0.233642,0.322403
3704,0.87399,1.04234,0.764091
3705,-0.142813,-0.053159,-0.190777
3706,-0.0172247,0.0471543,-0.0381152
3707,0.388371,0.36167,0.371071
3708,0.158151,0.0539522,0.256055
3709,0.177426,0.365568,0.375305
3710,0.107325,0.0558591,0.057647
3711,0.115439,0.167287,0.2289
3712,0.043454,0.0315506,0.0641117
3713,0.805007,0.561278,0.430536
3714,0.32432,0.130861,0.27464
3715,0.51627,0.391905,0.738687
3716,0.0832588,0.281403,0.437382
3717,-0.160555,-0.1216,-0.215525
3718,0.205316,0.12836,0.31023
3719,0.655461,0.604081,0.558217
3720,0.342757,0.387462,0.266049
3721,0.614665,0.316674,0.279068
3722,0.0712559,0.0823728,0.0863079
3723,0.616073,0.396992,0.757736
3724,0.868234,0.790831,0.880856
3725,-0.0910809,-0.135402,-0.210083
3726,0.336766,0.2074,0.332669
3727,-0.0423967,-0.000333742,-0.117979
3728,0.0812369,0.0813716,0.140435
3729,0.748466,0.350255,0.456625
3730,0.6791,0.406392,0.483119
3731,0.8292,0.712904,1.08953
3732,0.850292,0.577821,1.32121
3733,0.154547,0.111084,0.266776
3734,0.408163,0.426923,0.213417
3735,0.100173,0.104534,0.184182
3736,-0.121404,-0.0614149,-0.0618751
3737,0.270295,0.115186,0.0882206
3738,0.744632,0.71623,0.491207
3739,-0.068303,-0.0461772,-0.0331051
3740,0.412814,0.239101,0.389075
3741,0.425557,0.440638,0.259188
3742,0.261599,0.240853,0.495637
3743,0.119769,0.133176,3.21952e-05
3744,0.838403,0.599985,0.592844
3745,-0.225555,-0.205315,-0.183744
3746,0.618312,0.288156,0.13795
3747,-0.0878116,-0.0495411,-0.153097
3748,0.125482,0.103371,0.162315
3749,-0.00861481,0.0526736,0.00222971
3750,0.0919886,0.220666,0.0130895
3751,-0.127877,-0.064861,-0.151198
3752,0.339324,0.239747,0.24524
3753,0.404422,0.289118,0.352754
3754,-0.0629775,-0.0769495,-0.129311
3755,0.853074,0.772889,1.16016
3756,0.0973228,0.0733099,0.110465
3757,-0.0433018,-0.0527706,-0.141298
3758,0.74896,0.855052,1.1192
3759,-0.110246,-0.133156,-0.168571
3760,-0.0343055,0.0446344,-0.068039
3761,0.139719,0.0974619,0.218029
3762,0.196157,0.204066,0.257234
3763,0.153777,0.1617,0.407973
3764,1.07904,0.817898,1.42104
3765,-0.00285812,-0.0594695,-0.123115
3766,0.133944,0.0647549,0.248313
3767,0.0820822,0.133528,0.045284
3768,0.0806236,0.127666,0.27114
3769,-0.112831,-0.049801,-0.0863717
3770,0.63394,0.517072,0.352151
3771,-0.0804901,-0.0710186,-0.150651
3772,0.098492,0.0793394,0.105022
3773,-0.16577,-0.152129,-0.248288
3774,0.549923,0.529325,0.715543
3775,0.367148,0.184877,0.439796
3776,0.595079,0.331063,0.722199
3777,-0.0501152,-0.0498923,-0.171819
3778,-0.150554,-0.160458,-0.216697
3779,0.602304,0.485361,0.35012
3780,-0.0394357,0.01791,-0.0234264
3781,-0.060386,-0.0505202,0.00217273
3782,0.586284,0.338762,0.76353
3783,0.115845,0.100248,0.15671
3784,0.374924,0.318855,0.541133
3785,0.196779,0.21241,0.233349
3786,0.221581,0.25851,0.227298
3787,0.289221,0.251477,0.27194
3788,-0.092797,-0.04278,-0.110999
3789,0.879152,0.584611,1.10984
3790,0.656128,0.429795,0.837522
3791,0.49994,0.287477,0.244877
3792,0.078777,0.0999536,0.060365
3793,0.00945199,-0.0219235,-0.0709776
3794,0.387063,0.372964,0.147084
3795,0.594715,0.522807,0.709766
3796,0.256927,0.374029,0.12896
3797,0.334763,0.391766,0.345199
3798,0.209258,0.117197,0.00696979
3799,0.0699445,-0.0311082,-0.0441584
3800,-0.116622,-0.159364,-0.112217
3801,0.23987,0.201169,0.0793045
3802,0.26752,0.339557,0.340939
3803,-0.0133615,0.0525231,-0.013168
3804,-0.0568123,-0.0295685,-0.0642328
3805,0.14999,0.0513884,-0.0380737
3806,0.964129,0.696126,0.568974
3807,0.240669,0.0786146,-0.135779
3808,0.0135538,0.0300772,0.00408973
3809,0.413968,0.201458,-0.026288
3810,0.491002,0.402156,0.390339
3811,0.098072,-0.0411908,0.132557
3812,-0.178087,-0.0978809,-0.191639
3813,0.461546,0.353211,0.531131
3814,-0.169633,-0.101085,-0.152633
3815,0.246861,0.279773,0.18986
3816,0.433756,0.327814,0.383369
3817,0.536421,0.285888,0.128236
3818,-0.0961907,-0.105104,-0.0287806
3819,0.00397446,-0.00279601,0.0525945
3820,0.221258,0.197644,0.387029
3821,0.374607,0.403653,0.706062
3822,-0.0355216,-0.107979,-0.184168
3823,0.0592971,0.0489518,0.24016
3824,0.164231,0.164803,0.0134062
3825,0.262808,0.212965,0.130629
3826,0.117993,0.155563,0.404059
3827,0.115191,0.0818194,0.13283
3828,0.0428093,-0.0368633,-0.175
3829,-0.052016,0.0131202,-0.0839785
3830,0.541004,0.423596,0.534411
3831,0.0384152,0.0119963,-0.0407225
3832,0.827827,0.434926,0.351692
3833,0.121457,0.109086,0.352876
3834,-0.0946673,-0.0541603,-0.101121
3835,-0.113905,-0.0211369,-0.124643
3836,0.65667,0.519287,0.479318
3837,0.295431,0.14889,0.140974
3838,0.177807,0.147448,0.0594973
3839,0.613886,0.546395,0.584875
3840,0.141382,0.00214788,-0.141067
3841,0.98286,0.900906,1.361
3842,0.463361,0.461541,0.573541
3843,0.929878,0.715944,0.543009
3844,0.45212,0.256865,0.40513
3845,0.328937,0.31292,0.437394
3846,0.366418,0.402834,0.18883
3847,0.535141,0.628544,0.627476
3848,-0.127859,-0.062915,-0.201601
3849,0.650152,0.384509,0.266111
3850,0.946846,0.79019,0.931641
3851,-0.184178,-0.136769,-0.108845
3852,-0.0792003,-0.0559702,-0.106759
3853,0.923539,0.677108,1.10793
3854,0.0930875,0.0268874,0.0401076
3855,-0.133053,-0.13166,-0.192705
3856,-0.0114595,0.0231874,-0.0206453
3857,0.130999,0.119038,-0.0521889
3858,0.520102,0.588818,0.168373
3859,0.640362,0.561949,0.854917
3860,0.511202,0.559976,0.654111
3861,0.763941,0.623505,1.16448
3862,0.148153,0.103943,0.463374
3863,0.383669,0.286256,0.213041
3864,0.457742,0.497667,0.450696
3865,0.645811,0.690504,0.950855
3866,0.265287,0.247704,0.173456
3867,-0.117114,-0.0197972,-0.0491132
3868,0.483569,0.149964,0.32612
3869,0.874862,0.730703,1.28029
3870,-0.12249,-0.0603135,-0.158632
3871,0.192659,0.104507,0.432014
3872,0.600297,0.435006,0.489737
3873,0.0530269,0.0863067,0.123784
3874,0.767459,0.629178,0.93599
3875,-0.0830837,-0.0598735,-0.144311
3876,0.14254,0.113339,0.0334577
3877,0.781743,0.499593,0.896535
3878,0.83475,0.684768,0.494096
3879,0.0259407,0.0389966,0.0413215
3880,1.02991,0.934689,1.09885
3881,0.281426,0.294291,0.193488
3882,0.0720693,0.0597191,0.0837302
3883,-0.0926841,-0.0679549,-0.128126
3884,0.20513,0.200756,0.324009
3885,-0.16755,-0.128865,-0.202938
3886,-0.124475,-0.0859705,-0.148265
3887,0.288554,0.292899,0.119047
3888,0.660208,0.395956,0.37292
3889,1.26812,1.30434,1.3575
3890,0.292988,0.128755,0.246275
3891,0.409777,0.411762,0.362497
3892,0.500796,0.321679,0.777381
3893,0.21752,0.139818,0.105271
3894,-0.0419205,0.000606987,-0.046527
3895,0.110447,0.0855712,-0.139801
3896,-0.160264,-0.175122,-0.0907499
3897,-0.113744,-0.100432,-0.17069
3898,0.705474,0.707872,0.649818
3899,0.299329,0.136718,0.439476
3900,-0.127508,-0.0846707,-0.174044
3901,0.396446,0.422658,0.346455
3902,0.937946,0.88322,0.954895
3903,0.745442,0.552848,0.483972
3904,0.535478,0.605286,0.293198
3905,0.286807,0.255045,0.240908
3906,0.323236,0.335125,0.147678
3907,0.692332,0.389143,0.573923
3908,0.489156,0.520084,0.444437
3909,0.478338,0.450318,0.168243
3910,0.167616,0.1934,0.209974
3911,-0.0166882,-0.0449481,0.124321
3912,0.0866878,0.000473863,0.0541902
3913,0.770537,0.567275,1.10921
3914,0.492974,0.389538,-0.136278
3915,0.128669,0.0858042,0.0239195
3916,0.762653,0.766998,0.61331
3917,0.806059,0.508503,0.926143
3918,0.787231,0.764697,1.07893
3919,0.301393,0.261178,0.0275237
3920,0.448701,0.323374,0.302163
3921,0.22003,0.29664,0.421488
3922,0.623277,0.555818,0.767193
3923,0.375869,0.336181,0.367844
3924,0.279393,0.28581,0.00835834
3925,-0.0460748,0.039556,-0.0660497
3926,0.612956,0.70388,0.673519
3927,0.154713,0.144355,0.2479
3928,0.504735,0.3114,0.568161
3929,-0.0263029,0.0392407,-0.0580208
3930,-0.0328322,0.0513328,-0.111739
3931,-0.0334813,-0.0203998,-0.124839
3932,0.693587,0.452299,0.333457
3933,-0.0884749,-0.0865756,-0.179947
3934,0.424661,0.251963,-0.012828
3935,0.18058,0.176513,0.179017
3936,0.91204,0.785082,0.609813
3937,0.210962,0.28028,0.162234
3938,0.0050048,-0.0323383,-0.0150834
3939,0.45335,0.357366,0.358056
3940,-0.0592878,-0.0246412,-0.0662799
3941,0.402149,0.383861,0.343487
3942,-0.132894,-0.122569,-0.136546
3943,0.331851,0.233634,0.193115
3944,0.299118,0.139246,0.375146
3945,0.785599,0.372597,0.669082
3946,0.691742,0.247686,0.361728
3947,-0.0346638,-0.0156656,-0.116734
3948,0.572903,0.386356,0.670129
3949,0.572665,0.88009,0.763117
3950,0.678871,0.319417,0.350854
3951,0.0387344,0.0665157,0.0801333
3952,0.271444,0.266326,0.228313
3953,-0.163981,-0.15412,-0.21165
3954,0.578712,0.410237,0.440356
3955,0.289612,0.141358,-0.0219111
3956,0.494003,0.443663,0.264112
3957,0.148882,0.222349,0.239701
3958,0.507991,0.367996,0.433145
3959,-0.0499666,-0.0264983,-0.00302381
3960,0.171371,0.135229,0.113289
3961,-0.0616011,-0.0938892,-0.115924
3962,0.289868,0.352014,0.197843
3963,0.634182,0.453659,0.87537
3964,0.0721651,0.0992547,0.0385281
3965,0.436722,0.442812,0.379142
3966,0.354221,0.313814,0.411542
3967,0.534663,0.379116,0.55499
3968,-0.248393,-0.184922,-0.325745
3969,0.400448,0.456169,0.464842
3970,0.268397,0.524876,0.268816
3971,0.635653,0.73079,0.40803
3972,0.430347,0.441107,0.406672
3973,-0.138458,-0.0810965,-0.190607
3974,0.18851,0.115914,0.231845
3975,0.0254833,-0.031846,0.254505
3976,0.832498,0.86222,1.12358
3977,-0.0782316,-0.0309816,-0.154422
3978,0.549788,0.312275,0.344223
3979,-0.118925,-0.0660601,-0.137432
3980,0.745439,0.746905,1.10042
3981,0.271619,0.110754,0.149548
3982,0.271556,0.367853,0.238118
3983,0.426982,0.242202,0.455048
3984,-0.0969224,-0.0156406,-0.0108838
3985,0.13035,0.110095,0.148635
3986,0.480163,0.272333,0.480798
3987,0.246904,0.300153,0.253909
3988,0.00550674,0.0155553,0.142928
3989,-0.0782646,0.0152786,-0.101088
3990,0.337408,0.253584,0.383113
3991,-0.0879316,-0.0512516,-0.0478053
3992,0.447751,0.320296,0.355084
3993,0.799277,0.698067,0.34861
3994,0.332066,0.351788,0.253456
3995,0.331093,0.348803,0.190968
3996,0.0641506,0.0164275,-0.022032
3997,0.167222,0.0209473,-0.0720799
3998,-0.100803,-0.085846,-0.185171
3999,0.156216,0.0975738,0.394105
4000,0.469004,0.201213,0.547229
4001,0.120344,0.0735567,-0.120628
4002,0.198836,0.127573,0.31944
4003,0.53766,0.440875,0.504208
4004,0.250856,0.227576,0.108734
4005,0.737255,0.564916,0.471599
4006,0.659397,0.712474,0.654931
4007,-0.0665201,-0.0372383,-0.0354733
4008,0.178681,0.118865,0.146738
4009,-0.0482778,-0.0376439,-0.134631
4010,0.207908,0.151976,0.239051
4011,0.689466,0.688923,0.664222
4012,0.501982,0.289044,0.720607
4013,0.274769,0.145342,0.591496
4014,0.193681,0.117347,0.260801
4015,0.749477,0.690807,0.672314
4016,0.630174,0.524329,0.601815
4017,0.201531,0.160055,0.342933
4018,0.452245,0.422107,0.178626
4019,0.172407,0.196278,0.363569
4020,-0.111074,-0.0627385,-0.138178
4021,0.597771,0.674845,0.412761
4022,0.0878868,0.192551,0.231614
4023,0.536736,0.443397,0.439321
4024,0.340327,0.266692,0.0672283
4025,1.06082,0.696466,0.303223
4026,0.239775,0.163887,-0.101794
4027,0.203351,0.143844,0.411505
4028,0.373002,0.246315,0.299598
4029,0.211881,0.17919,0.31716
4030,0.13983,0.0429169,0.264947
4031,-0.0569954,-0.00602802,-0.0851331
4032,0.497031,0.432454,0.346905
4033,-0.0646734,-0.00765275,-0.0590625
4034,0.314359,0.169683,0.245382
4035,0.130555,0.119608,0.31319
4036,-0.183733,-0.170873,-0.213733
4037,0.177196,0.179092,0.360839
4038,0.256928,0.305653,0.20934
4039,0.624116,0.660724,0.639613
4040,0.288564,0.210792,0.241117
4041,0.0615046,0.0866724,0.00396518
4042,-0.0522265,-0.0174887,-0.11203
4043,0.498239,0.274978,0.407832
4044,0.139185,0.0654851,0.069069
4045,0.108995,0.17403,0.114354
4046,0.648257,0.422968,1.04359
4047,0.234393,0.476154,0.232134
4048,0.679233,0.78194,0.771643
4049,0.411354,0.163388,0.435005
4050,0.453125,0.366255,0.429707
4051,0.209409,0.15458,0.339129
4052,0.729636,0.649334,0.678415
4053,0.265854,0.143794,0.240209
4054,0.270257,0.327311,0.0143594
4055,0.0252947,-0.0284231,-0.106478
4056,-0.0535444,-0.0584836,-0.0318859
4057,-0.00552415,0.00697762,0.11631
4058,0.194557,0.186085,0.262804
4059,-0.0645662,0.0236355,-0.0476168
4060,0.287465,0.286293,0.34706
4061,0.30324,0.181423,0.219751
4062,0.282963,0.14309,0.273024
4063,0.433072,0.604355,0.80166
4064,0.483155,0.22275,0.387563
4065,0.219689,0.18147,0.110597
4066,0.283075,0.109689,0.0542738
4067,0.0509019,0.0121557,0.306434
4068,0.27513,0.16709,0.214289
4069,0.135629,0.171268,0.262494
4070,0.212285,0.178377,0.0558847
4071,-0.155987,-0.0964708,-0.151386
4072,0.84508,1.33677,1.23686
4073,-0.187497,-0.175876,-0.302407
4074,0.517819,0.68809,0.539856
4075,0.0266647,0.02604,0.1095
4076,0.404505,0.221845,0.249371
4077,-0.0403943,-0.0552058,-0.0317141
4078,0.466597,0.535045,0.394183
4079,-0.100308,-0.0392759,-0.184497
4080,0.676445,0.530588,0.980392
4081,0.081508,0.0599176,-0.0576273
4082,0.39137,0.342392,0.500254
4083,0.10754,0.0809707,-0.113707
4084,0.345548,0.367881,0.262565
4085,0.568581,0.523581,0.914903
4086,-0.0855152,-0.0722188,-0.103584
4087,0.760432,0.39077,1.07271
4088,-0.0247234,0.0020296,0.109729
4089,-0.109102,0.00950711,-0.0765789
4090,0.248208,0.259876,0.166337
4091,0.184373,0.0941451,0.215033
4092,0.261326,-0.0216989,0.0262771
4093,0.288328,0.322401,0.249504
4094,0.701062,0.402106,0.934923
4095,0.425717,0.590542,0.33637
4096,0.294083,0.278249,0.198016
4097,0.0273656,-0.0318202,0.150176
4098,0.338891,0.358559,0.347512
4099,0.445809,0.355492,0.523501
4100,-0.199374,-0.171612,-0.191543
4101,-0.0727693,-0.0172496,-0.160592
4102,0.336943,0.246372,0.0194105
4103,0.0991057,0.0173096,0.122185
4104,0.754829,0.794954,0.960457
4105,0.136557,0.119678,0.109623
4106,1.24755,1.04106,1.55834
4107,0.78866,0.554166,1.09438
4108,0.87008,0.554125,0.961802
4109,0.19544,0.0184978,0.0836927
4110,0.218657,0.21833,0.176964
4111,0.0335275,0.0938945,-0.0571192
4112,0.69741,0.534629,0.602593
4113,-0.131582,-0.114923,-0.151473
4114,0.0897136,0.0753319,-0.0612577
4115,0.166709,0.107274,0.0932536
4116,0.307707,0.43165,0.18607
4117,0.152854,0.160238,0.273452
4118,0.211693,0.135356,0.353684
4119,0.174793,0.18934,0.382486
4120,0.654753,0.313045,0.145365
4121,-0.14983,-0.105278,-0.0943535
4122,0.785416,0.527349,0.183856
4123,0.631025,0.570884,1.04401
4124,0.254168,0.267064,0.110344
4125,0.186638,0.371257,0.401575
4126,0.24558,0.200413,0.439841
4127,0.378237,0.293157,0.203602
4128,-0.0363634,0.00807655,-0.0433995
4129,-0.0428099,-0.0616076,-0.103749
4130,-0.174814,-0.120472,-0.175987
4131,0.0546551,-0.00722605,-0.113308
4132,0.712338,0.493047,0.223339
4133,0.255088,0.184818,0.0808379
4134,-0.123567,-0.121818,-0.189788
4135,0.377362,0.26842,0.350802
4136,0.267556,0.35635,0.0237509
4137,-0.0616553,-0.0165102,-0.117881
4138,0.341854,0.106528,0.0565437
4139,0.128756,0.0988182,0.205372
4140,0.0986816,0.025581,0.239149
4141,-0.0786342,-0.0519937,-0.0490722
4142,0.83278,0.466933,0.996799
4143,-0.121958,-0.0378315,-0.105452
4144,-0.147498,-0.132595,-0.157882
4145,0.19219,0.213277,-0.0056466
4146,0.258451,0.236611,0.366892
4147,0.731778,0.600565,0.460236
4148,0.299571,0.400403,0.311547
4149,0.342073,0.222653,0.206321
4150,0.250174,0.129693,0.159612
4151,0.546946,0.690084,0.489225
4152,0.0799266,0.0190126,0.218817
4153,0.444248,0.288843,0.410754
4154,-0.145133,-0.0886816,-0.222827
4155,0.1414,0.0915217,0.253717
4156,0.99215,0.615817,1.04083
4157,0.0441916,0.0155615,0.0785753
4158,-0.0203476,0.0115396,-0.0750176
4159,0.776799,0.614041,0.772677
4160,0.257297,0.218727,0.523651
4161,-0.145115,-0.134679,-0.208529
4162,-0.200776,-0.17674,-0.218676
4163,0.18913,0.00167038,0.218143
4164,0.0430826,-0.00576567,0.227929
4165,-0.056637,-0.0904502,-0.0406282
4166,0.223791,0.16883,-0.00860757
4167,0.152075,0.222018,0.40433
4168,0.622187,0.552459,0.362132
4169,0.555043,0.25508,0.8492
4170,0.00886833,0.0335832,0.228358
4171,0.918812,0.47324,0.988851
4172,0.140258,0.12633,-0.0293341
4173,-0.111962,-0.0922098,-0.0495734
4174,0.545047,0.506709,0.437032
4175,0.430127,0.161218,-0.0716515
4176,-0.0882228,-0.0589751,-0.0605521
4177,-0.184006,-0.174012,-0.217783
4178,0.145272,0.0644121,0.292188
4179,0.417178,0.294458,0.240567
4180,0.888943,0.55506,0.718029
4181,0.565084,0.447747,0.744217
4182,1.03844,0.911025,1.04038
4183,0.121964,0.11149,0.206925
4184,-0.0682164,-0.0589491,-0.17606
4185,0.0986167,0.0471043,0.0670681
4186,0.468031,0.3395,0.406584
4187,0.243231,0.240629,0.292045
4188,-0.111749,-0.11476,-0.152769
4189,0.474928,0.388602,0.462723
4190,0.51707,0.612157,0.542848
4191,-0.0517413,-0.0248581,-0.105262
4192,0.0570924,0.140769,0.225084
4193,0.387074,0.208012,0.167577
4194,0.463054,0.278352,0.326621
4195,0.328585,0.0935614,0.108992
4196,0.244859,0.175511,0.00753772
4197,-0.0376872,-0.0522377,-0.201111
4198,0.298834,0.182362,0.475998
4199,0.39792,0.290809,0.436621
4200,0.296932,0.236713,0.239711
4201,0.376834,0.205088,0.261579
4202,0.233151,0.114298,0.30036
4203,-0.224727,-0.215396,-0.241109
4204,0.438193,0.213526,0.315734
4205,0.10423,-0.0176718,0.224099
4206,0.773143,0.473311,0.897824
4207,0.183436,0.139825,0.290572
4208,0.481274,0.248328,0.189324
4209,0.618635,0.519087,0.404662
4210,0.0648964,0.0626291,-0.121881
4211,0.430313,0.270097,0.451012
4212,-0.073187,-0.0669039,-0.176451
4213,-0.0533516,-0.0476988,-0.114967
4214,0.12802,0.0348532,0.312507
4215,0.321366,0.234332,0.401707
4216,0.187154,0.0551992,0.118916
4217,-0.232553,-0.199688,-0.237487
4218,-0.188803,-0.129724,-0.207041
4219,0.996436,0.80603,1.33116
4220,0.173825,0.00976158,-0.0460599
4221,0.435242,0.168145,0.337426
4222,0.490792,0.478919,0.0358428
4223,0.017262,0.0889076,0.134244
4224,0.289251,0.257767,0.205549
4225,0.518518,0.418479,0.788244
4226,0.288489,0.240538,0.214368
4227,0.11339,0.188503,0.348507
4228,-0.0352865,-0.115095,0.035156
4229,0.0254332,0.0309221,0.155109
4230,0.246235,0.1928,0.496465
4231,0.387409,0.222589,0.220369
4232,-0.158036,-0.158173,-0.134114
4233,0.816494,0.53992,0.532424
4234,0.15056,0.0745354,0.190361
4235,0.40026,0.208714,0.556041
4236,0.681918,0.426713,1.08205
4237,0.743423,0.441782,0.485931
4238,0.333613,0.228061,0.491931
4239,0.830949,0.431808,0.972885
4240,-0.0652843,-0.0949868,-0.138699
4241,0.187585,0.139017,0.232465
4242,0.397169,0.341681,0.643008
4243,0.406393,0.160418,0.281455
4244,0.12892,0.150195,0.0161314
4245,0.391927,0.381672,0.553022
4246,0.0607303,0.0210517,0.247097
4247,0.297056,0.21202,0.169122
4248,0.235908,0.183927,0.038701
4249,0.521223,0.354232,0.663936
4250,0.0892385,0.0755761,-0.0770643
4251,0.533009,0.389425,0.415763
4252,0.29544,0.146396,0.37836
4253,0.162474,0.0946782,0.328125
4254,-0.17905,-0.137075,-0.228417
4255,0.247697,0.202674,-0.0508807
4256,0.135894,0.118616,0.342423
4257,0.806524,0.575169,1.08703
4258,0.643804,0.329161,0.861703
4259,-0.200077,-0.171642,-0.13726
4260,0.54922,0.31639,0.421382
4261,0.492704,0.279998,0.0966739
4262,-0.00887743,-0.0235902,0.0780163
4263,0.683416,0.621239,0.771136
4264,-0.0388784,-0.0426342,-0.0833414
4265,0.207832,0.105063,0.266499
4266,0.868156,0.636638,0.963348
4267,0.723374,0.453819,0.468767
4268,0.398759,0.374805,0.369551
4269,0.44101,0.360932,0.319
4270,0.846062,0.484899,0.668899
4271,0.355614,0.576386,0.321338
4272,-0.180123,-0.159161,-0.183767
4273,0.0984702,0.135846,-0.0577654
4274,0.425358,0.417921,0.353635
4275,0.509725,0.346739,0.355948
4276,-0.0415944,0.0436526,0.0170296
4277,0.395045,0.352676,0.172111
4278,0.191679,0.14089,0.241847
4279,0.712586,0.508819,0.244844
4280,0.190817,0.224376,0.101692
4281,0.174474,0.229691,0.117838
4282,0.528858,0.59143,0.795917
4283,0.88513,0.495285,0.888108
4284,0.431299,0.439121,0.375121
4285,0.0889951,0.0780432,-0.172012
4286,0.528844,0.443764,0.550813
4287,0.038301,0.0455292,0.026854
4288,0.391379,0.246364,0.138374
4289,-0.141843,-0.161124,-0.090774
4290,0.696195,0.645327,0.869401
4291,0.303814,0.288755,0.351688
4292,0.787962,0.707675,0.731387
4293,-0.0424386,-0.01248,-0.117677
4294,0.273659,0.162479,0.188408
4295,0.137582,0.164236,0.304805
4296,-0.110157,-0.0791953,-0.126608
4297,0.260719,0.287247,0.125427
4298,0.664616,0.563583,0.796788
4299,0.584471,0.606928,0.77484
4300,0.0807117,0.114296,0.0881455
4301,0.490539,0.334663,1.17398
4302,0.247308,0.251663,0.106093
4303,0.233529,0.269679,0.481248
4304,0.449188,0.386684,0.33412
4305,0.582094,0.282415,0.0612211
4306,0.287849,0.238166,0.310433
4307,0.225715,0.192277,0.107407
4308,0.904828,0.666944,0.786355
4309,0.216946,0.261623,0.182496
4310,0.109583,0.0397526,0.234792
4311,0.75176,0.70675,0.609598
4312,-0.0853361,-0.0584939,-0.110919
4313,0.560254,0.224312,0.69119
4314,0.389061,0.36355,0.250581
4315,0.613084,0.415485,0.422775
4316,0.229911,0.205035,0.294574
4317,-0.0194235,-0.010104,-0.0206747
4318,-0.0908713,-0.0598418,-0.167081
4319,0.589214,0.430577,0.618689
4320,0.462906,0.341502,0.651065
4321,0.056584,0.0654124,0.184328
4322,0.682426,0.479086,0.295574
4323,0.782306,0.540648,0.838279
4324,-0.148198,-0.142458,-0.0624491
4325,-0.104174,-0.102179,-0.108137
4326,0.427875,0.272297,0.485566
4327,0.928682,0.742094,1.11927
4328,-0.211483,-0.178372,-0.160658
4329,0.0136648,0.0330476,0.0148169
4330,0.872137,0.748407,0.533349
4331,0.465949,0.502464,0.234963
4332,-0.0835004,-0.0789302,-0.106907
4333,0.420613,0.503968,0.441891
4334,0.577491,0.427949,0.757295
4335,-0.125759,-0.10289,-0.133671
4336,0.153017,0.160793,0.317966
4337,0.41777,0.277101,0.454369
4338,0.505079,0.270677,0.316986
4339,0.732725,0.643679,0.549891
4340,0.557426,0.610441,0.604603
4341,0.646497,0.391786,0.228251
4342,0.110404,0.136769,0.270825
4343,0.423405,0.243042,0.327526
4344,0.228862,0.189435,0.340993
4345,0.128716,0.0430779,0.162339
4346,0.130311,0.105621,0.0264306
4347,0.526602,0.517621,0.499897
4348,-0.0653999,-0.0636191,-0.170917
4349,0.484603,0.401435,0.680189
4350,-0.127472,-0.0487017,-0.0928544
4351,0.183063,0.260334,0.261146
4352,-0.0846761,-0.0801865,-0.111717
4353,0.324309,0.480673,0.21117
4354,0.401921,0.272641,0.184255
4355,-0.0118916,-0.0476388,0.0875247
4356,0.0133702,0.0258431,0.159131
4357,0.402889,0.231796,0.742774
4358,0.16115,0.170431,0.0741384
4359,0.45849,0.334717,0.381604
4360,0.174168,0.102837,0.129816
4361,0.678598,0.622385,0.694276
4362,-0.243288,-0.234389,-0.234232
4363,-0.0530956,-0.021844,-0.058406
4364,0.132738,0.0558289,0.19391
4365,-0.135913,-0.0960241,-0.157735
4366,0.827521,0.803071,0.916133
4367,-0.0162517,-0.0351723,0.101802
4368,0.181345,0.153383,0.191668
4369,0.0804234,0.0727321,0.151068
4370,0.0640896,0.0755019,0.010711
4371,0.0725926,0.137936,0.117511
4372,-0.263675,-0.207447,-0.331749
4373,0.662441,0.437394,0.931566
4374,0.856591,0.682065,0.774919
4375,0.339956,0.132097,0.0985401
4376,0.996142,0.709161,1.16992
4377,-0.149649,-0.11404,-0.183262
4378,0.360125,0.245595,0.193891
4379,0.229885,0.161054,-0.0942224
4380,0.0521617,0.0264922,-0.141103
4381,0.387761,0.455383,0.616063
4382,-0.0606687,0.0403767,-0.129885
4383,0.525378,0.300384,0.278071
4384,-0.0145022,-0.0106746,0.00826562
4385,0.0873266,0.110827,0.27902
4386,-0.101922,-0.0459069,-0.137743
4387,0.81549,0.841892,0.914146
4388,0.258659,0.169802,0.359544
4389,0.130913,0.140936,0.254699
4390,0.258304,0.188677,0.0642892
4391,0.0473509,-0.00869768,0.0967078
4392,0.262346,0.0923716,0.232757
4393,0.397545,0.344637,0.192299
4394,-0.0293015,-0.0469907,-0.0973153
4395,0.547391,0.298383,0.635722
4396,0.325988,0.183138,0.0787499
4397,0.00141382,-0.00450368,0.0446175
4398,0.480069,0.409322,0.328353
4399,-0.102635,-0.0802127,-0.153966
4400,0.380292,0.289951,0.284736
4401,0.285473,0.222243,0.573972
4402,0.0410198,0.0285115,0.321474
4403,0.0271087,0.0939937,0.13491
4404,0.580541,0.620955,0.793114
4405,-0.0850089,-0.088263,-0.0214159
4406,0.0205218,0.0340268,0.0696623
4407,0.0192543,0.063763,0.127747
4408,0.137872,0.0233524,0.25633
4409,0.302456,0.132121,0.283997
4410,-0.0942253,-0.0879159,-0.13058
4411,0.651926,0.489165,0.460854
4412,0.861302,0.549467,0.723191
4413,-0.162615,-0.113749,-0.205376
4414,-0.10772,-0.0826418,-0.104363
4415,0.338438,0.298447,0.312215
4416,0.682564,0.421421,0.356555
4417,-0.035639,0.0374145,-0.177967
4418,0.818279,0.582492,0.958511
4419,0.812128,0.433251,0.903408
4420,0.411314,0.34519,0.588874
4421,0.205769,0.0693075,0.255313
4422,-0.110526,-0.022455,-0.0717958
4423,0.110029,0.105651,0.364342
4424,0.156174,0.0637997,0.0267586
4425,0.0791583,-0.00896639,-0.093957
4426,0.0812341,-0.0699684,0.139683
4427,0.201571,0.126554,0.0319451
4428,0.338263,0.375909,0.230827
4429,0.41914,0.394001,-0.000738295
4430,0.808154,0.540888,0.296378
4431,0.122552,0.0385792,0.0764727
4432,0.430849,0.41213,0.557664
4433,0.118062,0.0620647,0.14351
4434,0.188942,0.211844,0.418705
4435,0.0764415,0.211358,0.199672
4436,0.176653,0.134931,0.131517
4437,-0.14775,-0.0818336,-0.16855
4438,0.673028,0.532893,0.888349
4439,0.421031,0.27107,0.176025
4440,0.0597391,0.0973539,0.0320889
4441,0.981184,0.710449,0.754589
4442,0.616052,0.428251,0.238506
4443,0.0311203,0.0963011,0.138411
4444,0.785744,0.421653,0.690997
4445,0.739122,0.656402,0.928359
4446,-0.0738137,-0.104314,-0.116995
4447,0.424508,0.361089,0.298277
4448,0.762587,0.556452,0.559468
4449,0.168045,0.173859,0.168645
4450,-0.0561078,-0.0294192,-0.107442
4451,-0.0432745,0.0202323,-0.0815922
4452,0.702176,0.525054,0.468879
4453,0.181041,0.053615,-0.132052
4454,0.324397,0.239604,0.305044
4455,0.276024,0.487958,0.320626
4456,0.416755,0.422464,0.33132
4457,0.485331,0.316214,0.0956985
4458,0.489234,0.349869,0.194163
4459,0.826731,0.79439,1.13022
4460,-0.0315801,-0.0521192,0.187932
4461,0.224841,0.0326962,0.0253715
4462,0.070415,-0.0274955,-0.0345638
4463,0.768166,0.741522,0.915818
4464,0.380852,0.265115,0.436783
4465,0.331923,0.217029,0.391632
4466,0.244136,0.158425,0.0673784
4467,-0.112344,-0.079786,-0.192659
4468,0.290127,0.328615,0.178504
4469,0.681434,0.478734,0.00153454
4470,0.408429,0.203458,0.573478
4471,0.386875,0.422529,0.379151
4472,-0.105742,-0.0704682,-0.127678
4473,0.779112,0.700169,0.830419
4474,0.242883,0.143768,0.0308882
4475,0.0863456,0.0627369,-0.0533442
4476,0.82318,0.671684,1.29803
4477,0.388431,0.32083,0.23371
4478,0.793703,0.562435,0.519558
4479,0.272335,0.360506,0.23904
4480,0.812175,0.596624,0.929019
4481,0.131435,0.0750459,0.24566
4482,0.678536,0.676333,0.615669
4483,0.585638,0.621957,0.691969
4484,-0.0772917,-0.0434131,-0.0708071
4485,0.325753,0.355463,0.176497
4486,0.495881,0.317282,0.405449
4487,-0.198738,-0.147669,-0.182462
4488,0.554845,0.418156,0.84354
4489,0.0582206,-0.0169276,0.0434099
4490,0.16568,0.139982,0.256706
4491,0.37742,0.218068,0.492873
4492,0.477667,0.427626,0.411448
4493,0.772409,0.393205,0.364882
4494,0.185193,0.234782,0.236404
4495,0.712496,0.667531,0.934138
4496,0.222624,0.214654,0.331996
4497,0.344056,0.412644,0.240257
4498,-0.030853,-0.00236531,-0.0986893
4499,0.124883,0.248371,0.278756
4500,0.524042,0.517105,0.591323
4501,0.100938,0.104608,0.0309892
4502,0.0595305,0.0575969,0.200185
4503,0.753173,0.706612,1.15381
4504,-0.074057,-0.0503774,-0.0562793
4505,-0.0193731,0.00139039,-0.149124
4506,0.175709,0.125497,0.40855
4507,0.903756,0.636566,0.715998
4508,0.328043,0.268933,0.00460635
4509,0.226781,0.19923,0.169028
4510,0.0126635,-0.0214126,-0.0340072
4511,0.024119,0.109749,0.0672118
4512,0.465503,0.227995,0.164868
4513,0.425602,0.495517,0.391192
4514,0.282781,0.234686,0.339717
4515,0.0653105,0.0531186,-0.101847
4516,0.596341,0.521705,0.818957
4517,0.717726,0.558698,0.585068
4518,0.618057,0.2857,0.160672
4519,-0.112432,-0.0910307,-0.137318
4520,0.703696,0.705902,0.702488
4521,0.562275,0.466443,0.550767
4522,0.53375,0.470283,0.526934
4523,0.340376,0.285804,0.353901
4524,0.855937,0.643365,0.980313
4525,-0.0917656,-0.0732928,-0.0849763
4526,0.398694,0.329493,0.157474
4527,0.0738451,-0.0154606,0.00188243
4528,0.759964,0.691711,0.851562
4529,0.549655,0.558513,0.446697
4530,0.640875,0.402795,0.362387
4531,0.159077,0.176795,0.010215
4532,0.144271,0.160992,0.0908716
4533,0.745299,0.536778,0.396404
4534,0.322164,0.336557,0.164426
4535,0.53116,0.459094,0.633648
4536,0.127224,0.122433,0.0411497
4537,0.123681,0.134706,0.113921
4538,-0.0472068,0.0304923,-0.069699
4539,0.0334679,-0.00507422,0.177323
4540,-0.16542,-0.13807,-0.0984446
4541,0.612216,0.581863,0.808875
4542,-0.128934,-0.0970472,-0.244548
4543,0.220131,0.170069,0.200414
4544,-0.0509242,0.0868647,0.0946627
4545,0.552215,0.268044,0.217279
4546,0.416618,0.391075,0.591475
4547,0.348708,0.488439,0.174023
4548,-0.0751065,-0.0949422,-0.0573431
4549,0.623661,0.487227,0.688848
4550,0.0780361,0.0225905,0.00915234
4551,-0.0639483,-0.0312505,-0.00586222
4552,0.406361,0.417776,0.144197
4553,-0.12859,-0.114373,-0.203046
4554,0.156382,0.0556801,0.314089
4555,0.73895,0.464761,0.74253
4556,-0.156087,-0.0598032,-0.108537
4557,0.0393387,0.0664066,-0.118697
4558,0.153502,0.0757645,0.240668
4559,-0.143549,-0.140125,-0.215588
4560,0.0887177,0.124513,0.288101
4561,0.226415,0.274485,0.129774
4562,0.428005,0.328884,0.346308
4563,0.496021,0.383853,0.420841
4564,0.767709,0.607415,1.04091
4565,0.626166,0.462045,0.566901
4566,-0.108969,-0.0695854,-0.172954
4567,-0.00119065,-0.0135048,-0.131644
4568,0.493892,0.324751,0.00770014
4569,0.632189,0.558186,0.356778
4570,-0.0209572,-0.0228528,-0.0445068
4571,0.0773089,0.0533021,0.0533268
4572,-0.0494836,-0.0485352,-0.0379751
4573,0.118404,0.0772626,0.127444
4574,0.79757,0.774374,0.462509
4575,0.939696,0.57783,0.969656
4576,0.0305989,0.218259,0.0303077
4577,0.192194,0.143089,0.463949
4578,0.873084,0.807546,0.680141
4579,0.600881,0.461865,0.484357
4580,0.702189,0.393505,0.310293
4581,0.916371,0.82466,0.732315
4582,0.604674,0.939859,0.794914
4583,0.980775,0.763222,0.711183
4584,0.348495,0.34648,0.250667
4585,0.777517,0.422887,0.491188
4586,-0.0102157,-0.0353935,-0.0665214
4587,0.431081,0.347011,0.157428
4588,-0.156848,-0.145843,-0.170857
4589,0.620306,0.600926,1.01457
4590,0.124,0.0013195,0.385583
4591,0.251739,0.135409,0.200242
4592,0.18536,0.108986,0.755161
4593,0.495984,0.163508,0.161463
4594,0.684134,0.456956,0.426594
4595,0.916843,0.791513,0.541991
4596,0.369053,0.281358,0.226675
4597,0.669583,0.576163,0.501917
4598,0.470921,0.489444,0.590521
4599,-0.0424144,-0.0792011,0.0431783
4600,0.0810903,0.0870302,0.0792828
4601,-0.210627,-0.135633,-0.133942
4602,-0.00778875,0.0825053,-0.00538488
4603,0.0255661,0.00541403,-0.157528
4604,-0.125558,-0.0533861,-0.0787523
4605,0.521588,0.549866,0.354736
4606,0.725183,0.484204,0.397768
4607,0.277008,0.159871,0.132493
4608,-0.183648,-0.173897,-0.143626
4609,0.4627,0.251843,0.141005
4610,0.205775,0.0397208,0.312171
4611,0.213512,0.144909,0.213275
4612,-0.107637,-0.0924914,-0.142713
4613,-0.0802632,-0.0566637,-0.0643943
4614,0.593353,0.379501,0.326214
4615,0.136444,0.203465,-0.0152268
4616,0.714337,0.836772,1.04171
4617,0.129486,0.0600136,-0.138708
4618,0.406049,0.291196,0.312139
4619,0.848685,0.81673,1.1155
4620,0.260174,0.262908,0.102145
4621,0.40851,0.295745,0.328754
4622,0.433482,0.455488,0.238685
4623,0.203095,0.137757,0.174649
4624,1.21227,1.30891,1.62465
4625,0.23516,0.060518,0.198832
4626,0.344941,0.305362,0.264342
4627,0.0966425,0.207836,0.0197423
4628,0.469928,0.304094,0.552358
4629,0.185665,0.132531,-0.069175
4630,0.19187,0.119939,-0.0861017
4631,-0.165469,-0.103918,-0.238707
4632,0.103777,0.265853,0.0991429
4633,0.280875,0.103091,0.173303
4634,0.597195,0.704371,0.408663
4635,0.230476,0.170693,0.331181
4636,0.486577,0.240535,0.320459
4637,-0.121913,-0.0737799,-0.161441
4638,0.210892,0.238951,0.205134
4639,0.24263,0.1659,0.128318
4640,-0.0191279,0.0320151,-0.120593
4641,-0.130634,-0.0844805,-0.129162
4642,0.220457,0.194631,0.349703
4643,0.555616,0.593972,0.650127
4644,0.592434,0.447773,0.356816
4645,-0.154024,-0.136224,-0.216496
4646,0.463805,0.31598,0.299209
4647,0.271265,0.1652,0.0618251
4648,0.95393,0.747781,0.915835
4649,-0.17984,-0.146554,-0.187799
4650,0.597126,0.455196,0.61674
4651,0.348861,0.364742,0.164285
4652,-0.0888323,-0.0938386,-0.135737
4653,0.595585,0.299726,0.753343
4654,0.0512141,0.00585065,0.267877
4655,0.123313,0.0810167,-0.0451574
4656,-0.0433059,-0.0218639,-0.0853192
4657,0.389,0.307747,0.421462
4658,0.0486878,-0.0859995,0.0687557
4659,0.778307,0.499033,0.914662
4660,0.230652,0.245873,0.0663062
4661,-0.177972,-0.147969,-0.181077
4662,0.20169,0.106669,0.368086
4663,0.426651,0.477204,0.681852
4664,0.261309,0.136185,0.134741
4665,0.338204,0.285557,-0.0413814
4666,0.715733,0.657914,0.537322
4667,-0.140793,-0.12479,-0.0729128
4668,0.103205,-0.0329902,0.0678518
4669,0.0123546,0.115259,0.17489
4670,0.102375,0.164303,0.0158809
4671,-0.197628,-0.153279,-0.249276
4672,0.373579,0.276436,0.27304
4673,0.363164,0.288234,0.620895
4674,0.260406,0.189663,0.175142
4675,0.229937,-0.0301421,-0.0928762
4676,-0.0453619,-0.096696,-0.0222507
4677,0.592587,0.466566,0.335901
4678,0.186366,0.211635,0.540593
4679,-0.0833665,-0.0660659,-0.0485608
4680,-0.102219,-0.0729589,-0.09223
4681,-0.0328009,0.00844448,-0.106006
4682,0.624957,0.521398,0.759319
4683,0.28803,0.37777,0.232505
4684,0.0747748,0.0404118,0.166788
4685,1.04121,0.576251,0.826895
4686,-0.0933287,-0.0552432,-0.181442
4687,0.462861,0.520423,0.398086
4688,0.485812,0.230251,0.51175
4689,0.879334,0.580076,0.548052
4690,0.122569,0.0891905,0.199875
4691,-0.112726,-0.0816399,-0.164776
4692,-0.0053318,-0.00273452,-0.0575048
4693,0.46536,0.424428,0.375703
4694,0.0100567,0.00650506,0.029006
4695,0.244749,0.20815,0.508592
4696,0.764905,0.76518,0.67553
4697,-0.0853188,-0.0403437,-0.0819033
4698,0.235379,0.111157,0.0730602
4699,0.0622567,0.0634133,0.203097
4700,0.246423,0.106573,-0.0564302
4701,0.146403,0.10646,-0.0497934
4702,0.18101,0.161619,0.388612
4703,-0.0233518,-0.111571,-0.145409
4704,0.338096,0.257682,0.368122
4705,-0.00666161,0.0120284,-0.125267
4706,0.0646289,0.196541,0.276919
4707,0.292566,0.254338,0.39857
4708,-0.213653,-0.148216,-0.182269
4709,0.616891,0.309667,0.735402
4710,0.691352,0.531379,0.93814
4711,0.41024,0.358159,0.378173
4712,0.489884,0.380154,0.449835
4713,0.470474,0.277386,0.431656
4714,-0.106027,-0.102413,-0.178373
4715,-0.0460605,0.0547861,-0.131299
4716,0.0108434,-0.0327589,-0.0644232
4717,0.649864,0.569311,0.434516
4718,-0.0884726,-0.0577987,-0.145673
4719,-0.0317381,0.0393188,-0.00235837
4720,0.686096,0.593044,0.714948
4721,0.454897,0.485453,0.421889
4722,0.650638,0.468641,0.856299
4723,0.0555448,0.0998987,0.0278882
4724,0.106142,0.26137,0.170307
4725,0.820983,0.631194,0.472627
4726,0.0111654,0.0827706,-0.0305398
4727,0.124529,0.0535766,-0.0568419
4728,-0.0354471,-0.110775,-0.189305
4729,0.0179029,-0.0445049,-0.152625
4730,0.54909,0.44975,0.110759
4731,0.669606,0.292343,0.585508
4732,0.0835302,-0.0086011,0.220732
4733,-0.205948,-0.182957,-0.233365
4734,0.00919811,0.0430163,-0.0749641
4735,-0.0646191,-0.0537254,-0.0673941
4736,0.602463,0.463066,0.644515
4737,-0.0313863,-0.073167,0.0126027
4738,0.113297,0.13136,0.048757
4739,-0.0517906,-0.00366604,-0.130878
4740,-0.0174591,0.0128208,-0.0932278
4741,0.276397,0.347904,0.092275
4742,0.311333,0.315257,0.224915
4743,0.225113,0.120843,0.00595113
4744,0.301289,0.174013,0.192723
4745,0.1247,0.0730408,0.203702
4746,0.296841,0.124878,0.223944
4747,0.362897,0.344379,0.28764
4748,0.23548,0.262134,-0.00931395
4749,0.269991,0.204816,0.403318
4750,-0.0745508,-0.014605,-0.140747
4751,0.608525,0.543857,0.388099
4752,0.0767827,0.0411245,0.0747911
4753,0.534428,0.303726,0.442852
4754,0.925552,0.695851,0.590756
4755,-0.00202785,0.0914216,-0.084877
4756,0.233741,0.232386,0.332462
4757,0.366728,0.126183,0.235562
4758,0.133187,0.0554502,0.0775486
4759,0.523726,0.332371,0.706168
4760,0.53637,0.443051,0.56623
4761,0.413406,0.260025,0.791499
4762,0.639419,0.495764,0.779173
4763,0.0912706,0.0804293,0.141397
4764,0.312672,0.420974,0.348748
4765,0.0665649,-0.039137,0.264416
4766,0.346996,0.255981,0.376501
4767,0.108077,0.125417,0.325518
4768,-0.156272,-0.104116,-0.19289
4769,0.93481,0.711746,0.70148
4770,-0.0269607,-0.0319969,-0.0589159
4771,0.130643,0.17878,0.143875
4772,-0.0572376,-0.00978625,-0.0374483
4773,0.687755,0.501654,0.486078
4774,-0.0524445,-0.0444062,-0.105571
4775,0.360449,0.255932,0.232064
4776,0.596533,0.546865,1.00547
4777,0.893564,0.82754,0.464615
4778,-0.0809889,-0.0447454,-0.0609475
4779,0.250539,0.284766,0.269772
4780,-0.140262,-0.0793781,-0.121047
4781,-0.00881966,0.083075,-0.0262758
4782,0.445533,0.234095,0.298374
4783,0.314413,0.183276,0.00803583
4784,0.491564,0.447165,0.0798428
4785,0.38563,0.192643,0.24966
4786,0.317018,0.234823,0.439231
4787,0.10182,0.268006,0.0858492
4788,0.659801,0.674157,0.926752
4789,0.606616,0.484088,1.03969
4790,0.201498,0.0573688,0.380463
4791,0.668056,0.313514,0.835353
4792,1.08682,0.776681,0.609439
4793,-0.252567,-0.193626,-0.207095
4794,0.477457,0.344573,0.797775
4795,0.42297,0.468651,0.278259
4796,0.313227,0.238999,0.255985
4797,0.424021,0.297215,-0.0264327
4798,0.816319,0.696755,0.689789
4799,-0.064388,0.00267052,-0.0405978
4800,0.17626,0.154493,0.337641
4801,0.445417,0.240658,0.167752
4802,0.397486,0.307312,0.504354
4803,0.54154,0.227089,0.414925
4804,0.311722,0.322183,0.232413
4805,0.832696,0.52203,0.793079
4806,0.187522,0.0846422,0.322802
4807,0.104928,0.131915,0.384593
4808,-0.0541973,-0.112383,-0.030928
4809,-0.151092,-0.0559839,-0.175858
4810,0.279762,0.235843,0.231766
4811,0.323634,0.0827401,-0.0875786
4812,0.697548,0.526136,0.0399204
4813,-0.0257398,-0.0213547,-0.0719482
4814,0.253011,0.170152,0.210299
4815,0.247731,0.126773,0.107399
4816,0.844515,0.795383,0.941511
4817,-0.106218,-0.0518959,-0.141699
4818,0.840972,0.635885,0.836611
4819,0.186365,0.0167436,-0.08507
4820,0.352272,0.319087,0.145065
4821,0.912584,0.762701,1.04826
4822,0.186664,0.0690521,-0.0121932
4823,0.799847,0.560741,0.823521
4824,0.837357,0.632633,0.710855
4825,0.254884,0.214158,0.217452
4826,0.414599,0.314894,0.383694
4827,-0.0365809,-0.0302604,-0.181028
4828,0.598523,0.404222,0.311773
4829,0.454187,0.327744,0.241872
4830,0.225994,0.296183,0.261178
4831,0.445953,0.449132,0.154402
4832,0.325383,0.241482,0.192509
4833,0.38674,0.110584,0.112812
4834,0.651576,0.369211,0.614865
4835,-0.0446758,-0.00540314,-0.064813
4836,0.0967479,0.230419,-0.0998322
4837,-0.0740859,-0.0436495,-0.0991102
4838,0.0364121,-0.0192579,0.172658
4839,0.00611731,0.0318601,-0.12627
4840,0.275733,0.293083,0.208971
4841,0.035997,0.0957516,0.0801617
4842,0.475312,0.347271,0.380008
4843,0.741935,0.68805,0.861887
4844,0.303782,0.335894,0.265624
4845,0.357792,0.256812,0.0957205
4846,-0.103755,-0.0799933,-0.22346
4847,-0.0789494,-0.00741366,-0.0214868
4848,0.421329,0.458265,0.244024
4849,0.469534,0.452118,0.36805
4850,0.7603,0.641101,0.621204
4851,-0.15264,-0.11338,-0.162574
4852,0.312292,0.258631,0.351227
4853,0.420181,0.396966,0.368379
4854,-0.0827598,-0.0559181,-0.129458
4855,-0.16448,-0.177544,-0.20279
4856,-0.145656,-0.13763,-0.108391
4857,0.0652546,-0.109358,0.232541
4858,0.408302,0.3314,0.255834
4859,0.436612,0.378168,0.652899
4860,-0.120541,-0.0929712,-0.158157
4861,0.596447,0.42002,0.335287
4862,0.234556,0.263451,0.0821671
4863,0.501808,0.420535,0.354106
4864,-0.0412675,-0.00350988,-0.0352881
4865,0.100951,0.0721182,-0.0772115
4866,0.670487,0.51023,0.844018
4867,-0.0462812,-0.00771991,-0.161894
4868,0.76205,0.576718,0.392458
4869,-0.113633,-0.017102,-0.0950551
4870,0.142764,0.0683763,0.278168
4871,0.897942,0.460729,0.903336
4872,0.803527,0.763321,1.05324
4873,-0.0335171,0.0787338,0.00939376
4874,0.728534,0.547898,0.465079
4875,-0.0884647,-0.0201361,-0.0384211
4876,0.0503838,0.0448902,0.146989
4877,-0.0346841,-0.0267258,-0.186038
4878,0.774856,0.796315,0.180024
4879,0.653531,0.39277,0.813252
4880,-0.112943,-0.0566646,-0.0384014
4881,0.213137,0.204818,0.158041
4882,0.609761,0.500689,0.969511
4883,0.592882,0.373802,0.851851
4884,0.290731,0.220679,0.356231
4885,0.223952,0.0808526,-0.060013
4886,0.00589321,-0.071771,-0.0318302
4887,0.186036,0.122556,0.0318516
4888,0.178894,0.112211,0.0917712
4889,-0.038713,-0.0254144,0.0176399
4890,0.520257,0.355036,0.263503
4891,-0.0907891,-0.0749988,-0.158721
4892,-0.0051785,-0.0303497,0.0415231
4893,-0.131391,-0.0493588,-0.0911182
4894,0.208598,0.203229,0.181972
4895,0.121292,0.0955448,0.25108
4896,0.340889,0.167621,0.31972
4897,0.0961319,0.117184,0.0405009
4898,-0.0462965,-0.016654,-0.0457178
4899,0.613442,0.325305,-0.00155023
4900,0.0874651,0.047004,0.192824
4901,-0.0989314,-0.100096,-0.104107
4902,-0.118159,-0.167935,-0.169861
4903,-0.100661,-0.0955601,-0.17101
4904,-0.109663,-0.0862384,-0.103358
4905,0.650749,0.286719,0.451706
4906,0.859098,0.631309,0.736407
4907,0.0503795,0.0918779,0.135494
4908,-0.14758,-0.137641,-0.156587
4909,-0.169685,-0.14605,-0.1043
4910,-0.0382247,0.00693528,-0.0537488
4911,0.766779,0.489921,0.882555
4912,0.640274,0.608638,0.405175
4913,0.559332,0.251254,0.154084
4914,0.0393271,-0.029449,0.160016
4915,0.606636,0.437143,0.543422
4916,1.06779,0.672164,1.04944
4917,0.714727,0.812061,1.01411
4918,0.590144,0.490966,0.534816
4919,0.16193,0.131667,-0.00835393
4920,0.0604616,0.0219346,0.262807
4921,0.336147,0.196524,0.118985
4922,0.191615,0.135534,0.298156
4923,0.699646,0.544135,0.735761
4924,0.425555,0.355887,0.497543
4925,0.348234,0.369388,0.24489
4926,0.637383,0.423572,0.35367
4927,0.226091,0.167803,0.038763
4928,-0.152508,-0.135449,-0.147617
4929,0.406963,0.379688,0.251181
4930,0.328469,0.379545,0.240559
4931,0.680659,0.439654,0.724104
4932,0.0447821,0.0350733,0.116469
4933,0.259359,0.246203,-0.00679399
4934,0.230691,0.209857,0.441862
4935,0.656711,0.426314,0.342909
4936,0.726215,0.641009,0.476915
4937,0.398569,0.227822,0.417472
4938,-0.061246,0.0415099,0.0268694
4939,0.20864,0.0936427,0.168427
4940,-0.141247,-0.0515486,-0.11545
4941,0.751874,0.621755,0.714425
4942,-0.0674604,-0.123573,-0.0330882
4943,0.920402,0.517074,0.838889
4944,0.0531468,0.0583616,0.189184
4945,0.873964,0.717273,1.15103
4946,0.746666,0.463786,0.225463
4947,-0.0612102,-0.0317935,0.026737
4948,-0.0813781,-0.0896678,-0.137498
4949,-0.0944547,-0.101912,-0.154621
4950,0.606815,0.550592,0.468361
4951,0.503903,0.536748,0.372218
4952,0.347088,0.0522084,-0.000757115
4953,0.162426,0.223232,0.098725
4954,0.0383611,0.0325222,0.154828
4955,0.134438,0.296715,0.397942
4956,-0.189852,-0.173901,-0.215
4957,0.87807,0.543701,0.821024
4958,0.418074,0.446948,0.524606
4959,0.691809,0.563623,0.770751
4960,0.351695,0.187402,-0.0419095
4961,0.111736,0.00587885,0.128217
4962,0.546985,0.372062,1.17213
4963,0.0556711,0.00660252,0.00364104
4964,0.217177,0.177342,0.382907
4965,0.263079,0.0837675,0.0305912
4966,0.940346,0.636474,1.42253
4967,0.0962927,0.169605,-0.00741049
4968,0.833282,0.734237,1.09167
4969,0.348129,0.24888,0.299897
4970,0.253085,0.148613,-0.117646
4971,0.212884,0.165732,0.384945
4972,0.416776,0.336799,0.467167
4973,0.701442,0.444615,0.499237
4974,-0.0609326,-0.0678794,0.0440823
4975,0.145491,0.137808,-0.156489
4976,0.121172,0.135219,-0.0659162
4977,0.0166453,0.0222968,-0.0669077
4978,-0.0949711,-0.09356,-0.154436
4979,-0.0754069,-0.121275,-0.104503
4980,0.0628104,-0.0393801,0.125551
4981,0.888729,0.440774,0.876348
4982,0.263141,0.191202,0.206711
4983,-0.0657079,-0.0326305,-0.0704947
4984,0.439051,0.301841,0.203293
4985,0.316971,0.374356,0.250495
4986,0.554221,0.63155,0.383572
4987,-0.0405388,-0.0282251,-0.0628571
4988,0.448036,0.0830513,0.307683
4989,-0.00387281,0.0448539,-0.0316213
4990,0.164151,-0.0552559,-0.157324
4991,0.157481,0.106304,0.277959
4992,0.73105,0.620697,0.604349
4993,0.727727,0.58555,0.817861
4994,-0.127432,-0.123396,-0.133387
4995,0.489288,0.393703,0.564931
4996,0.498651,0.564572,0.409737
4997,-0.104391,-0.0764639,-0.130208
4998,-0.038183,-0.0646516,-0.0547298
4999,0.12205,0.20206,0.0840759
5000,-0.00129114,-0.00127491,0.182948
5001,-0.188741,-0.171478,-0.189314
5002,0.664742,0.661214,1.12555
5003,-0.228844,-0.227132,-0.326226
5004,0.387607,0.514424,0.347227
5005,0.450325,0.279142,0.44162
5006,0.606937,0.482953,0.83116
5007,0.210776,0.132139,0.295487
5008,0.676774,0.437319,0.66834
5009,0.0705591,-0.0346534,0.12656
5010,0.424465,0.308628,0.357748
5011,0.741377,0.630497,0.963766
5012,0.414339,0.239596,0.0170658
5013,0.221917,0.175936,0.114794
5014,0.183763,0.0962913,0.293296
5015,0.30552,0.162705,-0.0118669
5016,0.867643,0.59546,0.673962
5017,0.839968,0.701457,0.933238
5018,0.077759,0.0312226,0.172719
5019,0.191249,0.0978305,0.0498571
5020,0.934106,0.716008,1.19624
5021,0.683566,0.697974,0.276012
5022,0.618819,0.345262,0.586152
5023,0.378222,0.534501,0.548415
5024,0.389134,0.587659,0.341802
5025,0.242115,0.199878,0.0726256
5026,0.0129368,0.00970023,-0.00665264
5027,0.120708,0.0622155,0.128612
5028,0.303645,0.17478,0.308328
5029,0.282852,0.155938,0.213234
5030,0.180535,0.123542,0.0982358
5031,0.236979,0.259092,0.18419
5032,0.758473,0.412959,1.0227
5033,-0.0840796,-0.071086,-0.181833
5034,-0.10098,-0.054401,-0.1555
5035,0.917195,0.902194,1.1874
5036,0.687271,0.664602,0.893534
5037,0.695151,0.769809,0.632796
5038,-0.0706465,-0.0990448,-0.103505
5039,0.0411623,-0.0136532,-0.0411042
5040,0.151597,0.152448,0.0869726
5041,-0.0553081,-0.0723046,-0.166755
5042,0.341764,0.304066,0.362175
5043,-0.0563949,-0.0567253,-0.110967
5044,0.350846,0.348693,0.340798
5045,0.633446,0.410976,0.674071
5046,0.613595,0.384967,0.160157
5047,0.114883,0.102606,0.137154
5048,-0.0468328,-0.0563574,0.10275
5049,0.00573334,0.00751478,-0.0232646
5050,-0.162405,-0.164179,-0.178756
5051,0.792358,0.429468,0.640978
5052,0.495115,0.414243,0.725231
5053,0.485175,0.284973,0.293504
5054,-0.0499478,-0.0568507,-0.0876164
5055,0.537928,0.392939,0.421844
5056,0.11512,0.0946142,0.346591
5057,0.120111,0.200062,-0.0826078
5058,0.365357,0.415361,0.292472
5059,-0.0930269,-0.0331044,-0.111515
5060,0.570617,0.585136,0.0348347
5061,-0.148069,-0.175231,-0.220605
5062,0.0029894,0.0217293,-0.0846162
5063,-0.0566913,-0.0497772,0.0093011
5064,-0.0629043,-0.0421319,-0.131178
5065,0.014146,-0.041046,-0.0543902
5066,0.59807,0.456256,0.66078
5067,0.866149,0.70064,1.10995
5068,0.0330409,-0.0378535,0.165569
5069,0.217821,0.120853,0.0923796
5070,0.64642,0.363735,0.504343
5071,1.08001,0.948496,1.42952
5072,0.189473,0.211531,0.0307405
5073,0.346506,0.389104,-0.0352512
5074,0.919042,0.821451,0.694757
5075,0.0088148,0.0565305,0.124125
5076,0.670645,0.600105,0.519643
5077,0.913624,0.931195,0.896641
5078,0.574972,0.312197,0.626217
5079,0.68464,0.769756,0.974026
5080,0.527877,0.393088,0.209636
5081,-0.221269,-0.211664,-0.282084
5082,0.204925,0.144948,0.0289163
5083,0.476627,0.489042,0.442607
5084,0.130414,0.104408,0.12554
5085,-0.0690014,0.0199087,-0.0728367
5086,0.0559035,0.0869305,-0.13855
5087,0.0578678,0.175328,0.200001
5088,0.670397,0.504406,0.929121
5089,0.189174,0.181453,0.202908
5090,0.0841537,-0.0195753,0.126186
5091,0.0849087,0.0284039,0.0755172
5092,0.0226644,0.066704,-0.0242791
5093,0.0683952,0.0289308,-0.0507136
5094,0.643185,0.440526,0.517433
5095,0.276527,0.158087,0.406328
5096,0.312616,0.317266,0.101175
5097,0.390706,0.319033,0.569343
5098,0.172671,0.0496229,0.156921
5099,-0.0507909,-0.0420338,-0.107208
5100,0.027468,0.13948,0.150901
5101,-0.0773236,-0.086097,-0.0444589
5102,0.257085,0.112338,-0.0813996
5103,0.114206,0.112122,-0.0777626
5104,-0.0420293,-0.0241119,-0.0527161
5105,0.430798,0.484892,0.313031
5106,0.717237,0.496327,0.70874
5107,-0.0302075,0.00763853,0.0415557
5108,0.408716,0.457882,0.423374
5109,0.226169,0.122324,0.22779
5110,0.0753198,0.0057489,-0.0572016
5111,0.818146,0.46747,0.266165
5112,1.00456,0.689248,1.2509
5113,0.318607,0.349767,0.357183
5114,0.597543,0.447613,0.679566
5115,0.0886698,0.0642876,0.0682052
5116,-0.0974953,-0.0673686,-0.0973563
5117,0.00575829,-0.0783616,-0.10588
5118,0.329783,0.263262,-0.0536067
5119,0.23557,0.25373,0.146613
5120,0.491076,0.286368,0.11016
5121,0.313957,0.378357,0.358123
5122,0.198233,0.126708,0.265971
5123,0.864534,0.751789,0.581417
5124,0.447815,0.232624,0.127515
5125,-0.114849,-0.0601946,-0.234323
5126,0.177019,0.115812,0.126697
5127,-0.0535104,0.0243809,-0.0112677
5128,-0.145375,-0.199989,-0.230095
5129,0.843959,0.660947,0.755469
5130,0.570788,0.334407,0.656413
5131,0.740255,0.509621,0.898339
5132,0.0307437,-0.0074348,-0.191089
5133,0.103437,0.0194202,0.308472
5134,0.13508,0.0916437,-0.0631427
5135,0.0554722,0.186373,0.126871
5136,0.0806553,-0.00307747,0.137514
5137,0.293084,0.231401,0.319744
5138,0.69269,0.576301,0.989053
5139,-0.0773296,-0.062941,-0.131544
5140,1.04204,0.824372,1.20942
5141,0.469878,0.172615,0.703622
5142,-0.145048,-0.123373,0.092818
5143,0.144772,0.241201,0.102214
5144,-0.125502,-0.142301,-0.113052
5145,0.838629,0.630847,0.479703
5146,-0.139049,-0.129878,-0.249532
5147,0.0592951,0.0620914,0.00188686
5148,0.311272,0.339666,0.0957884
5149,0.693449,1.07803,0.833668
5150,0.602344,0.322019,0.113901
5151,0.453929,0.50314,0.425679
5152,0.890865,0.675313,1.05714
5153,-0.0943104,-0.0174224,-0.0021868
5154,0.235124,0.12406,0.199435
5155,0.893222,0.839756,0.59158
5156,-0.0445137,0.0464931,0.12091
5157,0.0236108,0.105297,-0.0197972
5158,0.315994,0.19244,-0.121117
5159,-0.132119,-0.122943,-0.185355
5160,0.436476,0.245301,0.595142
5161,0.451311,0.456193,0.321672
5162,0.410697,0.259396,0.0117733
5163,0.477845,0.532421,0.449803
5164,0.616656,0.511896,0.576087
5165,0.485721,0.200723,0.127219
5166,0.102755,0.111415,0.0851648
5167,0.0589724,0.00478587,0.232121
5168,0.339407,0.263157,0.302446
5169,0.283391,0.190602,0.0533338
5170,0.07284,0.0986963,-0.0776397
5171,0.392616,0.194932,0.1344
5172,0.519133,0.399175,0.669141
5173,-0.149956,-0.140483,-0.199269
5174,0.15278,0.201884,0.137852
5175,0.615974,0.365018,0.415355
5176,0.419902,0.244314,0.380243
5177,0.30818,0.147937,0.373913
5178,0.716099,0.482656,0.619148
5179,-0.103861,-0.0235626,-0.173633
5180,-0.213639,-0.210282,-0.210552
5181,0.263131,0.168333,0.328786
5182,0.492597,0.549088,0.451138
5183,0.13752,0.150479,0.0329321
5184,0.590497,0.545728,0.46233
5185,0.695144,0.780652,1.00543
5186,0.179423,0.106251,0.104497
5187,0.937607,0.516189,0.334344
5188,-0.125418,-0.0618125,-0.147968
5189,-0.260675,-0.240416,-0.255891
5190,-0.0662152,-0.04583,-0.0371157
5191,0.696772,0.583134,1.05566
5192,0.530814,0.735822,0.601316
5193,0.0712417,-0.00177166,-0.0701003
5194,0.645941,0.451336,0.54237
5195,0.779298,0.739703,0.726562
5196,0.0030187,-0.0228833,-0.144716
5197,-0.0180718,-0.0924759,-0.163736
5198,-0.188106,-0.11935,-0.223371
5199,0.524531,0.34342,0.616707
5200,-0.056133,0.00981339,-0.0293707
5201,0.075486,0.124994,0.0604477
5202,0.595525,0.489601,0.708818
5203,0.401991,0.535926,0.585262
5204,0.304379,0.45465,-0.0365634
5205,0.175539,0.238844,0.0739374
5206,0.491388,0.312798,0.391193
5207,0.135986,0.183904,0.227555
5208,0.414988,0.27031,0.388952
5209,0.12195,0.157617,0.327303
5210,0.513071,0.436361,0.780413
5211,-0.131109,-0.113972,-0.186119
5212,0.126824,0.151193,0.208549
5213,0.541481,0.53779,0.817914
5214,0.341324,0.231228,0.332882
5215,0.218696,0.0559456,0.316321
5216,-0.094323,-0.0714393,-0.113236
5217,0.0139546,-0.0525826,0.0803723
5218,0.336418,0.631845,0.544403
5219,-0.0492566,-0.0170413,-0.100117
5220,-0.133929,-0.0817054,-0.126538
5221,0.816988,0.44854,1.02117
5222,0.164818,0.377102,0.307205
5223,0.959586,0.563748,0.12975
5224,-0.0399231,-0.0249362,-0.106244
5225,-0.0436866,0.000610189,-0.0411887
5226,0.42344,0.240673,0.254987
5227,0.317195,0.376109,0.0471373
5228,0.673974,0.248208,0.71426
5229,0.415071,0.32594,0.106148
5230,-0.093179,-0.0620283,-0.0391915
5231,0.73321,0.507646,0.879868
5232,-0.0722351,-0.0307975,-0.00723814
5233,-0.0775073,-0.0800523,-0.106044
5234,0.550408,0.624211,0.614489
5235,-0.220037,-0.156705,-0.234695
5236,0.231349,0.234811,0.154802
5237,0.338955,0.243033,0.335701
5238,0.229187,0.330017,0.39035
5239,0.377664,0.306269,0.0814114
5240,0.671437,0.567274,0.998264
5241,-0.285462,-0.282958,-0.34602
5242,0.234272,0.157218,0.186506
5243,0.871162,0.693973,1.12483
5244,0.407534,0.252949,0.642284
5245,-0.0135887,-0.0541655,0.0742623
5246,0.696352,0.394871,0.670973
5247,0.32521,0.302546,0.420338
5248,1.03168,0.812675,1.19395
5249,0.104063,0.0517195,0.224
5250,0.415767,0.169657,0.567133
5251,0.209519,0.342516,0.142748
5252,0.420839,0.250681,0.153967
5253,0.247992,0.163479,0.1815
5254,-0.00186978,0.128526,-0.0339657
5255,0.0381116,0.0195026,0.231041
5256,0.557742,0.582782,0.652215
5257,0.666305,0.519212,0.909685
5258,-0.0331807,0.0688225,-0.0823886
5259,-0.153801,-0.148423,-0.206328
5260,0.658623,0.770861,0.51177
5261,0.0369195,0.0264948,-0.000603154
5262,-0.164903,-0.127417,-0.121731
5263,0.2859,0.316953,0.281379
5264,-0.115937,-0.0889317,-0.152589
5265,0.295011,0.440803,0.317022
5266,-0.0970442,-0.139077,-0.135037
5267,-0.114515,-0.0971917,-0.155305
5268,0.827508,0.814579,0.463343
5269,0.704549,0.634598,0.813221
5270,-0.0856249,-0.105666,-0.0674811
5271,0.545106,0.358753,0.642366
5272,0.341788,0.247873,0.317757
5273,0.199676,0.164675,0.30189
5274,0.224825,0.154898,0.231435
5275,0.244784,0.1787,0.413586
5276,0.798012,0.289437,0.679233
5277,0.620132,0.564103,0.654547
5278,0.139987,0.0819311,0.237752
5279,0.0054233,0.0408755,0.0917826
5280,0.403123,0.281895,0.369068
5281,0.381462,0.430196,0.338504
5282,0.170734,0.164075,0.100429
5283,0.411028,0.308511,0.379091
5284,0.251737,0.217964,0.226519
5285,0.739262,0.804776,1.14936
5286,0.383561,0.348442,-0.0906574
5287,0.48979,0.338007,0.355851
5288,0.265734,0.133427,0.119348
5289,0.613144,0.326433,0.861122
5290,-0.0875825,-0.0977219,-0.0282
5291,0.170369,0.127652,0.315108
5292,-0.102372,-0.130612,-0.136361
5293,0.688383,0.638175,0.753193
5294,0.41354,0.234984,0.399997
5295,0.0421668,0.00576151,-0.0421378
5296,0.336896,0.293118,0.336614
5297,0.585188,0.344119,0.817695
5298,0.377993,0.297137,0.407654
5299,0.607657,0.616914,0.779109
5300,0.11748,0.142698,0.135507
5301,-0.0711863,-0.0422528,-0.104707
5302,0.793168,0.463182,0.579771
5303,0.0962716,0.0805701,0.0856291
5304,-0.111524,-0.0947614,-0.0835221
5305,0.818657,0.384892,0.714327
5306,0.133332,0.0430833,0.0560382
5307,0.370728,0.301049,0.0867259
5308,0.854386,0.718838,1.24687
5309,0.271071,0.227114,0.261214
5310,0.118227,0.0641739,0.134399
5311,0.172876,0.0542342,0.114274
5312,0.677107,0.526913,0.289285
5313,0.674027,0.663459,0.61373
5314,0.381278,0.20352,0.376855
5315,0.0886784,0.138546,-0.0320846
5316,-0.166542,-0.128118,-0.159486
5317,0.475787,0.228359,0.26015
5318,0.157776,0.0750859,0.160532
5319,0.267612,0.243124,0.20444
5320,0.0603331,0.0206203,0.274219
5321,0.23596,0.204639,-0.0408959
5322,0.699855,0.658096,0.812054
5323,0.02802,-0.000736094,0.0283243
5324,0.858389,0.844343,1.17357
5325,0.749384,0.541873,0.957841
5326,0.0735497,0.0769739,0.169764
5327,0.249964,0.207167,0.156474
5328,0.193014,0.160206,0.0984595
5329,0.461099,0.519985,0.435922
5330,0.498066,0.216433,0.579508
5331,0.561152,0.369655,0.125733
5332,-0.0423354,-0.00186144,-0.127711
5333,0.226296,0.187664,0.339297
5334,0.525198,0.351413,0.732436
5335,-0.0853802,-0.0911414,-0.137264
5336,0.140836,0.190883,0.165709
5337,0.273762,0.327614,0.494743
5338,-0.0457775,-0.0426939,0.0874789
5339,0.486591,0.548986,0.459948
5340,1.15155,0.869086,0.906757
5341,-0.017619,0.0263375,0.00468751
5342,0.415783,0.307966,0.0997387
5343,0.526223,0.292058,0.141706
5344,0.216754,0.259048,0.0988239
5345,-0.124872,-0.0959045,-0.134706
5346,0.0849162,0.000831504,0.778636
5347,-0.126838,-0.0835531,-0.143818
5348,-0.082227,-0.0807071,-0.138739
5349,0.562882,0.456414,0.745177
5350,0.810066,0.85894,1.21252
5351,0.0470887,0.116123,0.0290635
5352,-0.133184,-0.127552,-0.179858
5353,0.578751,0.61552,0.461841
5354,0.248202,0.127424,-0.0580623
5355,0.067489,0.0482493,0.19509
5356,0.300593,0.223949,0.0599503
5357,-0.123856,-0.112857,-0.125183
5358,0.385743,0.277341,0.374822
5359,0.556271,0.486107,0.580032
5360,0.00753823,0.0311054,-0.105435
5361,0.160282,0.0894328,0.171231
5362,0.260557,0.197005,0.151239
5363,0.210008,0.223791,0.218937
5364,0.349157,0.358788,-0.0477991
5365,0.342811,0.110192,0.252667
5366,0.559025,0.493606,0.262917
5367,0.651332,0.525005,0.747035
5368,0.140666,0.00412701,0.199155
5369,0.548874,0.618221,0.495464
5370,0.554013,0.806847,0.552136
5371,0.129682,0.0982763,0.0893826
5372,0.516463,0.511926,0.847696
5373,0.101375,0.0325893,0.341072
5374,-0.0942547,-0.0639953,-0.0548808
5375,0.673087,0.702404,1.01095
5376,-0.0929481,-0.0824816,-0.0541887
5377,0.846287,0.847824,1.07661
5378,0.257727,0.199947,0.14525
5379,0.23715,0.240045,0.131428
5380,0.478515,0.639657,0.813258
5381,0.715374,0.548407,0.729206
5382,0.190106,0.224518,0.133119
5383,0.602077,0.459865,0.361682
5384,0.552789,0.416692,0.29381
5385,-0.159929,-0.119736,-0.239953
5386,-0.0544387,-0.0510009,-0.115341
5387,0.120089,0.134584,-0.0486152
5388,0.501621,0.730276,0.455223
5389,0.270612,0.299486,0.281183
5390,0.058048,0.0313881,-0.0762892
5391,-0.0611372,-0.0148423,-0.114239
5392,0.511088,0.412097,0.417295
5393,0.923702,0.901285,0.725355
5394,0.178759,0.230161,0.103799
5395,0.584614,0.620485,0.512025
5396,0.18837,0.280288,0.241887
5397,0.517579,0.427834,0.556399
5398,0.271931,0.340135,0.267603
5399,0.584068,0.625202,0.528255
5400,0.858004,0.708464,1.0399
5401,0.0735519,0.0630324,-0.0451958
5402,-0.225316,-0.139672,-0.261465
5403,0.545517,0.309814,0.340862
5404,0.912948,0.680785,1.07465
5405,0.365195,0.329799,0.477534
5406,-0.0137693,-0.0393897,0.118997
5407,0.0121512,0.0154805,0.00714344
5408,0.288503,0.191393,0.657717
5409,1.10507,1.00487,1.339
5410,-0.101581,-0.0682896,-0.15845
5411,0.316852,0.277403,0.322216
5412,-0.0820776,-0.0116603,-0.0108651
5413,-0.0894391,-0.0473786,-0.0754323
5414,0.528204,0.404864,0.728837
5415,0.0659457,0.178611,0.286039
5416,-0.104957,0.00472723,-0.00155716
5417,0.637037,0.53551,0.356388
5418,0.832698,0.726646,1.00419
5419,-0.041812,-0.0393748,0.00330278
5420,0.9034,0.852479,1.29225
5421,0.0953983,0.0658238,-0.0939963
5422,0.0304148,-0.0794962,0.181741
5423,0.37264,0.210623,0.275376
5424,0.359762,0.277269,0.414644
5425,0.305567,0.161726,0.2414
5426,0.280428,0.0788083,0.247916
5427,0.288819,0.145107,0.32885
5428,0.298873,0.326713,0.0979902
5429,0.0295056,0.0962166,0.0084039
5430,0.615663,0.406609,0.530314
5431,0.222109,0.203268,0.39164
5432,-0.174514,-0.112081,-0.0915872
5433,0.156606,0.30493,0.119463
5434,0.775435,0.591507,0.528557
5435,0.726869,0.556964,0.893113
5436,-0.0542079,-0.043006,-0.0711609
5437,-0.20854,-0.178977,-0.159201
5438,0.679861,0.381357,0.603877
5439,0.0529324,0.0947933,0.0438599
5440,0.777648,0.537362,0.193801
5441,0.513841,0.37245,0.579735
5442,0.743999,0.579471,0.983105
5443,0.137355,0.0881524,0.133842
5444,0.182361,0.0233422,0.0679085
5445,0.101121,0.0687584,0.175708
5446,0.226054,0.358239,0.464628
5447,0.345977,0.227623,-0.00385549
5448,0.0883422,0.0957899,0.0457414
5449,0.350836,0.606805,0.436896
5450,-0.0461378,-0.0581703,-0.098335
5451,0.597755,0.423789,0.564086
5452,0.726925,0.649809,0.744625
5453,0.290024,0.171117,0.497055
5454,-0.168473,-0.165128,-0.202106
5455,0.0975598,0.244189,0.257284
5456,0.709468,0.402444,0.878983
5457,0.943828,0.679743,0.710967
5458,-0.290762,-0.260335,-0.286185
5459,0.101456,0.161501,0.281526
5460,-0.0969532,-0.067053,-0.159553
5461,0.0244399,-0.00506464,-0.0485217
5462,0.333881,0.439045,0.333863
5463,0.183147,0.223578,-0.0683992
5464,0.10683,0.198083,0.345143
5465,0.737109,0.498251,0.402182
5466,-0.0917364,-0.122468,-0.133588
5467,0.406093,0.355696,0.245702
5468,0.286794,0.228213,0.263635
5469,0.285688,0.287745,0.284329
5470,0.772942,0.466644,0.979246
5471,-0.0563917,0.0155913,0.014977
5472,0.162101,0.0968637,-0.0519302
5473,0.0968357,0.116266,0.365071
5474,1.00117,0.722363,0.524892
5475,-0.11064,-0.0559746,-0.180953
5476,0.588159,0.438143,0.709244
5477,-0.0764126,-0.0751805,-0.0781342
5478,0.430184,0.311334,0.392319
5479,0.454609,0.621237,0.390164
5480,-0.0939898,-0.0624942,-0.0970739
5481,0.440516,0.38037,0.551449
5482,0.520576,0.25526,0.732984
5483,0.249852,0.144895,0.406486
5484,-0.161936,-0.112496,-0.122703
5485,0.264122,0.391844,0.38115
5486,0.627147,0.387604,0.532289
5487,-0.0362774,0.00280194,-0.00872998
5488,0.0480975,0.0414211,-0.0605327
5489,0.0732806,-0.0934063,0.0303708
5490,-0.00280007,-0.0173111,-0.0608074
5491,0.112154,0.0921323,-0.0944012
5492,0.47842,0.452139,0.326835
5493,0.35185,0.401347,0.218241
5494,0.374387,0.298989,0.462633
5495,0.618384,0.535152,0.491631
5496,0.0395827,-0.0141808,0.174506
5497,0.921814,0.506536,1.15913
5498,-0.0307131,0.00556797,-0.131068
5499,0.168946,0.136459,0.318757
5500,-0.0394783,-0.0641894,-0.0971526
5501,0.323476,0.204654,0.379304
5502,-0.182433,-0.149457,-0.207089
5503,0.1028,0.0843257,0.101127
5504,-0.0739913,-0.0220799,-0.100707
5505,0.201322,0.164613,0.220588
5506,0.105101,0.0619982,0.0836637
5507,0.231666,0.158318,0.124853
5508,-0.215218,-0.217392,-0.219084
5509,0.713347,0.570496,0.754478
5510,0.0412741,0.0484242,0.0704681
5511,0.965618,1.50837,1.44069
5512,0.276969,0.116887,0.23536
5513,0.162925,0.132286,0.327769
5514,0.298368,0.256384,0.223171
5515,0.148243,0.0631929,0.204428
5516,0.328166,0.376011,0.288386
5517,0.268371,0.23691,0.40379
5518,0.396054,0.3557,0.41045
5519,0.221958,0.139626,0.0790068
5520,0.28725,0.252817,0.336252
5521,0.0923445,0.0260988,-0.056083
5522,0.261434,0.317604,0.0735055
5523,-0.0337597,-0.0611909,0.0291747
5524,0.104513,0.0414206,-0.0906345
5525,0.492474,0.310806,0.57791
5526,0.384203,0.211548,0.0780903
5527,0.0514738,0.0382693,-0.0188979
5528,0.419613,0.276717,0.378157
5529,-0.169959,-0.159348,-0.173281
5530,0.170424,0.212606,0.107881
5531,-0.079224,-0.117384,-0.135003
5532,0.619996,0.441158,0.419374
5533,0.731297,0.522717,0.688834
5534,0.403069,0.263428,0.349547
5535,0.964494,0.804625,0.868808
5536,0.639492,0.471552,0.350951
5537,-0.0847003,-0.108711,-0.101389
5538,0.143377,0.171574,0.391089
5539,-0.0284473,0.00390991,-0.0790754
5540,0.141326,0.031566,-0.0808992
5541,0.0311675,-0.0148563,-0.121472
5542,0.446486,0.503218,0.537582
5543,0.252845,0.225539,0.487644
5544,0.0192211,0.0069905,-0.0734225
5545,0.428159,0.513753,0.420385
5546,0.178248,0.120206,0.347835
5547,-0.0581007,0.0179539,-0.0962231
5548,-0.0213905,-0.0570195,-0.097646
5549,-0.0608348,-0.0357085,-0.147588
5550,-0.0553184,-0.0544284,0.121714
5551,0.763812,0.627098,0.716887
5552,0.647469,0.450961,0.608578
5553,-0.195251,-0.147773,-0.223601
5554,1.06483,0.65401,0.590232
5555,0.699306,0.680395,0.732765
5556,0.088943,0.116481,0.321398
5557,0.348758,0.296125,0.334643
5558,-0.1096,-0.0779162,-0.111182
5559,0.000791835,0.0223795,-0.138909
5560,-0.0212104,-0.0538859,-0.124961
5561,0.699068,0.589874,0.609973
5562,0.093638,0.0799097,-0.0916302
5563,0.0274986,-0.0560122,0.120824
5564,0.562654,0.675285,0.513588
5565,0.348241,0.246636,0.0712811
5566,0.46026,0.394834,0.232039
5567,0.515023,0.341117,0.23251
5568,0.00802507,-0.0652661,-0.0331367
5569,-0.144164,-0.0964314,-0.211471
5570,-0.0316631,-0.00248873,-0.0463559
5571,-0.0196973,0.0283871,-0.0788294
5572,-0.149712,-0.187967,-0.245463
5573,-0.149359,-0.100253,-0.162637
5574,0.0169896,0.0636588,-0.10963
5575,0.091246,0.0551968,0.195352
5576,0.183886,0.100211,0.143731
5577,-0.0388847,-0.0397312,-0.0678597
5578,0.937428,0.906778,0.913163
5579,0.682722,0.272104,0.655082
5580,-0.0476485,-0.0130468,-0.0526403
5581,0.620099,0.416612,0.370353
5582,0.0243117,0.0529396,-0.0476059
5583,0.238623,0.450298,0.182322
5584,0.12114,0.18694,0.079677
5585,0.032785,0.0158021,0.170598
5586,0.827992,0.742712,0.640233
5587,-0.132706,-0.152165,-0.116522
5588,0.277054,0.196403,0.055518
5589,0.529018,0.396859,0.166122
5590,0.725309,0.730823,0.580901
5591,0.149153,0.18205,0.114563
5592,0.329131,0.203171,0.262407
5593,0.026838,0.145725,0.21953
5594,0.127661,0.0713018,0.294496
5595,0.120009,0.0877841,0.18436
5596,0.411207,0.302805,0.438673
5597,-0.0416367,-0.00469264,-0.131449
5598,0.780906,0.433569,0.746079
5599,0.453907,0.415275,0.433777
5600,0.263008,0.249791,0.501211
5601,0.264876,0.188996,0.329197
5602,0.566952,0.559669,0.485
5603,-0.0303002,-0.0126247,-0.0944628
5604,0.681427,0.507343,0.749585
5605,-0.0096238,-0.0075286,0.142569
5606,0.429255,0.325495,0.480031
5607,0.163138,0.209481,0.145163
5608,0.405254,0.310178,0.234338
5609,0.398926,0.243246,0.342302
5610,-0.0511717,-0.0372829,-0.0454562
5611,-0.0541191,-0.0308335,-0.0774661
5612,0.881911,0.560567,0.52593
5613,0.932022,0.744543,0.962371
5614,0.287069,0.21108,0.084872
5615,0.898034,0.792354,0.736853
5616,0.284925,0.20211,0.0488274
5617,0.637367,0.463082,0.817677
5618,0.0861545,0.033716,0.0456671
5619,0.0770669,0.0445239,-0.0745141
5620,-0.0631511,-0.0835982,-0.149398
5621,0.28519,0.211788,0.22053
5622,-0.146198,-0.107283,-0.156865
5623,0.390674,0.345601,0.245919
5624,0.294276,0.252217,0.477405
5625,0.514833,0.26281,-0.00866239
5626,0.256225,0.318078,0.188086
5627,0.249805,0.130256,0.218814
5628,0.150989,0.234199,-0.176346
5629,0.0443343,0.0327928,0.0158227
5630,0.247423,0.281918,0.138496
5631,0.75478,0.625051,0.0923888
5632,0.343043,0.208754,0.186384
5633,-0.0459187,-0.0144667,-0.0834604
5634,0.324624,0.318276,0.190847
5635,0.736612,0.681459,0.41585
5636,0.309346,0.29761,0.524999
5637,0.574081,0.261412,0.446575
5638,0.2227,0.146475,0.136292
5639,-0.0986271,0.0408844,-0.0765126
5640,-0.158478,-0.139369,-0.186228
5641,0.319691,0.307999,0.310131
5642,-0.107241,-0.0590596,-0.195613
5643,0.144163,0.128506,0.0753772
5644,0.148064,0.1486,0.294091
5645,0.379902,0.33105,0.470835
5646,0.475396,0.325608,0.198416
5647,0.0764605,0.0418554,0.0591545
5648,0.240017,0.328928,0.108651
5649,0.599794,0.468599,0.503151
5650,0.454874,0.326855,0.0181811
5651,0.778803,0.767275,1.01593
5652,0.169236,0.131572,0.352622
5653,0.594858,0.439034,0.40214
5654,0.269814,0.33288,0.158209
5655,-0.138285,-0.19458,-0.252322
5656,0.241398,0.140246,0.121723
5657,0.0498081,-0.0328055,-0.0458176
5658,0.515693,0.498989,0.386381
5659,0.124147,0.0429564,0.149303
5660,-0.0497566,0.0159459,-0.0602786
5661,0.587477,0.372033,0.335885
5662,0.414867,0.33354,0.316059
5663,0.375051,0.305886,0.273294
5664,0.37984,0.151791,0.235294
5665,0.786508,0.719367,0.725537
5666,0.509185,0.430195,0.141499
5667,0.0720155,0.0687189,0.0575653
5668,-0.0692255,0.0134712,-0.139475
5669,0.802453,0.617747,0.711653
5670,0.170813,0.162593,0.280153
5671,0.392332,0.359996,0.312066
5672,0.448009,0.327561,0.202044
5673,0.140529,0.0632578,0.243638
5674,0.380076,0.454255,0.313501
5675,0.637396,1.11491,0.968294
5676,0.273988,0.305115,0.0539716
5677,0.0268178,0.189522,0.0695891
5678,0.434157,0.436979,0.389974
5679,0.297469,0.429798,0.19317
5680,-0.131991,-0.0506386,-0.138508
5681,-0.203153,-0.157057,-0.240661
5682,0.634879,0.891755,0.562129
5683,0.513155,0.51194,0.281552
5684,0.629057,0.511342,0.81812
5685,-0.132247,-0.119925,-0.184752
5686,0.284847,0.202683,0.299825
5687,0.490633,0.465308,0.798909
5688,0.330493,0.237691,0.154711
5689,-0.150801,-0.122465,-0.115134
5690,0.251597,0.21841,0.188622
5691,0.37399,0.0950112,0.270165
5692,0.993211,0.798226,0.890104
5693,0.166605,0.197444,0.474406
5694,0.584492,0.43668,0.51703
5695,0.128467,0.063211,0.274481
5696,0.332429,0.285507,0.373844
5697,0.826971,0.722246,1.11335
5698,0.231479,0.309798,0.373445
5699,0.120197,0.149624,0.0902997
5700,0.913049,0.656319,1.16656
5701,-0.244223,-0.132564,-0.198051
5702,1.08412,0.981688,1.25772
5703,0.461158,0.375833,0.667819
5704,0.406169,0.273612,0.193292
5705,0.0190483,-0.0388372,0.00965645
5706,0.549061,0.441602,0.753678
5707,0.753636,0.731785,0.958918
5708,0.634856,0.416369,0.848732
5709,-0.0892673,-0.0466173,0.00290447
5710,0.634843,0.446679,0.130349
5711,0.393814,0.28114,0.354783
5712,0.983543,0.925137,1.43837
5713,0.30201,0.224731,0.470149
5714,0.0903181,0.0732521,0.308505
5715,0.824444,0.4504,0.791581
5716,0.323163,0.204087,0.119284
5717,0.209698,0.162734,0.175493
5718,-0.178644,-0.148152,-0.219396
5719,0.415824,0.249376,0.300627
5720,0.656273,0.682501,0.897358
5721,0.173477,0.162909,0.0392349
5722,1.00386,0.942931,1.44829
5723,0.248008,0.216237,0.159278
5724,0.403963,0.234118,0.206278
5725,0.989603,1.03107,0.739259
5726,0.618155,0.436299,0.918911
5727,0.553821,0.567457,0.322075
5728,0.11757,0.0885999,0.199443
5729,0.410042,0.360667,0.136215
5730,0.156166,0.185823,0.110059
5731,0.13545,0.0925648,0.0835398
5732,0.0218804,0.0504964,-0.00326605
5733,0.36755,0.32424,-0.0100128
5734,-0.0732967,-0.0106251,-0.0334892
5735,0.261057,0.167604,0.129818
5736,-0.121324,-0.0616112,-0.0732533
5737,-0.082356,0.0296155,-0.0427932
5738,0.514354,0.392687,0.596165
5739,0.253782,0.153118,0.354571
5740,-0.0135741,0.0154512,-0.0963671
5741,0.56718,0.619449,0.582103
5742,-0.173671,-0.130439,-0.255522
5743,-0.0570078,-0.0343247,-0.0754969
5744,0.250318,0.284756,0.014545
5745,0.111739,0.14886,-0.000888111
5746,0.782317,0.650134,0.78763
5747,0.649255,0.439734,0.789105
5748,-0.182365,-0.187994,-0.263461
5749,0.762546,0.596598,0.799742
5750,-0.160449,-0.114253,-0.134896
5751,0.0970456,0.0497296,-0.072821
5752,0.242045,0.274761,0.30988
5753,0.457188,0.322205,0.490155
5754,0.361655,0.180328,0.178491
5755,0.25084,0.0778846,0.209875
5756,-0.0579469,0.0107033,-0.120506
5757,0.736562,0.5298,1.09253
5758,0.257825,0.122887,0.438804
5759,-0.141987,-0.13028,-0.0805934
5760,-0.13055,-0.161459,-0.19755
5761,0.12147,0.155436,0.212782
5762,-0.177693,-0.152729,-0.189741
5763,0.105342,0.0407646,0.0638076
5764,0.0103334,0.0180752,-0.0384678
5765,-0.117115,-0.089363,-0.09892
5766,-0.173603,-0.0165807,-0.0293129
5767,0.714257,0.482874,0.868927
5768,0.295258,0.160014,0.11665
5769,0.355943,0.275958,0.173195
5770,-0.0116006,-0.0552293,-0.203192
5771,0.313807,0.205623,0.246589
5772,-0.0545784,-0.0255466,-0.184378
5773,-0.104596,-0.0550439,-0.100939
5774,0.611376,0.347244,0.40793
5775,-0.121625,-0.0821994,-0.160014
5776,0.794381,0.641982,0.482063
5777,0.941091,0.777607,1.23412
5778,0.0741594,-0.0895227,0.216998
5779,0.216782,0.282852,0.246839
5780,0.129992,0.00456888,0.140794
5781,0.782936,0.654387,1.18337
5782,0.187086,0.173352,0.374194
5783,0.330515,0.353034,0.182922
5784,0.720028,0.427629,0.872279
5785,0.743121,0.450709,0.560714
5786,0.514839,0.399128,0.598006
5787,0.504395,0.494874,0.307204
5788,0.640884,0.368202,0.350527
5789,0.237811,0.164549,0.0941641
5790,-0.0935256,-0.101569,-0.041981
5791,0.0747005,0.0657311,0.220122
5792,0.555143,0.351497,0.613601
5793,-0.0951265,-0.0771142,-0.161601
5794,0.673242,0.581923,0.479913
5795,0.261781,0.199446,0.113497
5796,0.0108091,-0.0042589,-0.0561983
5797,-0.158035,-0.204838,-0.181646
5798,-0.0480727,0.00926846,0.0331403
5799,0.144085,0.156885,0.232796
5800,0.234493,0.183049,0.175043
5801,0.662955,0.481757,0.559284
5802,-0.160734,-0.106702,-0.143288
5803,0.390048,0.217999,0.409539
5804,0.64697,0.552844,0.645796
5805,0.425326,0.201656,0.407363
5806,0.265358,0.272515,0.453034
5807,-0.0376588,-0.0340298,-0.11909
5808,0.996955,0.736029,1.1502
5809,0.108484,0.0450377,0.126713
5810,0.786134,0.939014,0.908992
5811,-0.111219,-0.115774,-0.190409
5812,0.173132,0.0797201,0.125827
5813,0.561841,0.425559,0.469146
5814,0.115455,0.098064,-0.00980153
5815,0.473273,0.51994,0.489179
5816,0.581107,0.361109,0.368555
5817,-0.0741148,-0.057698,-0.130624
5818,0.198871,0.250592,0.0681922
5819,0.0988011,0.0279899,-0.244182
5820,0.317704,0.448971,0.27599
5821,0.128426,0.146602,0.111353
5822,0.485401,0.203787,0.103559
5823,0.519452,0.511024,0.628379
5824,0.0518565,0.0082058,-0.00693035
5825,0.154742,0.201771,-0.0573437
5826,0.698127,0.580606,0.848365
5827,0.351602,0.311215,0.577694
5828,0.241086,0.164598,0.370002
5829,0.653442,0.932654,0.970749
5830,0.253806,0.21092,0.257535
5831,0.459409,0.323665,0.364002
5832,0.447197,0.342038,0.705657
5833,0.673445,0.675961,0.588271
5834,0.131019,0.159111,-0.00495049
5835,0.491305,0.503385,0.339774
5836,0.589552,0.323092,0.465431
5837,0.248998,0.299779,0.272747
5838,0.586183,0.610217,0.359371
5839,0.509047,0.264197,0.271362
5840,0.340657,0.163032,0.0319393
5841,-0.0914015,-0.0899922,-0.111782
5842,0.925805,0.838116,1.2517
5843,0.105758,0.0468508,0.385797
5844,0.514628,0.599649,0.363114
5845,0.114693,0.176904,0.0157005
5846,0.174998,0.0617327,-0.00151171
5847,0.226979,0.143203,0.13638
5848,-0.186812,-0.124922,-0.219836
5849,0.315483,0.363884,0.327468
5850,-0.12238,-0.0668164,-0.172503
5851,0.453092,0.516876,0.223952
5852,0.274216,0.344473,0.226803
5853,0.323759,0.303389,0.176188
5854,0.0954917,-0.034145,-0.0910049
5855,0.320552,0.231858,0.375842
5856,0.4167,0.715199,0.517497
5857,0.167667,0.0220002,0.0444213
5858,0.324343,0.0907207,-0.000204526
5859,-0.21574,-0.165746,-0.277188
5860,0.434084,0.505927,0.401077
5861,0.131787,0.071827,0.067539
5862,0.201637,0.105984,0.426354
5863,0.404122,0.450468,0.288451
5864,0.0305785,0.0398876,-0.00757014
5865,0.237091,0.135454,-0.0344259
5866,0.646424,0.560311,0.46617
5867,0.618439,0.475933,0.306538
5868,-0.0846723,-0.0612076,-0.152956
5869,0.753767,0.500209,0.485982
5870,0.114525,0.282846,0.263967
5871,0.829612,0.414588,0.57648
5872,0.179989,0.129984,0.367655
5873,0.418448,0.263231,0.309481
5874,0.10872,0.101327,0.0290524
5875,0.276516,0.218374,0.433248
5876,1.00501,1.08653,1.1622
5877,0.385631,0.0551924,-0.0684473
5878,0.565235,0.399001,0.253629
5879,0.0581265,0.0733294,0.176229
5880,0.451969,0.604586,0.428949
5881,0.678498,0.333373,0.555252
5882,0.0805831,0.118967,0.138806
5883,-0.0385547,-0.0422076,-0.0915757
5884,-0.104628,-0.0267074,-0.0690777
5885,-0.138252,-0.114222,-0.22548
5886,0.262836,0.201479,-0.0384104
5887,-0.0258559,-0.0249962,0.155127
5888,0.51468,0.366879,0.248579
5889,0.116459,0.0883662,0.0653549
5890,0.269331,0.173341,0.202844
5891,0.339086,0.27129,0.410138
5892,0.0580309,0.0557494,0.251829
5893,0.256164,0.212526,0.453501
5894,-0.0380802,-0.0193723,0.170378
5895,-0.0186414,-0.0564815,-0.0483877
5896,-0.127079,-0.0533855,-0.14283
5897,-0.054601,-0.00168919,0.0341588
5898,0.501566,0.434336,0.256763
5899,0.24733,0.100836,0.322975
5900,-0.201921,-0.151781,-0.175727
5901,0.427753,0.274973,0.122777
5902,0.632679,0.728469,0.843167
5903,0.174474,0.113272,0.338604
5904,0.283505,0.42927,0.511829
5905,-0.138664,-0.140517,-0.173
5906,-0.0365156,0.0178153,-0.114741
5907,0.222856,0.175464,0.00462877
5908,0.557556,0.318541,0.613975
5909,0.298044,0.216352,0.224739
5910,0.80021,0.556872,0.74054
5911,0.143259,0.142095,0.342722
5912,0.154573,0.0980442,-0.012791
5913,0.521731,0.334624,0.404719
5914,0.16613,0.210996,0.0914045
5915,1.03483,0.945532,1.04537
5916,0.0113026,0.0545302,0.0229358
5917,0.250954,0.136658,0.120984
5918,0.530576,0.489629,0.70035
5919,-0.00243885,0.0303406,-0.0161227
5920,0.0951935,0.0519996,0.267921
5921,0.414373,0.549902,0.420577
5922,0.465349,0.393598,0.28108
5923,0.338116,0.33771,0.418629
5924,0.293959,0.277707,0.308735
5925,0.42523,0.368531,0.246465
5926,0.0211385,0.0220787,0.168649
5927,0.478893,0.374108,0.354148
5928,0.11657,0.108242,-0.0524445
5929,0.518046,0.540913,0.291412
5930,0.530104,0.558335,0.265993
5931,0.320123,0.423826,0.381754
5932,-0.020649,-0.0143333,-0.0658673
5933,0.308145,0.431399,0.276623
5934,0.176506,0.0850751,0.0442523
5935,-0.154345,-0.156434,-0.193254
5936,0.467076,0.537814,0.417662
5937,-0.106454,-0.0483563,-0.0851991
5938,0.223977,0.154717,-0.0442791
5939,-0.0759393,-0.0830877,-0.233593
5940,0.696975,0.419438,0.735898
5941,0.413678,0.295804,0.29169
5942,0.288541,0.310462,0.161392
5943,0.291843,0.214609,0.404443
5944,0.549403,0.406279,0.646007
5945,-0.0298945,-0.0501427,0.0159283
5946,-0.219631,-0.186658,-0.236537
5947,0.332459,0.32437,0.223529
5948,0.0345605,-0.00859851,-0.145028
5949,0.239414,0.0877603,0.202478
5950,0.273364,0.282656,0.198747
5951,0.270027,0.3708,0.189825
5952,-0.228986,-0.169655,-0.265854
5953,0.0885594,0.047988,0.146346
5954,0.0308593,0.0749443,0.0673216
5955,0.639295,0.705107,0.35824
5956,0.25875,0.052871,0.190605
5957,0.396139,0.287526,0.391152
5958,0.461848,0.486598,0.541167
5959,0.54289,0.227912,0.464981
5960,0.0598615,0.0889685,0.0061598
5961,0.856321,0.592019,0.361498
5962,-0.179907,-0.109741,-0.23439
5963,0.718899,0.336303,0.340237
5964,0.439293,0.323795,0.576163
5965,0.133979,0.141072,0.13363
5966,0.318261,0.273711,0.145994
5967,0.402094,0.238486,0.176448
5968,0.460367,0.320066,0.302142
5969,0.333829,0.141294,0.265925
5970,0.090342,0.142027,0.247449
5971,-0.102919,-0.0792147,-0.148238
5972,0.188858,0.0451597,-0.0612062
5973,-0.02342,-0.0114854,-0.0535984
5974,0.648745,0.496369,0.367608
5975,0.157332,-0.0267042,0.0701463
5976,0.183794,0.163343,0.240707
5977,0.235849,0.196134,0.413894
5978,0.682864,0.537622,0.483876
5979,0.0936834,0.164193,0.0460951
5980,-0.142006,-0.0894982,-0.162179
5981,0.445376,0.459724,0.274561
5982,-0.203062,-0.196472,-0.255137
5983,-0.0989892,-0.0828793,-0.115101
5984,0.0211084,-0.0304326,-0.119468
5985,0.816962,0.807838,1.00027
5986,0.454574,0.361071,0.371693
5987,0.293791,0.216459,0.0905945
5988,0.196893,0.133659,0.279621
5989,0.553732,0.277061,0.27471
5990,0.458712,0.481135,0.449435
5991,0.352816,0.388848,0.21218
5992,0.652859,0.645728,0.755993
5993,-0.10627,-0.0143501,-0.141796
5994,0.638143,0.606703,0.538787
5995,0.521535,0.313455,0.295059
5996,0.0890347,0.0927531,0.0621293
5997,0.0661088,0.0292064,-0.010894
5998,0.641971,0.41636,0.432451
5999,0.679882,0.392683,0.989766
6000,0.00471678,0.0873448,-0.0866474
6001,0.763193,0.794433,1.0783
6002,0.288298,0.118275,-0.0544076
6003,-0.0316193,0.0161596,-0.052138
6004,0.454613,0.259761,0.645764
6005,0.11052,0.0714297,-0.00363825
6006,0.167135,0.0954136,-0.0204087
6007,-0.00406155,-0.00987694,-0.131501
6008,0.536015,0.28015,0.521606
6009,0.224755,0.143464,0.185775
6010,0.838085,0.869766,1.13815
6011,0.795381,0.76882,1.14759
6012,0.659392,0.490959,0.428641
6013,-0.135815,-0.157714,-0.194097
6014,0.822145,0.421446,0.757094
6015,-0.090733,-0.0507299,-0.0914693
6016,0.298935,0.114996,0.0990736
6017,0.529266,0.508375,0.308401
6018,0.0127158,-0.0125229,-0.162907
6019,0.28331,0.152082,0.197826
6020,-0.0602024,-0.0286923,-0.0726737
6021,0.406522,0.312275,0.424751
6022,-0.199499,-0.185509,-0.16465
6023,0.43504,0.348167,0.425053
6024,0.0444647,0.0264788,0.2251
6025,0.721602,0.395298,0.472615
6026,0.404202,0.131321,0.0381178
6027,-0.054814,0.0437858,0.032626
6028,0.317125,0.312178,0.423505
6029,-0.151433,-0.106842,-0.168257
6030,-0.0773191,-0.0568125,-0.0926253
6031,0.665134,0.435391,0.465346
6032,0.202684,0.148527,0.0799604
6033,0.684685,0.520526,0.869524
6034,0.75645,0.492742,0.983307
6035,-0.0493604,-0.00971474,-0.130968
6036,0.443551,0.316497,0.81275
6037,-0.152981,-0.0962003,-0.0868745
6038,0.557772,0.523573,0.527115
6039,0.352855,0.234963,0.23862
6040,0.282026,0.289162,0.152983
6041,0.01919,0.020964,0.148207
6042,-0.078522,-0.064372,-0.062686
6043,0.306659,0.0848152,-0.0187436
6044,0.877538,0.599072,0.768895
6045,0.0484404,-0.0281508,-0.151734
6046,0.284996,0.311167,0.492034
6047,0.0476844,0.0671623,0.126579
6048,1.02829,0.642682,1.38845
6049,0.219416,0.242477,0.215186
6050,0.766583,0.484849,0.400657
6051,0.821951,0.614587,0.235186
6052,0.549117,0.723343,0.399888
6053,0.283603,0.300807,0.260809
6054,0.227414,0.10362,-0.0588285
6055,-0.104184,-0.0998784,-0.170248
6056,-0.105698,-0.0984024,-0.164467
6057,0.296182,0.131525,0.397289
6058,-0.173534,-0.219997,-0.189368
6059,0.368384,0.0259137,0.287226
6060,0.155739,0.14272,0.244404
6061,0.393229,0.250492,0.0405084
6062,0.251934,0.373256,0.203213
6063,0.136802,0.127461,0.148192
6064,-0.125016,0.00951053,-0.0883192
6065,0.510415,0.139713,0.30004
6066,0.199729,0.270392,0.399245
6067,0.371708,0.217913,0.0539773
6068,0.382577,0.258938,0.498899
6069,0.153011,0.00103055,0.083391
6070,-0.13654,-0.112987,-0.157275
6071,-0.0254876,0.0351199,-0.130853
6072,0.814293,0.680995,0.932559
6073,0.102492,0.150648,0.0500262
6074,0.517184,0.633269,0.482182
6075,0.343804,0.264355,0.516581
6076,0.342045,0.470624,0.147773
6077,0.606468,0.293372,0.12408
6078,0.457295,0.155354,0.0819689
6079,0.291738,0.118732,0.131379
6080,0.507722,0.387305,0.406506
6081,0.540647,0.514008,0.376822
6082,0.497799,0.299855,0.345759
6083,0.427099,0.336898,0.321195
6084,0.269121,0.271296,0.211736
6085,0.0467521,0.090377,0.179577
6086,0.342377,0.273469,0.0588823
6087,0.692064,0.453248,0.713995
6088,0.499479,0.375011,0.23269
6089,-0.0677396,-0.128644,-0.165613
6090,0.0787125,0.122602,0.177734
6091,0.741954,0.551892,0.66601
6092,0.166729,0.0990827,0.365519
6093,0.602445,0.465216,0.731147
6094,0.625492,0.355552,0.643696
6095,0.617059,0.500755,0.475724
6096,-0.00803204,0.0247593,-0.057481
6097,-0.10886,-0.0494759,-0.0539852
6098,0.307496,0.212563,0.369171
6099,0.0816674,0.0333874,0.0121287
6100,0.162129,0.156974,-0.119445
6101,-0.209135,-0.175592,-0.0832253
6102,0.463493,0.327046,0.156538
6103,0.426965,0.208808,0.024711
6104,0.954208,0.899445,1.15186
6105,0.299915,0.261608,0.315453
6106,0.0769516,-0.0596619,0.197894
6107,0.649175,0.657148,0.854881
6108,0.565144,0.891168,0.917599
6109,-0.224214,-0.154393,-0.245795
6110,0.239346,0.235242,0.265374
6111,-0.0153551,0.0626581,0.087394
6112,0.380354,0.434635,0.253318
6113,-0.0441216,-0.0358449,-0.0609941
6114,0.0331142,-0.0900217,-0.0452934
6115,0.597444,0.506725,0.984345
6116,-0.0844304,-0.0225017,-0.122358
6117,0.329889,0.247733,0.260174
6118,0.378015,0.261125,0.143931
6119,0.101,0.0537856,-0.138131
6120,-0.097841,-0.0533705,-0.151899
6121,0.780117,0.956713,0.617403
6122,0.521975,0.465118,0.682
6123,0.473051,0.301419,0.205905
6124,0.115967,0.0544274,-0.0620686
6125,0.232153,0.15101,-0.0637053
6126,0.226298,0.20777,0.040633
6127,0.197519,0.107463,0.175311
6128,0.352501,0.332123,0.608102
6129,-0.106918,-0.190284,-0.21124
6130,0.184345,0.150724,0.339263
6131,0.346507,0.27682,0.207624
6132,0.553494,0.437547,0.248674
6133,0.260033,0.260779,0.0946535
6134,0.333899,0.378694,0.33255
6135,0.247832,0.28501,0.0301295
6136,0.234856,0.195736,0.0601416
6137,0.00143947,-0.0142765,0.126979
6138,0.893073,0.587161,1.05032
6139,0.352001,0.309221,0.232444
6140,0.32992,0.256172,0.390126
6141,-0.034018,-0.0151304,-0.0138204
6142,-0.311472,-0.298872,-0.320742
6143,0.437303,0.333721,0.556164
6144,0.604067,0.568858,0.398211
6145,0.791557,0.581219,1.05309
6146,0.0924993,0.0917476,0.206352
6147,0.338852,0.084998,-0.0384285
6148,0.391432,0.539581,0.342536
6149,0.289926,0.230407,0.242732
6150,0.704345,0.711522,1.01018
6151,0.288384,0.289026,0.0795753
6152,0.107834,0.111677,0.0248368
6153,0.205551,0.161269,0.192527
6154,0.495728,0.422641,0.419711
6155,0.128956,0.0676056,-0.0446592
6156,0.103943,0.221318,0.165603
6157,0.52931,0.375901,0.0771128
6158,0.293967,0.261724,0.158183
6159,0.106986,0.0567558,0.15787
6160,-0.150802,-0.150154,-0.257944
6161,0.839691,0.543785,0.197569
6162,-0.218938,-0.165674,-0.157257
6163,0.331734,0.317964,0.0480818
6164,0.297064,0.199145,0.151751
6165,0.421443,0.653847,0.488646
6166,0.457409,0.368028,0.427398
6167,0.0851151,0.0687834,0.06025
6168,0.669732,0.395777,0.851009
6169,0.531577,0.270721,-0.0511772
6170,0.213101,0.155784,0.226053
6171,0.645736,0.494847,0.714964
6172,0.483453,0.427524,0.563021
6173,0.673347,0.378353,0.17663
6174,0.685386,0.626817,1.08112
6175,-0.170563,-0.183411,-0.1933
6176,-0.132562,-0.117858,-0.132785
6177,0.875755,0.89294,0.951055
6178,-0.135388,-0.106622,-0.170521
6179,0.762029,0.779435,0.971893
6180,0.372272,0.287557,0.16291
6181,0.189979,0.205499,0.0877761
6182,-0.053451,-0.00432436,-0.0558757
6183,0.333062,0.0864055,0.12495
6184,-0.216849,-0.143415,-0.10524
6185,1.03992,0.490035,0.77168
6186,-0.0633081,-0.032779,-0.104764
6187,0.0635274,0.0108821,0.0896639
6188,0.21058,0.246158,0.199639
6189,0.0963611,-0.0537025,0.164421
6190,0.25524,0.226135,0.333723
6191,0.0641811,0.01655,0.285288
6192,-0.0165394,-0.00700792,-0.0989098
6193,-0.0855667,-0.0616918,-0.145278
6194,0.371368,0.235426,-0.0882825
6195,0.282056,0.21652,0.329341
6196,0.164314,0.0441667,-0.0871188
6197,0.435305,0.254969,0.222355
6198,0.526139,0.421135,0.380651
6199,0.0363653,0.0303515,-0.0638148
6200,0.332767,0.376017,0.281528
6201,-0.1645,-0.125224,-0.206257
6202,0.154732,0.161512,0.323056
6203,0.248218,0.327298,0.0706642
6204,0.755103,0.610913,1.06998
6205,0.780598,0.307073,0.477999
6206,0.454845,0.262488,0.251442
6207,0.170436,0.179514,0.332484
6208,-0.0436015,-0.045575,-0.150635
6209,-0.0722882,-0.0242866,-0.0595957
6210,0.46146,0.312799,0.442747
6211,0.0348079,-0.121377,-0.15783
6212,-0.149926,-0.0879961,-0.206064
6213,0.808069,0.68709,0.534815
6214,0.2782,0.238655,0.204213
6215,-0.130974,-0.174288,-0.226044
6216,0.128227,0.144558,0.0395891
6217,0.0935594,0.0305907,0.231379
6218,-0.084299,-0.0103663,-0.174461
6219,0.471236,0.328615,0.241395
6220,0.757284,0.57299,0.497156
6221,0.559955,0.36015,0.522214
6222,0.0660179,0.0721447,0.0425186
6223,0.339909,0.202897,0.224933
6224,0.545736,0.324611,0.301839
6225,0.3926,0.398386,0.557278
6226,0.0684869,0.0517942,-0.120077
6227,0.40767,0.469456,0.26162
6228,-0.00387808,0.0533382,-0.00326266
6229,0.0556685,0.0752692,-0.0634435
6230,-0.0491832,0.00371022,-0.129157
6231,0.202761,0.128728,0.125415
6232,0.209022,0.166787,0.445387
6233,0.737383,0.422642,0.69677
6234,0.029395,-0.0144517,0.242973
6235,0.134745,0.0395484,-0.00678946
6236,-0.0699469,0.0138958,-0.112169
6237,0.834864,0.604977,0.514594
6238,0.0317247,0.00346716,0.0869659
6239,0.766198,0.567179,0.731258
6240,0.0980795,-0.0278571,0.297431
6241,-0.077874,-0.0237941,-0.0811943
6242,0.32934,0.353852,0.278391
6243,-0.0807851,-0.0136629,0.0156532
6244,0.131887,0.154775,0.315965
6245,0.211718,0.175681,0.398056
6246,-0.179483,-0.138485,-0.230259
6247,0.460889,0.360026,0.291728
6248,0.394041,0.300868,0.473644
6249,0.31734,0.176216,0.265628
6250,0.267174,0.181171,0.289808
6251,-0.192587,-0.151395,-0.175408
6252,0.586107,0.666241,0.645495
6253,-0.0909636,-0.0865482,-0.14545
6254,0.0893134,-0.010939,0.150588
6255,0.469892,0.409833,0.242124
6256,0.710411,0.358965,0.254334
6257,0.221805,0.222041,0.352239
6258,-0.0831014,-0.0707781,-0.166402
6259,0.0294806,-0.010005,0.0316342
6260,-0.0310607,0.0603758,-0.0911254
6261,0.861086,0.507391,1.13588
6262,0.389047,0.211784,0.301641
6263,0.340896,0.0976665,0.504761
6264,0.451732,0.346482,0.284573
6265,0.388808,0.178967,0.419798
6266,0.4666,0.250853,0.229457
6267,0.421053,0.243235,0.371406
6268,-0.0594159,0.0251771,-0.0147738
6269,0.0266566,0.0700973,-0.0299447
6270,0.112536,0.109858,0.11851
6271,-0.121134,-0.0559287,-0.216341
6272,-0.00890613,0.113727,0.11529
6273,-0.151066,-0.101558,-0.192983
6274,-0.0850039,-0.127202,-0.137393
6275,0.473618,0.271961,0.268033
6276,0.362124,0.292891,0.550745
6277,0.823665,0.484856,0.850578
6278,0.822613,0.642464,0.214946
6279,0.681386,0.447725,0.612441
6280,0.174081,0.178474,0.0560376
6281,0.0811137,0.0402947,0.300259
6282,0.287289,0.155921,0.266824
6283,-0.163533,-0.171822,-0.24097
6284,0.0118544,0.0598532,-0.0588946
6285,0.414259,0.265673,0.0254701
6286,0.207529,0.13161,0.353951
6287,-0.0441335,-0.059107,-0.136812
6288,0.219009,0.240202,0.380276
6289,0.393944,0.425157,0.362918
6290,0.229082,0.217143,0.273373
6291,0.3737,0.325532,0.397861
6292,0.534556,0.530206,0.831019
6293,0.633285,0.575668,0.480671
6294,0.193058,0.0701784,0.139052
6295,0.129726,0.161481,0.250414
6296,0.55003,0.315384,0.330296
6297,0.392014,0.297923,0.102597
6298,-0.103177,0.00260579,-0.12402
6299,0.256362,0.364836,0.264045
6300,0.348685,0.444722,0.187347
6301,-0.110095,-0.0513091,-0.190442
6302,0.00947294,0.0504915,-0.0834867
6303,0.423604,0.204899,0.274737
6304,0.419342,0.306778,0.60388
6305,0.173668,0.141214,0.381185
6306,-0.0718538,-0.0167753,-0.00578038
6307,-0.215503,-0.140847,-0.19795
6308,0.562953,0.445422,0.391374
6309,0.442436,0.301148,0.358933
6310,0.8232,0.842396,1.1408
6311,0.360569,0.392041,0.274502
6312,0.596905,0.527761,0.489422
6313,-0.0821311,-0.00993987,-0.0518489
6314,0.154997,0.0851109,0.0901054
6315,-0.117689,-0.0657344,-0.172481
6316,0.00451895,0.059935,0.0766769
6317,-0.0174997,-0.0304977,-0.0735409
6318,0.706325,0.719385,0.627639
6319,0.143174,0.100863,0.360728
6320,-0.215703,-0.220257,-0.273752
6321,-0.103335,-0.134082,-0.139448
6322,0.713073,0.443554,0.831884
6323,0.212689,0.140157,0.45242
6324,0.0923077,-0.0395064,-0.0552236
6325,-0.0266612,-0.00943978,0.0113731
6326,0.261343,0.364816,0.175932
6327,0.0654996,0.029036,0.235865
6328,0.0308151,0.0412984,-0.087873
6329,0.224456,0.213842,0.458161
6330,0.575404,0.516486,0.462413
6331,0.439947,0.291544,0.455121
6332,-0.0697771,-0.0891793,-0.0276751
6333,-0.100852,-0.0766952,-0.187119
6334,0.160383,0.187197,0.101391
6335,0.440602,0.269334,0.236147
6336,0.247106,0.320936,0.352336
6337,0.505184,0.48613,0.37206
6338,0.0513555,0.00707732,0.132431
6339,-0.12579,-0.130036,-0.190966
6340,-0.0972328,-0.169588,-0.172466
6341,0.154699,0.189851,0.124189
6342,0.291755,0.119622,0.255114
6343,0.0438966,-0.0226973,0.103285
6344,0.0811241,0.093337,0.240883
6345,0.585036,0.345403,0.717695
6346,-0.167552,-0.0752496,-0.16381
6347,-0.152124,-0.113376,-0.183566
6348,0.47685,0.237118,0.246892
6349,0.522095,0.447398,0.305956
6350,0.286917,0.277865,0.302377
6351,0.74731,1.05362,0.993337
6352,0.153083,0.141126,-0.0496354
6353,0.516333,0.335204,0.767362
6354,0.853577,0.594546,1.00673
6355,0.307619,0.285013,0.185245
6356,-0.0238277,-0.054789,0.0193042
6357,0.0491021,0.0675836,-0.0152625
6358,0.326097,0.377209,0.275762
6359,0.200425,0.0585691,0.0814071
6360,0.198819,0.131719,0.126378
6361,0.290507,0.28833,0.181708
6362,0.381768,0.188002,0.349338
6363,0.161662,0.0972632,0.269068
6364,0.617028,0.483378,0.916581
6365,0.737028,0.58651,0.642543
6366,-0.177294,-0.195948,-0.0342995
6367,0.162356,0.107256,0.307813
6368,0.239632,0.200089,0.170007
6369,0.522619,0.35606,0.751763
6370,0.213436,0.189268,0.314768
6371,0.0404239,0.0182139,0.0766186
6372,0.0647005,0.0448852,0.177532
6373,0.335183,0.357781,-0.00922617
6374,-0.24574,-0.166285,-0.228337
6375,0.797672,0.70889,0.60547
6376,0.4846,0.270094,0.311989
6377,0.54654,0.323102,0.659829
6378,0.322539,0.259655,0.119344
6379,-0.196304,-0.136577,-0.168708
6380,0.502663,0.415,0.409885
6381,0.217139,0.0448222,0.242847
6382,-0.0875268,-0.074633,-0.122419
6383,0.263688,0.179316,0.0167431
6384,0.389473,0.241673,0.335397
6385,0.238613,0.290659,0.326986
6386,0.128129,0.0823355,0.00352406
6387,0.310167,0.243632,0.550444
6388,0.0825162,0.0713922,0.0953901
6389,0.242942,0.112688,0.676853
6390,0.613308,0.638418,0.691628
6391,0.146789,0.178382,0.127782
6392,0.39151,0.233866,0.26525
6393,-0.0407252,0.0582229,0.0150028
6394,0.854626,0.471216,0.497941
6395,-0.229131,-0.198161,-0.25491
6396,-0.119943,-0.0814329,-0.122099
6397,0.652137,0.488223,0.351971
6398,0.369517,0.332292,0.33635
6399,-0.111058,-0.0546194,-0.157866
6400,0.255511,0.324835,0.218996
6401,0.645716,0.254748,0.780379
6402,0.499859,0.24818,0.124468
6403,0.864908,0.980724,1.09049
6404,0.318555,0.0511913,0.000484682
6405,-0.0378525,-0.0238599,0.0796356
6406,0.145007,0.139677,0.0691068
6407,0.320018,0.383721,0.167721
6408,0.0861639,0.0416393,0.0604828
6409,0.153272,0.0482192,0.353814
6410,0.569069,0.622667,0.402065
6411,0.423169,0.425784,0.366758
6412,0.300154,0.158404,0.205932
6413,0.130199,0.118642,0.0465221
6414,1.01159,0.977282,0.92044
6415,0.264775,0.258025,0.208015
6416,0.159545,0.142342,0.119803
6417,0.169899,0.120436,-0.0419252
6418,0.105868,0.166047,0.159432
6419,-0.178584,-0.140385,-0.198775
6420,-0.172793,-0.127905,-0.170199
6421,0.327898,0.43345,0.253114
6422,0.104613,0.149081,0.0623394
6423,0.364239,0.221432,0.204646
6424,0.322785,0.250142,-0.0597794
6425,0.298401,0.21995,0.215818
6426,0.393109,0.363812,0.368483
6427,-0.224674,-0.204468,-0.275793
6428,0.475149,0.474024,0.461278
6429,0.292615,0.329999,0.450484
6430,0.449998,0.288706,0.443173
6431,-0.031297,-0.0880987,-0.165749
6432,0.358092,0.306131,0.446173
6433,0.0614133,0.0539098,0.175164
6434,0.757141,0.64175,0.855715
6435,0.220241,0.178782,0.187856
6436,0.340328,0.238894,0.077745
6437,-0.111889,-0.128246,-0.171345
6438,0.179216,0.0339691,0.211601
6439,0.517034,0.543487,0.428599
6440,0.669531,0.677484,0.833732
6441,0.14945,0.127837,0.490804
6442,0.434797,0.422163,0.354105
6443,0.217858,0.110555,0.0352506
6444,0.406122,0.458098,0.261184
6445,0.446578,0.309612,0.461135
6446,0.203753,0.235728,0.158414
6447,0.981302,0.801654,1.23649
6448,-0.0261597,-0.0220141,0.0137148
6449,0.881685,0.785374,0.904069
6450,0.0447797,-0.0135959,0.0460224
6451,0.214074,0.0702126,-0.149878
6452,0.104638,0.0707696,0.163456
6453,0.123278,0.0220254,0.0709172
6454,0.17045,0.115221,-0.0914497
6455,0.366225,0.500156,0.386507
6456,-0.0456828,-0.0307932,-0.15546
6457,0.160555,0.0538498,0.277944
6458,0.43873,0.279501,0.453796
6459,0.125232,0.109633,0.277996
6460,-0.0489865,-0.0233714,0.00412045
6461,0.0259065,0.0733636,-0.0345678
6462,0.15084,0.205979,0.107072
6463,0.14932,0.11951,0.354219
6464,0.103774,0.0242732,0.0806167
6465,0.406747,0.435565,0.418399
6466,-0.00126931,-0.0392893,-0.0707426
6467,0.239366,0.164168,0.302092
6468,-0.108888,-0.0630825,-0.14008
6469,0.557113,0.407094,0.399809
6470,-0.174012,-0.151587,-0.230636
6471,-0.185973,-0.136768,-0.162387
6472,-0.131119,-0.0995356,-0.136596
6473,0.494806,0.313705,0.401979
6474,0.697309,0.598607,0.995276
6475,-0.160638,-0.153202,-0.128337
6476,0.350814,0.351778,0.333766
6477,0.263854,0.166416,0.0791985
6478,0.150916,0.0257395,0.226236
6479,0.672885,0.595618,0.869345
6480,0.496468,0.289702,0.219095
6481,-0.0878128,-0.00539834,0.00260859
6482,0.328846,0.185389,0.328679
6483,0.191813,0.189898,0.549062
6484,-0.0509984,-0.0198181,-0.124921
6485,0.71695,0.58039,0.854389
6486,0.306366,0.324719,0.287886
6487,-0.141556,-0.115756,-0.185301
6488,0.100821,0.00910272,0.107458
6489,0.517066,0.415467,0.405673
6490,0.774649,0.585117,0.673997
6491,0.175966,0.247574,0.309266
6492,0.758319,0.54235,0.822546
6493,-0.172898,-0.180074,-0.139346
6494,0.609409,0.356133,0.38154
6495,0.50089,0.29901,0.337021
6496,0.416016,0.196985,0.125967
6497,-0.146938,-0.137514,-0.19996
6498,-0.138448,-0.143617,-0.174139
6499,0.823626,0.934871,1.11735
6500,-0.111248,-0.0560716,-0.100063
6501,0.607076,0.676992,1.01495
6502,0.591708,0.545551,0.27551
6503,-0.0645198,-0.0928422,0.0338819
6504,-0.113906,-0.0639341,-0.20624
6505,0.667891,0.523281,0.639762
6506,0.488351,0.336647,0.482371
6507,0.229323,0.279458,0.223021
6508,-0.0704073,-0.0604203,-0.166455
6509,0.0952379,0.0753983,0.125091
6510,0.0150582,0.0425815,0.33188
6511,0.856924,0.454766,0.55104
6512,0.265257,0.170662,0.239131
6513,0.398431,0.331804,0.230497
6514,0.0734258,0.0728117,0.169516
6515,-0.0645192,-0.0959619,-0.135956
6516,-0.00302507,-0.0973732,0.066917
6517,0.242889,0.165709,0.226884
6518,0.954437,0.722242,0.945161
6519,0.380654,0.534294,0.290819
6520,0.312122,0.128545,-0.0944072
6521,0.174022,0.13667,0.340698
6522,0.818423,0.457223,0.81877
6523,0.18485,0.0990246,0.283638
6524,0.324704,0.424225,0.294977
6525,0.0773196,0.111303,-0.0324818
6526,0.604755,0.592115,0.420944
6527,0.847176,0.719772,0.839348
6528,-0.0261385,0.00609764,0.0714122
6529,0.509618,0.481969,0.425247
6530,0.0149744,0.0483916,0.234535
6531,0.606208,0.700347,0.7405
6532,-0.0502742,0.0367766,0.167465
6533,0.36012,0.372267,0.311108
6534,0.365012,0.377237,0.308438
6535,0.128257,0.119434,0.047636
6536,-0.0275877,-0.0195252,-0.0671563
6537,0.313039,0.224262,0.525577
6538,0.114204,0.117283,0.0889693
6539,0.301464,0.293489,0.190597
6540,0.143763,0.0415692,0.165562
6541,0.737678,0.620723,0.49724
6542,0.0258297,0.0219633,0.144803
6543,0.238974,0.164265,-0.0338872
6544,-0.17663,-0.132525,-0.206907
6545,-0.1332,-0.0804152,-0.192138
6546,0.513386,0.429955,0.264266
6547,0.541259,0.357241,0.553213
6548,0.561553,0.411152,0.393074
6549,0.716412,0.416118,0.362427
6550,0.389762,0.213318,0.271779
6551,-0.0356718,0.0179389,-0.143529
6552,0.672534,0.545743,0.846626
6553,0.103932,0.125464,-0.0284028
6554,0.565323,0.463715,0.719037
6555,0.0696693,0.0451978,0.00291249
6556,0.374052,0.295653,0.530642
6557,0.535273,0.356604,0.390042
6558,0.484112,0.235488,0.288161
6559,-0.0828682,-0.00926154,-0.132312
6560,0.880071,0.770838,1.18867
6561,0.0962515,0.100591,0.0725581
6562,0.291585,0.346522,0.270806
6563,0.31424,0.206148,0.0285128
6564,0.283784,0.273564,0.18891
6565,0.326972,0.19657,0.341274
6566,-0.179099,-0.139298,-0.100314
6567,0.149078,0.0943313,0.188681
6568,0.132876,0.177832,0.0418139
6569,0.757572,0.753829,0.923755
6570,0.694492,0.505588,0.548601
6571,0.135636,0.13946,0.174075
6572,-0.0060357,0.0272599,0.117567
6573,0.371313,0.409788,0.300964
6574,0.243974,0.170168,0.439093
6575,0.132717,0.0906107,0.241195
6576,0.570848,0.631586,0.201517
6577,0.725825,0.544307,0.737703
6578,0.456342,0.409272,0.44362
6579,-0.145734,-0.0791363,-0.0300756
6580,0.18725,0.10623,0.24569
6581,0.238571,0.301345,0.13263
6582,0.101263,0.0108025,0.228347
6583,0.0524803,0.236119,0.250268
6584,-0.0751984,-0.0764583,-0.151121
6585,0.426295,0.455222,0.411533
6586,0.67688,0.511342,0.264867
6587,0.581113,0.350034,0.718956
6588,0.0946753,0.193835,0.161125
6589,0.376195,0.410321,0.197027
6590,0.484844,0.471798,0.393989
6591,0.690905,0.354177,0.940252
6592,0.774765,0.605984,0.956587
6593,0.532641,0.440492,0.783516
6594,-0.0194028,-0.0208415,-0.157888
6595,-0.0211402,0.0158436,-0.135703
6596,0.836375,0.447632,0.663968
6597,-0.124567,-0.0976907,-0.119639
6598,0.250891,0.155657,0.31771
6599,0.0392842,0.158269,-0.0335987
6600,0.627553,0.478815,0.26428
6601,0.774434,0.625109,1.03102
6602,0.0270408,0.0256589,0.165145
6603,0.148279,0.158715,0.163486
6604,0.139451,0.0521139,-0.0440931
6605,0.467346,0.283125,0.280153
6606,0.167008,0.131817,-0.0410459
6607,0.370706,0.196845,0.498957
6608,0.352478,0.369551,0.328331
6609,0.0125252,-0.0767008,0.0400942
6610,0.901186,0.889024,1.15971
6611,0.307859,0.209371,0.341392
6612,0.831661,0.739845,1.1848
6613,0.00140176,0.000406035,0.0427559
6614,0.288143,0.208971,0.270698
6615,0.225363,0.220388,0.1366
6616,0.549792,0.418093,0.651063
6617,0.271655,0.201905,0.110106
6618,0.273107,0.205667,0.215571
6619,0.325004,0.195489,0.32207
6620,0.33151,0.303151,0.230118
6621,0.0513298,0.0336063,0.188488
6622,-0.101041,-0.0583125,-0.019032
6623,0.134628,0.103537,0.437468
6624,0.0512082,0.101198,-0.0428696
6625,0.501907,0.278795,0.566482
6626,0.329959,0.246289,0.465927
6627,0.279821,0.181191,0.387929
6628,0.25144,0.0406392,0.445305
6629,0.148713,0.097036,0.251807
6630,0.583795,0.551419,0.790443
6631,-0.0206346,-0.0624642,-0.0507035
6632,0.638166,0.583822,0.654409
6633,0.639037,0.670264,0.429734
6634,0.244031,0.32149,0.0509635
6635,-0.116673,-0.0551052,-0.163248
6636,0.261032,0.29939,0.343236
6637,0.0743564,0.116394,0.0567755
6638,-0.00162108,-0.0304092,-0.0710013
6639,0.866238,0.652047,0.152925
6640,0.227086,0.318075,0.216151
6641,0.919752,0.718672,0.490723
6642,0.103347,0.1297,0.236637
6643,-0.124997,-0.0325955,-0.141146
6644,0.72395,0.58313,0.2215
6645,0.273422,0.225985,0.178299
6646,0.831564,0.758763,0.722355
6647,-0.0422778,-0.0396365,-0.078715
6648,-0.150109,-0.0966164,-0.184916
6649,0.995448,1.01246,0.611283
6650,-0.113628,-0.120964,-0.0726466
6651,0.40101,0.42262,0.29832
6652,0.737521,0.389551,0.857865
6653,0.0277427,0.0379115,-0.136372
6654,0.28586,0.31962,0.296395
6655,0.261726,0.279723,0.290985
6656,0.664895,0.44098,0.304527
6657,0.559168,0.638959,0.302039
6658,-0.0446917,-0.0408926,-0.136563
6659,-0.152954,-0.153043,-0.192694
6660,0.351418,0.221487,0.363009
6661,0.207561,0.297702,0.195974
6662,-0.204927,-0.177984,-0.152901
6663,0.887774,0.707585,1.07859
6664,0.333554,0.221638,0.271487
6665,0.0599359,0.114352,-0.0698345
6666,-0.178929,-0.11576,-0.200705
6667,-0.049065,-0.0144589,-0.0828737
6668,0.382281,0.332175,0.328463
6669,0.92514,0.999868,0.758175
6670,0.3376,0.217889,0.0962153
6671,-0.0466105,0.0255995,-0.0819529
6672,-0.00403902,-0.0282546,0.160897
6673,-0.0955638,-0.0672536,-0.0932954
6674,0.628697,0.705082,0.520302
6675,0.131423,0.135739,0.264306
6676,0.068796,0.0901512,0.00311679
6677,0.424197,0.305415,0.459875
6678,0.42058,0.482229,0.243234
6679,0.266695,0.154974,0.361613
6680,0.0563475,-0.0300978,-0.0905035
6681,0.796738,0.441745,0.656431
6682,0.210299,0.246168,0.0876806
6683,-0.022501,-0.0459973,-0.038579
6684,0.217034,0.175568,0.243299
6685,0.151735,0.040492,0.178759
6686,0.439489,0.280114,0.285089
6687,-0.0333767,0.00802107,-0.122426
6688,0.511402,0.569887,0.431183
6689,0.0755065,0.000633933,0.104756
6690,-0.0490673,-0.0492068,-0.0467818
6691,0.799537,0.507191,0.912672
6692,0.373423,0.529395,0.227931
6693,0.240797,0.249539,0.0749356
6694,-0.079734,-0.0925778,-0.119971
6695,-0.0755803,-0.0139633,-0.0197195
6696,0.20204,0.249168,0.320547
6697,0.669529,0.571231,0.386322
6698,0.0680837,0.0890953,-0.0301099
6699,0.604554,0.263941,0.102925
6700,0.48737,0.298531,0.466407
6701,0.203326,0.136052,0.10387
6702,0.127369,0.163238,0.0904674
6703,0.0948397,0.0515259,-0.0833101
6704,0.0147591,0.037541,-0.0759214
6705,0.231941,0.289393,0.128547
6706,0.320704,0.304325,-0.000378938
6707,0.478706,0.43617,0.330711
6708,0.0801299,0.0438708,0.0354637
6709,0.105204,0.0714938,-0.101006
6710,0.322017,0.183513,0.486523
6711,0.67187,0.641804,0.794332
6712,0.31481,0.300308,0.508082
6713,0.250057,0.162891,0.273424
6714,0.720995,0.559477,0.393362
6715,-0.0949218,-0.0410603,-0.092487
6716,1.03537,1.02068,1.16379
6717,0.324255,0.469121,0.379575
6718,0.507328,0.326345,0.549282
6719,0.100266,0.0593233,-0.011105
6720,0.724525,0.430892,0.434788
6721,0.417783,0.289197,0.294093
6722,0.452223,0.371957,0.370679
6723,0.100068,0.16883,0.23791
6724,0.222293,0.191014,0.363638
6725,0.250714,0.0636262,0.163291
6726,0.63304,0.417657,0.650804
6727,0.173502,0.090269,0.0300425
6728,0.337779,0.247899,0.186754
6729,0.0871737,0.0846381,0.0943816
6730,0.197395,0.237329,0.373534
6731,0.71472,0.451246,0.39842
6732,0.470205,0.228613,0.539859
6733,-0.149954,-0.135726,-0.185109
6734,0.341079,0.450742,0.332106
6735,0.703409,0.427878,1.0307
6736,0.150178,0.0545894,0.0204147
6737,0.261276,0.194028,0.199622
6738,0.517541,0.486047,0.868061
6739,-0.0156722,0.0877707,-0.103215
6740,0.116164,0.146424,0.372252
6741,0.312688,0.243884,0.310096
6742,0.738189,0.526315,0.890681
6743,0.231353,0.139998,0.30281
6744,0.555921,0.396464,0.826604
6745,0.183679,0.159936,0.34615
6746,0.223309,0.230063,0.15332
6747,0.158041,0.13766,0.348678
6748,0.286888,0.180797,0.460173
6749,0.663873,0.450969,0.140522
6750,0.0248393,-0.0366123,0.195983
6751,-0.122693,-0.0625178,-0.140985
6752,-0.229477,-0.225713,-0.242143
6753,0.603721,0.262384,0.203119
6754,0.388964,0.383521,0.230172
6755,-0.105541,-0.0971495,-0.181904
6756,0.544322,0.430948,0.497389
6757,-0.0812227,-0.0594488,-0.150857
6758,-0.0442947,-0.0239198,-0.0597743
6759,-0.099683,-0.0805313,-0.169325
6760,0.210422,0.0768499,0.179744
6761,0.8832,0.933342,0.723266
6762,0.306778,0.26067,0.490222
6763,0.0837388,0.045565,0.174919
6764,0.625299,0.68471,0.868572
6765,-0.0830823,-0.0643419,-0.0680733
6766,0.304408,0.156783,0.512207
6767,0.482613,0.498378,0.42771
6768,0.100883,-0.0044907,0.138513
6769,0.818085,0.725408,0.345503
6770,0.869999,0.758302,0.556007
6771,0.472255,0.324198,0.446563
6772,-0.0939018,-0.0646906,-0.178309
6773,-0.0229643,0.0305335,-0.112009
6774,0.37219,0.159908,0.18641
6775,0.178439,0.14821,0.415925
6776,0.0626968,-0.0357558,0.0497463
6777,0.556019,0.503435,0.882664
6778,0.0680207,0.101225,-0.0568486
6779,0.0371771,0.000310444,0.215927
6780,0.576321,0.452085,0.693441
6781,0.862308,0.702374,0.659073
6782,0.334422,0.308028,0.250698
6783,0.0596655,0.0743252,0.152977
6784,0.402246,0.280045,0.276347
6785,-0.101917,-0.0941305,-0.189703
6786,0.0552268,-0.0242089,0.115257
6787,0.198013,0.322356,0.159905
6788,0.279274,0.203511,0.111891
6789,-0.155943,-0.0999242,-0.182891
6790,0.390932,0.278479,0.365453
6791,0.62321,0.473833,0.66062
6792,0.170893,0.0787513,0.046217
6793,0.242297,0.204367,0.104005
6794,0.354969,0.385967,0.328971
6795,-0.111,-0.110513,-0.0954682
6796,0.522766,0.307898,0.830595
6797,0.136733,0.0427451,0.142269
6798,0.233715,0.350752,0.149624
6799,0.277488,0.188,0.228558
6800,0.846975,0.460234,0.889584
6801,0.0469814,-0.0203837,-0.143696
6802,-0.204114,-0.194666,-0.264601
6803,-0.012223,0.0631988,-0.0426092
6804,0.21974,0.0974869,0.236131
6805,-0.0488801,-0.0546636,0.196075
6806,0.379482,0.428066,0.334744
6807,-0.206816,-0.195714,-0.275366
6808,0.123131,0.0707293,-0.0564857
6809,0.691887,0.503894,0.891548
6810,-0.101357,-0.0878947,-0.175048
6811,0.507898,0.490906,0.386838
6812,0.193109,0.122835,-0.145108
6813,0.409546,0.531222,0.36037
6814,0.512385,0.330019,0.731024
6815,-0.0668232,-0.00873736,-0.122759
6816,0.250172,0.227747,0.322336
6817,0.602355,0.378636,0.251706
6818,0.731201,0.564965,1.06575
6819,0.355575,0.174486,0.328325
6820,-0.245402,-0.19593,-0.257838
6821,0.270284,0.284691,0.343384
6822,0.733049,0.535833,0.361541
6823,0.444725,0.367705,0.541306
6824,0.230453,0.136043,0.200768
6825,-0.150899,-0.0947098,-0.219647
6826,0.898792,0.666622,0.667981
6827,-0.0193819,0.0368685,-0.0493485
6828,-0.13307,-0.0877832,-0.0996245
6829,0.164214,0.187982,0.286956
6830,0.446342,0.419152,0.558296
6831,0.993519,0.77509,1.27215
6832,0.397538,0.512283,0.492374
6833,0.671001,0.568863,0.392567
6834,0.405078,0.271134,0.491392
6835,0.544376,0.470291,0.811877
6836,0.572708,0.253167,0.346817
6837,0.0886252,0.0536916,0.151696
6838,0.0555192,0.0704173,-0.0339119
6839,0.175432,0.0904842,0.301001
6840,0.195939,0.37682,0.204378
6841,0.678495,0.401813,0.495193
6842,0.848973,0.544893,1.08501
6843,-0.0652574,0.0109399,0.00402899
6844,0.268042,0.176797,0.208701
6845,0.287213,0.245389,0.157763
6846,-0.130813,-0.166197,-0.107262
6847,0.457831,0.426911,0.40548
6848,0.206428,0.142895,0.162226
6849,0.499324,0.297004,0.55726
6850,0.750508,0.644886,1.14489
6851,0.344796,0.3777,0.231854
6852,-0.123587,-0.102307,-0.167621
6853,-0.0411058,-0.055341,-0.143719
6854,-0.0493457,-0.0332258,-0.182662
6855,0.55135,0.312474,0.770524
6856,0.909367,0.80851,0.939771
6857,0.51884,0.341164,0.521482
6858,0.275603,0.244666,0.187375
6859,-0.11508,-0.0847973,-0.201885
6860,-0.0212506,0.00214099,-0.0556186
6861,0.221027,0.111621,0.0531377
6862,0.158844,0.114991,0.388423
6863,0.189747,0.152058,0.12588
6864,-0.0715249,-0.0587686,-0.0909992
6865,0.194543,0.0250403,0.125011
6866,0.199613,0.374412,0.230712
6867,-0.139285,-0.0754217,-0.147349
6868,0.349292,0.508844,0.193642
6869,0.789816,0.580441,1.1715
6870,0.175175,0.174724,-0.0279385
6871,-0.0842752,-0.0841989,-0.170722
6872,0.132012,0.0563011,-0.0384223
6873,0.503018,0.507841,0.631392
6874,-0.147397,-0.172691,-0.170086
6875,0.656579,0.396181,0.370093
6876,0.381379,0.354968,0.307277
6877,0.371718,0.443672,0.316326
6878,0.788662,0.534255,0.599417
6879,0.143799,0.161513,0.211764
6880,0.0871235,0.0583147,-0.131212
6881,0.21441,0.152378,-0.0654476
6882,0.262542,0.282112,0.0813941
6883,-0.212271,-0.195456,-0.205245
6884,0.634911,0.496917,0.273574
6885,0.523596,0.440651,0.280416
6886,0.150347,0.167506,-0.000460001
6887,0.158188,0.0947605,0.234023
6888,-0.0682586,-0.138592,-0.136713
6889,-0.0608121,-0.0528972,-0.135618
6890,-0.0653384,-0.0302066,-0.0978229
6891,-0.103511,-0.132924,-0.206824
6892,0.196676,0.173408,0.121334
6893,-0.109913,-0.0939879,-0.106568
6894,0.397477,0.533604,0.326955
6895,0.452116,0.416394,0.384814
6896,0.717352,0.5694,0.618918
6897,0.348582,0.279307,0.394519
6898,0.798172,0.889291,0.844472
6899,0.033884,0.0568215,0.00782998
6900,0.156144,0.255751,0.202111
6901,0.145296,0.138753,0.0817789
6902,0.257445,0.177844,0.0795326
6903,0.127665,0.0471933,-0.0387978
6904,0.388205,0.190217,0.239885
6905,0.505917,0.38668,0.642041
6906,0.498767,0.326577,0.334106
6907,0.150966,0.303627,0.335008
6908,0.653646,0.600344,0.829829
6909,0.406861,0.42668,0.423738
6910,0.220172,0.0699561,-0.0088541
6911,0.0410189,0.0450905,-0.0429242
6912,-0.058324,0.00853309,-0.0789708
6913,0.431407,0.489442,0.440674
6914,0.0747873,0.086878,0.173772
6915,0.410728,0.326649,0.446415
6916,0.67713,0.494141,0.707769
6917,0.0959028,0.0485098,-0.0788049
6918,0.306008,0.386344,0.233669
6919,0.562036,1.02106,0.943286
6920,-0.102243,-0.12161,-0.160815
6921,0.0747466,0.0850992,0.211478
6922,-0.0469529,-0.0572972,-0.0385646
6923,0.467168,0.354107,0.316932
6924,0.792151,0.597314,0.885101
6925,0.564346,0.349861,-0.015118
6926,-0.114783,-0.100425,-0.223856
6927,0.726131,0.614878,0.835426
6928,0.778437,0.52232,0.887378
6929,0.904535,0.644198,1.08973
6930,0.489731,0.300161,0.56179
6931,0.835321,0.560624,1.08963
6932,0.130893,0.0562252,0.315089
6933,0.255548,0.116467,0.148792
6934,0.49012,0.403123,0.958819
6935,0.309473,0.280034,0.512077
6936,0.137862,0.0289858,0.210091
6937,0.507673,0.304033,0.888057
6938,-0.15192,-0.16366,-0.226691
6939,-0.156852,-0.165391,-0.209672
6940,0.0150806,-0.026919,0.0535358
6941,-0.140462,-0.109706,-0.178305
6942,0.209359,0.221101,0.412614
6943,0.449528,0.423886,0.279846
6944,0.145674,0.124105,0.0534882
6945,0.035601,0.031468,-0.0206123
6946,0.0644798,0.0230777,0.264169
6947,0.386948,0.625264,0.26421
6948,0.739352,0.693302,0.90987
6949,0.13088,0.0697754,0.0631618
6950,0.701494,0.58838,0.95606
6951,0.0844226,0.0843965,0.172102
6952,0.253578,0.133182,0.110099
6953,0.0720634,0.0575409,0.296948
6954,0.742719,0.627141,0.435742
6955,-0.083018,-0.0997075,-0.142563
6956,0.274908,0.175651,-0.00600514
6957,0.227226,0.145437,0.156752
6958,0.787293,0.573617,0.830789
6959,0.0936466,-0.0768737,-0.105678
6960,0.769572,0.806875,0.670358
6961,-0.136717,-0.121125,-0.163437
6962,0.0588072,0.0129958,0.0136814
6963,0.378318,0.419026,0.297433
6964,0.154739,0.175405,0.29497
6965,0.162632,0.0797015,0.351458
6966,0.0464067,0.0166841,-0.0341523
6967,0.0573308,0.0236993,0.228211
6968,0.061909,0.0850283,0.0619194
6969,0.471123,0.250429,0.093145
6970,0.389271,0.323126,0.355372
6971,0.756683,0.581769,0.121626
6972,0.0155159,0.0804536,0.0460114
6973,0.332349,0.115466,0.45695
6974,1.00401,0.609349,0.219939
6975,-0.0228741,0.019741,0.0762489
6976,0.264158,0.179664,0.168887
6977,0.725647,0.480403,0.385806
6978,0.390965,0.234541,0.189003
6979,-0.134076,-0.149224,-0.180897
6980,0.575586,0.537015,0.888081
6981,0.0558342,0.0129365,0.298567
6982,0.197199,0.191025,0.0211876
6983,0.289714,0.306485,-0.0332306
6984,0.289168,0.283158,0.226607
6985,0.100114,-0.0616661,-0.092115
6986,-0.116494,-0.117829,-0.156445
6987,0.636605,0.695271,0.642017
6988,0.33203,0.241188,0.281823
6989,0.316809,0.203363,-0.0116935
6990,0.141246,0.157203,-0.0229946
6991,0.174649,0.0821597,0.0805867
6992,0.364123,0.394614,0.343474
6993,0.64312,0.748777,0.583645
6994,-0.00233551,0.0488027,-0.0922183
6995,0.374535,0.193136,0.312081
6996,0.0284098,0.0731642,-0.0738805
6997,0.112513,0.0505001,0.279544
6998,0.0454039,0.118472,0.336446
6999,0.814082,0.524907,0.366316
7000,0.13352,0.148195,0.171437
7001,0.92593,0.9166,0.753561
7002,0.279474,0.132459,0.209253
7003,0.595897,0.449567,0.649565
7004,0.0900448,-0.0784042,-0.156382
7005,0.166613,0.0587008,0.03364
7006,0.157247,0.0858386,0.542096
7007,-0.137651,-0.118619,-0.144824
7008,0.232318,0.127672,0.0178547
7009,0.289834,0.238716,0.158185
7010,-0.144375,-0.0632575,-0.0946296
7011,0.750391,0.579538,0.451246
7012,0.765418,0.490996,0.820949
7013,-0.114183,-0.0321614,-0.141508
7014,0.374583,0.494437,0.613395
7015,0.361791,0.238263,0.278678
7016,0.0937196,0.0936072,0.00472462
7017,0.712411,0.511742,0.42693
7018,0.492043,0.357029,0.683522
7019,0.280157,0.233864,0.0630043
7020,0.254467,0.159465,0.236359
7021,0.762656,0.507761,1.12575
7022,0.286418,0.10874,0.75895
7023,0.625039,0.386792,0.711507
7024,-0.0199788,0.0243473,-0.0410158
7025,0.14094,0.143908,0.34148
7026,0.286743,0.202064,0.177271
7027,0.126132,0.023646,-0.000802117
7028,0.0343193,-0.0242253,-0.021719
7029,-0.0298601,-0.0367695,-0.0440732
7030,0.404944,0.40816,0.300174
7031,0.0553734,0.0145614,0.0779777
7032,0.0860449,0.124826,0.284168
7033,0.00320778,0.112347,-0.00850409
7034,0.12046,0.100109,0.125874
7035,0.5773,0.570925,0.835101
7036,0.0732214,0.0387303,0.108116
7037,-0.061631,-0.0279782,0.0440035
7038,0.586983,0.413141,0.946832
7039,0.493092,0.248142,-0.0477045
7040,0.691892,0.492472,0.55576
7041,-0.0202429,-0.00907875,-0.0648173
7042,-0.183458,-0.161438,-0.141113
7043,0.232948,0.206456,0.185639
7044,-0.105009,-0.141514,-0.133152
7045,0.55944,0.402649,0.808447
7046,-0.160608,-0.102054,-0.204584
7047,0.568695,0.515936,0.578298
7048,0.319297,0.271364,0.333248
7049,0.330958,0.451501,0.374298
7050,0.0804231,-0.0709723,0.193284
7051,-0.215388,-0.192174,-0.242991
7052,0.600351,0.504368,0.87148
7053,0.11747,0.0469907,0.170718
7054,0.363763,0.167121,0.344671
7055,0.294404,0.258033,0.397048
7056,0.360178,0.29276,0.496438
7057,0.463879,0.449025,0.340969
7058,-0.20896,-0.191429,-0.27636
7059,0.0239036,0.0912098,0.0202648
7060,0.138046,0.177165,0.316357
7061,-0.040139,-0.028137,-0.0422107
7062,0.793782,0.524917,0.730331
7063,-0.165471,-0.128025,-0.0835409
7064,0.851659,0.740536,1.04709
7065,0.23166,0.124437,0.564579
7066,-0.145903,-0.0954893,-0.101494
7067,0.573923,0.420801,0.464779
7068,0.381248,0.305834,0.127514
7069,0.380869,0.232184,0.0391141
7070,0.349024,0.187399,0.216905
7071,0.41566,0.410811,0.427587
7072,0.418469,0.387004,0.32417
7073,0.0760073,0.0548364,-0.120546
7074,0.353171,0.179492,0.0681391
7075,0.769701,0.578637,0.881458
7076,0.485579,0.248422,0.113246
7077,0.744312,0.45611,0.807887
7078,0.169272,0.239688,0.476991
7079,0.282087,0.419741,0.241845
7080,0.725642,0.401258,0.416912
7081,0.123633,0.128722,-0.0809225
7082,0.506021,0.293522,0.360003
7083,0.644306,0.453521,0.591585
7084,0.146173,0.213606,0.337904
7085,0.562685,0.388837,0.434732
7086,0.354352,0.454297,0.337547
7087,0.206452,0.0975652,0.277906
7088,-0.0841396,-0.0770148,-0.157188
7089,0.0213813,0.0772661,0.0752942
7090,0.821334,0.491107,0.0891181
7091,-0.0473681,-0.0376406,-0.0615398
7092,0.171051,0.202495,0.345496
7093,-0.067375,-0.0189581,-0.0571425
7094,0.724175,0.752685,0.805282
7095,0.180313,0.138286,0.0835655
7096,-0.0529051,-0.0063036,-0.0440395
7097,-0.0864308,-0.0304442,-0.0880603
7098,0.2637,0.176061,0.292219
7099,0.239044,0.192521,0.0403021
7100,0.674955,0.456344,0.376635
7101,0.433296,0.409362,0.363106
7102,0.2225,0.195427,0.167313
7103,0.153421,0.11906,0.384435
7104,-0.115482,-0.0588996,-0.22229
7105,-0.156006,-0.119981,-0.184647
7106,0.66483,0.368721,0.783417
7107,0.319015,0.403493,0.392073
7108,0.405814,0.251064,0.644453
7109,0.819281,0.644424,1.04869
7110,0.0336912,0.0466818,-0.0391178
7111,0.843879,0.972156,0.987049
7112,0.638439,0.694652,0.855865
7113,-0.0866618,-0.0615924,-0.056013
7114,0.157415,0.0756829,-0.0852819
7115,0.116092,0.134386,0.159759
7116,-0.123586,-0.104512,-0.143719
7117,0.225728,0.115473,0.414486
7118,0.0413567,0.0338685,-0.0972961
7119,-0.0912561,-0.0467393,-0.0558179
7120,0.173798,0.18871,-0.0378338
7121,0.381994,0.36735,0.43004
7122,0.0675009,-0.00632746,0.0261972
7123,-0.0874414,-0.0515631,-0.101915
7124,0.500406,0.519697,0.462574
7125,0.826309,0.403281,0.667346
7126,0.238352,0.162644,0.280965
7127,-0.0537723,-0.0348377,0.0193838
7128,0.245365,0.233637,0.265413
7129,0.59851,0.422827,0.930312
7130,0.498604,0.428471,0.0901374
7131,0.149718,0.137139,0.20335
7132,-0.128275,-0.107919,-0.156746
7133,0.814457,0.888966,0.963071
7134,-0.0367801,-0.0102592,-0.044199
7135,0.251593,0.339408,0.260706
7136,0.62197,0.493387,0.424875
7137,0.160103,0.0215198,0.134086
7138,0.543786,0.347174,0.433349
7139,0.482058,0.441996,0.575734
7140,0.239114,0.297126,0.326248
7141,0.162896,0.239069,0.299666
7142,0.552156,0.412514,0.233101
7143,1.10051,1.12184,1.41189
7144,-0.078178,-0.00555899,0.0515126
7145,0.0197625,-0.00822375,-0.100062
7146,0.209363,0.186553,0.168222
7147,0.0837294,0.0722885,0.0847728
7148,0.419736,0.251252,0.38644
7149,0.0748801,0.0199,-0.147319
7150,0.360556,0.364387,0.252393
7151,0.0153309,0.04615,-0.0142797
7152,0.156867,0.0614215,-0.0449958
7153,0.44706,0.248619,0.455043
7154,-0.128392,-0.107698,-0.2087
7155,0.790761,0.693095,0.848555
7156,0.210579,0.181969,0.30981
7157,0.367146,0.204381,0.144659
7158,-0.171314,-0.127852,-0.17142
7159,0.836841,0.905438,1.31574
7160,0.616311,0.621956,0.591026
7161,0.742192,0.351361,0.482729
7162,-0.0779766,-0.0878305,-0.126512
7163,0.20776,0.141914,0.253284
7164,0.0885479,0.0110524,0.213825
7165,0.594789,0.445166,0.924718
7166,0.666518,0.612713,0.903711
7167,0.161872,0.132001,0.265343
7168,0.101586,0.108437,-0.0877889
7169,0.0265081,-0.0279782,0.154093
7170,-0.0531938,-0.0795162,0.00834868
7171,-0.111461,-0.120371,-0.166716
7172,0.291273,0.270105,0.622976
7173,-0.0330433,-0.11871,-0.146315
7174,0.716208,0.672928,1.03673
7175,0.641968,0.622101,0.764674
7176,0.203166,0.219436,0.00613057
7177,0.172851,0.161276,0.2356
7178,-0.0444873,-0.043198,-0.0839094
7179,0.0154634,-0.0127923,-0.0950812
7180,-0.0858122,-0.0966517,-0.101066
7181,0.445199,0.478898,0.292247
7182,0.707702,0.724511,0.934134
7183,0.259899,0.173531,0.128343
7184,-0.0705199,-0.0748281,-0.214583
7185,0.142415,0.200965,0.167257
7186,0.428325,0.278201,0.492374
7187,0.56615,0.441788,0.165241
7188,0.0034546,0.00624289,-0.0390974
7189,0.322596,0.361721,0.273552
7190,0.344878,0.288654,0.410537
7191,0.584182,0.381294,0.458157
7192,-0.111716,-0.0873565,-0.185852
7193,1.11125,0.817412,0.163948
7194,0.293024,0.233201,0.335839
7195,0.246248,0.281075,0.17481
7196,-0.152894,-0.105245,-0.204526
7197,-0.0344922,0.0398729,0.00446346
7198,-0.101349,-0.016256,-0.0688183
7199,0.0921078,-0.043948,-0.000430314
7200,0.517923,0.345503,0.211006
7201,0.645223,0.479185,0.81004
7202,0.0510035,0.0452542,0.203862
7203,-0.234028,-0.180524,-0.245854
7204,0.32391,0.232919,0.126858
7205,-0.183188,-0.119408,-0.186899
7206,0.75721,0.763376,0.921768
7207,0.426851,0.402593,0.300501
7208,-0.237737,-0.199394,-0.16374
7209,0.705683,0.541221,1.06542
7210,0.619475,0.412182,0.466884
7211,1.1207,1.11494,0.871364
7212,0.0690039,0.0154714,0.2583
7213,0.778256,0.763117,0.539083
7214,-0.0947646,-0.0904078,-0.0378327
7215,0.866787,0.797751,0.748502
7216,0.148378,0.336157,0.301499
7217,0.436197,0.294164,0.282582
7218,-0.121955,-0.109098,-0.145853
7219,0.554462,0.330742,0.646477
7220,0.524531,0.357001,0.385928
7221,0.541916,0.397652,0.573915
7222,0.0218496,0.0326472,-0.0596285
7223,0.787794,0.692148,0.761132
7224,0.552406,0.384963,0.516299
7225,0.350223,0.431494,0.400965
7226,0.729802,0.538089,0.90915
7227,0.525602,0.356998,0.388531
7228,0.597266,0.440313,0.805633
7229,0.361586,0.252761,0.17354
7230,0.708834,0.564029,0.554226
7231,0.443527,0.349707,0.368836
7232,0.586741,0.526249,0.319993
7233,0.718361,0.66435,0.96203
7234,-0.0177798,-0.0393171,-0.109932
7235,0.169805,0.0948138,0.410369
7236,0.662543,0.752401,0.912332
7237,-0.0384993,0.0250265,-0.10814
7238,0.311523,0.234037,0.213065
7239,0.120472,0.071939,0.0362156
7240,0.429804,0.471196,0.448223
7241,0.17802,-0.0292934,0.102759
7242,0.227485,0.346741,0.211571
7243,-0.0797246,-0.0160598,-0.153037
7244,-0.0639447,-0.0773369,-0.20942
7245,-0.184592,-0.14107,-0.160201
7246,0.116013,-0.0276273,-0.103516
7247,0.628251,0.482039,0.940185
7248,0.373922,0.224389,-0.0512837
7249,0.309885,0.244511,0.0758746
7250,0.463389,0.446745,0.303667
7251,0.0857476,0.135993,0.0701235
7252,0.446204,0.279747,0.439335
7253,-0.166721,-0.118437,-0.195826
7254,-0.0369714,-0.0310015,-0.02774
7255,-0.0270462,0.0429787,-0.0677665
7256,0.0856447,0.0469518,0.273571
7257,-0.0973444,-0.0947493,-0.135286
7258,-0.0541625,-0.0902968,-0.0919871
7259,0.0326782,0.0265716,0.0149161
7260,0.789324,0.554881,1.05129
7261,0.296037,0.186473,0.353132
7262,0.498719,0.45601,0.513398
7263,0.0617546,0.170936,0.0926899
7264,-0.0401196,0.00553545,-0.0877187
7265,0.277967,0.331868,0.240412
7266,0.0937679,0.0744634,0.061843
7267,0.527146,0.254863,0.695654
7268,0.201289,0.12355,0.0170547
7269,0.093658,0.150886,0.136604
7270,-0.174922,-0.0997524,-0.222579
7271,-0.191652,-0.158595,-0.183184
7272,0.543447,0.337331,0.724059
7273,0.384839,0.275597,0.421883
7274,0.429015,0.238738,0.393658
7275,0.184357,0.240074,0.281457
7276,0.181719,0.180955,0.208397
7277,-0.0675794,-0.0388172,-0.157436
7278,0.649737,0.415317,0.526914
7279,0.232358,0.115875,0.263575
7280,0.131767,0.0886177,0.403614
7281,0.239438,0.418998,0.416799
7282,0.541387,0.461407,0.660437
7283,0.436205,0.315354,0.575004
7284,0.128387,0.0951244,0.0797581
7285,0.691256,0.418676,0.449757
7286,-0.104367,-0.0650604,-0.0912831
7287,0.795248,0.577686,1.11239
7288,0.0610212,-0.00410723,0.283818
7289,0.221388,0.168916,0.272698
7290,0.792566,0.733506,0.576251
7291,0.357131,0.289326,0.183585
7292,0.800324,0.701455,0.632754
7293,0.0476924,0.0551001,0.230243
7294,0.0595277,-0.0014451,0.0658657
7295,0.506985,0.293104,0.299926
7296,0.323106,0.291825,0.103581
7297,0.700336,0.641448,0.320058
7298,-0.133572,-0.124683,-0.136583
7299,0.254587,0.135013,-0.0827684
7300,-0.183099,-0.173782,-0.248955
7301,0.181565,0.135751,0.41386
7302,0.455129,0.329817,0.603387
7303,0.164559,0.182167,0.26295
7304,0.123889,0.0759148,0.361448
7305,0.32505,0.347359,0.257646
7306,0.227067,0.218313,0.33852
7307,0.500663,0.265201,0.331675
7308,0.367607,0.169524,0.199808
7309,0.279557,0.334416,0.285511
7310,0.624889,0.442705,0.805491
7311,0.241696,0.0896575,-0.0244275
7312,0.19144,0.242481,0.0103313
7313,0.713194,0.632166,0.383472
7314,0.0616238,-0.0247786,-0.0599709
7315,0.396377,0.334116,0.420714
7316,0.478019,0.513706,0.231162
7317,0.389255,0.248116,0.137743
7318,-0.122559,-0.135595,-0.169731
7319,-0.184064,-0.11301,-0.099761
7320,0.057945,0.00766506,0.174716
7321,0.216625,0.181764,0.115332
7322,0.660778,0.566518,0.663697
7323,0.68863,0.389318,0.967087
7324,0.928755,0.634336,0.49329
7325,-0.148635,-0.0357824,-0.0549783
7326,0.856079,0.518567,0.973292
7327,0.284538,0.161554,0.3876
7328,0.287957,0.245701,0.211904
7329,-0.124214,-0.0190819,0.00600771
7330,0.271136,0.204915,0.1048
7331,0.210003,0.204258,0.172027
7332,0.632323,0.369996,1.01682
7333,0.34231,0.440128,0.439718
7334,1.04921,0.828584,1.287
7335,0.0126537,-0.104667,-0.0531958
7336,0.672915,0.396915,0.414093
7337,0.634573,0.50861,0.68837
7338,-0.126281,-0.105081,-0.181851
7339,0.803042,0.523829,0.45134
7340,0.147045,0.200219,0.387719
7341,0.454614,0.24845,0.279719
7342,0.349243,0.393269,-0.0390642
7343,0.58971,0.275278,0.534528
7344,0.429043,0.436351,0.38658
7345,0.84624,0.690524,0.681801
7346,0.058385,0.110116,0.216309
7347,0.339796,0.300511,0.272107
7348,0.284946,0.302737,0.2024
7349,0.0647001,0.0483777,0.112346
7350,-0.195763,-0.118531,-0.160845
7351,0.426621,0.377791,0.203704
7352,-0.0112747,-0.0220809,0.221931
7353,-0.121611,-0.0085911,-0.0649235
7354,-0.0978658,-0.0869305,-0.171915
7355,-0.191533,-0.179324,-0.263426
7356,0.433185,0.175673,0.177743
7357,0.829703,0.621445,0.854293
7358,0.0466166,-0.0482619,0.346529
7359,0.202801,0.207148,0.102783
7360,-0.0467569,-0.0120213,-0.106932
7361,0.855339,0.858262,0.537456
7362,-0.122009,-0.0814052,-0.134215
7363,0.453201,0.107034,0.172068
7364,-0.0484899,-0.096165,-0.140366
7365,0.229966,0.195519,0.431218
7366,0.222975,0.110781,0.153568
7367,0.432836,0.163696,0.283475
7368,-0.122424,-0.0747096,-0.1367
7369,-0.0953906,-0.062305,-0.256453
7370,0.170852,0.167254,0.155027
7371,0.383797,0.217882,0.254229
7372,0.16173,0.0860547,0.205177
7373,0.963086,0.501058,0.353709
7374,-0.11858,-0.0542241,-0.0121646
7375,0.753077,0.466326,0.910542
7376,0.625095,0.378801,0.453343
7377,-0.143475,-0.13388,-0.12692
7378,0.336284,0.385631,0.261807
7379,0.787392,0.906933,1.18611
7380,0.30849,0.158731,0.205271
7381,0.248652,0.164686,0.297142
7382,0.218969,0.133869,0.145748
7383,0.834029,0.810988,0.869115
7384,0.116154,0.058213,0.196611
7385,0.350268,0.12045,0.187381
7386,-0.0417795,-0.046533,-0.0845119
7387,0.482114,0.477278,0.485022
7388,0.08312,0.0026504,0.0739255
7389,0.227471,0.0106932,0.197008
7390,-0.0531744,-0.103487,-0.0717061
7391,0.922998,0.668437,0.475704
7392,-0.0782537,-0.0287138,-0.125656
7393,0.484308,0.263658,0.628059
7394,0.334129,0.217077,0.189313
7395,0.271458,0.202903,0.260732
7396,0.0941956,0.0700971,0.0723355
7397,-0.12135,-0.0904936,-0.0877062
7398,0.1753,0.056015,0.177452
7399,-0.0226159,0.0338053,-0.1005
7400,0.377649,0.203906,0.233295
7401,0.259691,0.168544,0.274482
7402,0.247139,0.180943,0.0935132
7403,0.159074,0.177028,0.203937
7404,-0.211609,-0.219038,-0.285129
7405,0.527283,0.305819,0.360452
7406,-0.161346,-0.113427,-0.163547
7407,0.275792,0.31575,0.210987
7408,0.5115,0.274544,0.436422
7409,0.69305,0.609107,0.81494
7410,0.551338,0.343344,0.475614
7411,0.142507,0.0668622,-0.0088592
7412,0.737451,0.452476,0.507963
7413,0.0498076,0.0790477,-0.0742856
7414,0.300621,0.245582,0.34323
7415,0.273783,0.14566,0.455981
7416,-0.00457615,-0.051438,-0.033421
7417,0.254025,0.185121,0.0211205
7418,0.143545,0.0830228,0.0481181
7419,0.312251,0.304977,0.35266
7420,0.180042,0.138181,0.369832
7421,0.209038,0.199758,0.358427
7422,0.169817,0.101262,0.210593
7423,0.405177,0.254979,0.218233
7424,-0.0149043,-0.0758292,-0.0110401
7425,0.196963,0.0991236,0.354514
7426,0.327175,0.204807,0.472971
7427,0.239115,0.143964,0.0121632
7428,0.174958,0.233146,0.176868
7429,0.468472,0.464915,0.565684
7430,0.0616109,0.0267873,-0.03911
7431,-0.110526,-0.0625165,-0.119707
7432,-0.0383147,0.00270629,-0.0281635
7433,-0.0249281,-0.0532059,-0.0812557
7434,0.55258,0.290386,0.671445
7435,0.572689,0.48234,0.939105
7436,1.02377,0.503603,0.524803
7437,0.27507,0.0945395,0.11181
7438,0.320225,0.224886,0.359526
7439,0.556136,0.500705,0.569495
7440,0.658414,0.523224,0.922706
7441,0.140409,0.0547791,-0.0870421
7442,0.326756,0.226316,0.296066
7443,0.767573,0.474856,0.735648
7444,0.556351,0.417282,0.579314
7445,-0.164339,-0.0930491,-0.10974
7446,0.454573,0.431325,0.371414
7447,0.312346,0.254003,0.0218251
7448,0.549106,0.326374,0.117781
7449,0.356894,0.333228,0.665975
7450,0.532505,0.375949,0.405791
7451,0.241403,0.0598189,0.374641
7452,0.134158,0.111011,0.291766
7453,0.353908,0.27051,0.289643
7454,0.815528,0.460766,0.373039
7455,0.571214,0.394511,0.437678
7456,0.0249952,0.0792165,0.21323
7457,0.565677,0.491332,0.566801
7458,0.427551,0.346456,0.19174
7459,0.582425,0.537899,0.969452
7460,0.316269,0.288381,0.234198
7461,0.190012,0.1249,0.372131
7462,0.247907,0.218845,0.484678
7463,-0.0693753,-0.0353413,-0.155821
7464,0.266617,-0.0196811,0.318758
7465,-0.0298137,-0.0369923,-0.141741
7466,-0.0399171,-0.0332701,-0.131023
7467,0.667862,0.542634,0.943723
7468,0.283387,0.275635,0.36816
7469,0.34196,0.419649,0.135685
7470,0.0265564,0.0648198,0.124562
7471,0.065994,0.0550458,-0.118039
7472,-0.197554,-0.166909,-0.274866
7473,0.376387,0.292079,0.366835
7474,-0.0847742,-0.0739219,-0.141018
7475,0.728747,0.639335,0.886285
7476,0.0536698,0.234109,0.138059
7477,0.285314,0.441444,0.176968
7478,0.0534281,0.0910312,-0.046929
7479,0.478528,0.409571,0.0905237
7480,-0.222661,-0.18854,-0.313947
7481,0.313112,0.348346,0.593961
7482,0.52731,0.421498,0.749329
7483,-0.0738706,-0.0862223,-0.0998185
7484,0.636451,0.387888,0.877104
7485,1.17326,1.08465,1.12722
7486,0.00942807,0.0477534,0.00523994
7487,0.418788,0.241561,0.08025
7488,0.404216,0.319155,0.600663
7489,0.202254,0.0881339,0.306938
7490,0.0927405,0.0249967,0.0642716
7491,0.599494,0.631633,0.367125
7492,0.334502,0.318667,-0.00310784
7493,0.654568,0.472617,0.266722
7494,0.684729,0.416874,0.338583
7495,0.578315,0.515875,0.794985
7496,0.0440492,0.0524242,0.0367846
7497,-0.166182,-0.0885825,-0.138066
7498,0.0870873,0.113402,0.166216
7499,0.688713,0.722984,0.956111
7500,-0.117306,-0.0340379,-0.100734
7501,0.113777,0.0810992,0.23527
7502,0.300017,0.129895,0.29106
7503,0.832061,0.690651,0.75718
7504,0.507872,0.454301,0.651644
7505,0.572281,0.651212,0.513593
7506,0.0371857,0.0151549,0.141033
7507,0.575119,0.309221,0.250741
7508,0.389261,0.321522,0.35885
7509,0.200049,0.136692,0.279084
7510,0.123827,0.0061691,-0.0352885
7511,0.208235,0.252676,0.431872
7512,0.342509,0.0704429,-0.0755578
7513,0.70504,0.394972,0.400689
7514,1.00804,0.695111,0.57217
7515,0.38997,0.399056,0.249685
7516,0.665104,0.381493,0.78272
7517,0.0451261,0.0212564,0.101642
7518,-0.0369654,-0.020382,-0.113281
7519,0.220571,0.31632,0.228876
7520,0.114024,0.0301305,-0.134224
7521,0.71093,0.410692,0.770516
7522,-0.155315,-0.150318,-0.217118
7523,0.223817,0.324827,0.0721693
7524,0.447828,0.24006,0.457263
7525,0.383731,0.339043,0.223329
7526,0.567279,0.428006,0.370351
7527,0.352399,0.361006,0.379468
7528,-0.070924,-0.0699654,-0.172563
7529,0.30611,0.284708,0.342112
7530,0.519234,0.341094,0.26936
7531,0.181907,0.179029,-0.0475454
7532,0.425337,0.272601,0.277241
7533,1.09483,1.12477,1.46564
7534,0.471438,0.460071,0.421038
7535,-0.20506,-0.133262,-0.202317
7536,-0.11425,-0.109647,-0.224609
7537,0.368864,0.166153,-0.0741705
7538,0.755095,0.619004,0.601122
7539,0.28724,0.183397,0.213289
7540,0.346494,0.231458,0.103839
7541,0.0683793,0.0410342,0.258419
7542,0.0779787,0.136098,0.286962
7543,0.644898,0.393303,0.399127
7544,0.0406459,0.12803,-0.0673557
7545,0.000802959,0.0303793,0.333827
7546,0.117642,0.321622,0.529228
7547,0.610785,0.526199,0.678197
7548,0.0247429,0.0171463,-0.00873828
7549,0.311329,0.33404,-0.0404798
7550,0.158856,0.0714672,0.417567
7551,0.240227,0.223192,0.10423
7552,-0.101856,-0.101436,-0.223595
7553,-0.128379,-0.0817252,-0.0255809
7554,0.790134,0.418833,0.407527
7555,-0.090417,-0.0925752,-0.0635873
7556,0.367733,0.473049,0.197545
7557,0.356675,0.253762,0.459818
7558,0.191689,0.13477,0.232936
7559,0.0737749,0.0583897,-0.0338297
7560,0.401475,0.289438,0.22915
7561,0.10653,0.0301324,0.202261
7562,0.46413,0.378713,0.207165
7563,0.115356,0.0863592,0.211004
7564,0.0611377,0.0681303,0.123814
7565,-0.145203,-0.13855,-0.23032
7566,0.992273,0.741004,0.729764
7567,0.624587,0.358235,0.352459
7568,-0.0388415,-0.0439709,-0.168558
7569,0.00160986,0.0642783,-0.0714892
7570,0.341944,0.268404,0.370209
7571,0.663159,0.380103,0.786938
7572,0.713814,0.889868,0.994663
7573,0.279198,0.209986,0.319731
7574,0.317002,0.238741,0.276509
7575,0.532436,0.361916,0.747729
7576,-0.1244,-0.0583725,0.00253436
7577,0.237938,0.182816,0.306508
7578,0.166281,0.00164698,-0.0633197
7579,0.890551,0.577623,1.20087
7580,0.770781,0.789898,0.51093
7581,0.382868,0.371186,0.296666
7582,0.429891,0.515749,0.252277
7583,0.199264,0.083149,0.116889
7584,0.354781,0.400299,0.359567
7585,-0.0415685,0.0454048,0.103903
7586,0.381499,0.192948,0.236282
7587,0.828579,0.757469,0.961873
7588,-0.0537288,-0.0279809,-0.0299515
7589,0.574107,0.388271,0.790364
7590,0.5699,0.404808,0.470677
7591,-0.123495,-0.132813,-0.117998
7592,0.312274,0.387264,0.292142
7593,0.987373,0.759467,0.679638
7594,0.290478,0.350457,0.449187
7595,0.479788,0.480272,0.437528
7596,-0.0357267,-0.0592565,-0.0675663
7597,-0.115377,-0.12899,-0.159506
7598,0.156559,0.125326,0.0410948
7599,0.269619,0.22304,0.230584
7600,0.175329,0.0703107,0.225963
7601,-0.160762,-0.166916,-0.161176
7602,-0.163186,-0.0823716,-0.124544
7603,0.0955711,0.132074,0.354115
7604,0.148029,0.0115929,-0.135729
7605,0.166433,-0.0305691,0.00692092
7606,0.218812,0.186847,0.455798
7607,0.541858,0.401986,0.401854
7608,0.498972,0.313381,0.470394
7609,0.778885,0.808981,0.620231
7610,0.420242,0.302665,0.335407
7611,0.224935,0.205226,0.105157
7612,-0.0800057,-0.0854892,-0.0864709
7613,0.297258,0.0382363,-0.0450651
7614,0.517987,0.307431,0.630754
7615,0.664426,0.382828,0.908672
7616,0.752488,0.562417,1.02908
7617,-0.117126,-0.076503,-0.121483
7618,0.267366,0.239233,0.435607
7619,0.0514317,0.114335,-0.0191265
7620,0.810404,0.678507,0.514512
7621,0.37785,0.254177,0.178692
7622,0.324516,0.360722,0.306326
7623,0.361448,0.455512,0.307076
7624,0.320328,0.12982,0.259481
7625,0.194282,0.250259,0.191905
7626,-0.17487,-0.249783,-0.251546
7627,0.426454,0.209248,0.120816
7628,-0.0922413,-0.0595435,-0.168627
7629,0.265856,0.216428,0.566901
7630,-0.0169219,-0.0653649,-0.0271821
7631,0.638136,0.455211,0.938632
7632,0.382413,0.298386,0.0577344
7633,0.0798436,0.0387716,0.219823
7634,0.248008,0.0314595,0.496145
7635,0.546055,0.506331,0.400428
7636,0.769887,0.547367,0.66328
7637,0.551855,0.491437,1.03155
7638,0.408378,0.196508,0.265665
7639,0.494773,0.432707,0.530752
7640,0.363438,0.20504,0.326414
7641,0.314771,0.507306,0.228119
7642,-0.0845207,-0.101902,-0.277223
7643,0.259703,0.130586,0.328167
7644,-0.0120681,0.00722415,-0.0993264
7645,0.503206,0.500897,0.367379
7646,0.0106861,0.0480059,0.275067
7647,0.528102,0.512431,0.379536
7648,-0.18118,-0.170129,-0.227188
7649,-0.0499172,0.052014,-0.0597316
7650,1.02055,0.598134,0.600186
7651,-0.201304,-0.201762,-0.249789
7652,0.327464,0.391594,0.41655
7653,0.369728,0.293431,0.00336902
7654,0.135877,0.163601,0.311646
7655,0.539054,0.319969,0.396889
7656,0.683932,0.491829,0.547093
7657,0.142819,0.287269,0.110335
7658,0.821596,0.747653,0.349447
7659,0.215901,0.225204,0.288558
7660,0.422152,0.400939,0.2727
7661,0.516072,0.313637,0.551478
7662,0.670681,0.394103,0.66079
7663,0.237032,0.433716,0.285071
7664,0.0652931,0.0490699,0.0769319
7665,0.492171,0.315919,0.306931
7666,0.332903,0.284713,0.22294
7667,0.841512,0.666751,0.306444
7668,0.202649,0.202773,0.36383
7669,0.293191,0.318783,0.289419
7670,0.286127,0.25843,0.219563
7671,0.289705,0.259496,0.290467
7672,0.181563,0.182267,0.118575
7673,0.52845,0.586332,0.624981
7674,0.205877,0.142197,0.381516
7675,0.89243,0.739217,1.18382
7676,0.401437,0.270278,0.279375
7677,0.343461,0.280554,0.209803
7678,-0.0111623,0.0137736,0.00035584
7679,0.576863,0.285715,0.581634
7680,0.262268,0.175407,0.42825
7681,0.127906,0.162726,0.302898
7682,-0.01731,-0.0409886,-0.126469
7683,0.747823,0.532665,0.5504
7684,-0.0825568,-0.0409437,-0.0709971
7685,0.181893,0.210244,0.289991
7686,-0.0860347,-0.030526,-0.0206637
7687,0.611377,0.467109,0.348416
7688,0.825251,0.671251,0.987131
7689,0.362721,0.346701,0.380747
7690,0.852019,0.412973,0.638508
7691,0.299601,0.437961,0.341329
7692,-0.153908,-0.145923,-0.256784
7693,0.601155,0.45031,0.777129
7694,0.49206,0.254198,-0.0104278
7695,0.65731,0.334204,0.206138
7696,0.337366,0.342171,0.216248
7697,0.309054,0.437453,0.35702
7698,0.345374,0.244867,0.00639754
7699,0.0980045,0.0457816,0.109509
7700,-0.0601277,-0.0678725,-0.121423
7701,0.766661,0.507621,0.876268
7702,0.545095,0.435291,0.819646
7703,0.348104,0.279267,0.514137
7704,-0.0840943,-0.0370567,-0.0418457
7705,1.19142,0.845468,1.06353
7706,-0.141306,-0.094722,-0.173274
7707,-0.0301735,0.0306717,-0.076883
7708,-0.125344,-0.155964,-0.177731
7709,0.830177,0.779858,0.7568
7710,0.682389,0.434121,0.0503443
7711,0.276748,0.474458,0.221535
7712,0.239308,0.0982196,0.223398
7713,0.137641,0.154151,0.476038
7714,0.41296,0.485863,0.370866
7715,-0.143022,-0.0789451,-0.188425
7716,-0.182769,-0.10902,-0.135344
7717,-0.12071,-0.13587,-0.0940898
7718,-0.115997,-0.0526548,-0.188029
7719,0.213222,0.221052,-0.0374607
7720,0.659257,0.33235,0.683402
7721,-0.0264492,-0.00923052,-0.108674
7722,0.789519,0.737798,0.560723
7723,0.661848,0.48911,0.447261
7724,0.336576,0.195118,0.374944
7725,0.314784,0.149181,0.279982
7726,0.235348,0.200385,0.362012
7727,0.926299,0.868441,0.716542
7728,0.483324,0.305601,0.0779786
7729,0.124297,0.0721052,0.255644
7730,0.246769,0.104086,0.316762
7731,0.156125,0.195531,0.126651
7732,0.279622,0.194649,0.536148
7733,0.466781,0.493082,0.355156
7734,0.303955,0.126601,0.191331
7735,0.534396,0.361655,0.589724
7736,0.224665,0.104657,0.0692089
7737,0.792639,0.640142,0.434198
7738,0.20281,0.139087,0.282405
7739,0.00469317,0.0821617,0.228872
7740,0.596282,0.509231,0.443076
7741,0.300922,0.312612,0.335863
7742,0.820228,0.503605,1.14955
7743,0.0743114,0.0624372,0.378716
7744,0.244017,0.260048,0.268628
7745,0.125949,0.336099,0.0612589
7746,1.16063,1.3691,1.39837
7747,0.759985,0.555984,1.08693
7748,-0.0236005,-0.0357376,-0.0779565
7749,-0.0547674,-0.06926,-0.0937925
7750,0.280115,0.186746,-0.0442184
7751,0.74738,0.749181,0.836466
7752,0.55284,0.275497,0.308308
7753,0.367765,0.299091,0.164527
7754,0.735299,0.682221,0.332786
7755,0.178717,0.100948,0.0452655
7756,0.00312413,0.0120797,0.0100798
7757,0.302164,0.245968,0.248876
7758,0.691267,0.432578,0.140923
7759,0.3768,0.372036,0.247001
7760,0.483881,0.375193,0.563268
7761,0.284324,0.258692,0.274608
7762,0.590434,0.785779,0.851308
7763,0.324548,0.181093,0.378038
7764,0.461589,0.477304,0.572451
7765,0.0204983,-0.00281345,0.106112
7766,-0.0308714,-0.0409528,-0.0120456
7767,0.124701,0.0598,-0.0719269
7768,0.468361,0.368562,0.458435
7769,0.182796,0.00210334,0.2069
7770,0.765922,0.447872,0.963839
7771,0.188103,0.128955,0.341106
7772,0.648007,0.598083,0.8359
7773,0.152416,0.132753,0.00659602
7774,0.365233,0.179512,0.276461
7775,0.430337,0.21169,0.430367
7776,0.0739592,0.0415475,-0.0111919
7777,0.722495,0.360626,0.985507
7778,0.0961496,0.105221,0.214831
7779,0.258135,0.0282228,0.0670336
7780,0.820361,0.78354,0.703554
7781,0.44651,0.274145,0.188741
7782,0.199663,0.191748,0.103292
7783,0.278644,0.194585,0.247531
7784,0.284441,0.27005,0.228098
7785,-0.162526,-0.112181,-0.204314
7786,0.770305,0.568495,0.765334
7787,0.333257,0.169202,0.211035
7788,0.736049,0.75413,0.731449
7789,0.284227,0.198975,0.224456
7790,0.255365,0.102388,0.346132
7791,0.150276,0.0913327,0.122368
7792,0.552098,0.52931,0.607437
7793,0.256459,0.169111,0.333381
7794,0.389421,0.321912,0.604414
7795,-0.259798,-0.204029,-0.323717
7796,0.323436,0.182448,0.116047
7797,0.158188,0.128643,0.247617
7798,0.382673,0.502025,0.162128
7799,0.101224,0.0399871,-0.0521673
7800,-0.0141631,0.105964,0.0357143
7801,-0.0677406,-0.0573493,-0.153606
7802,-0.00818165,-0.0274933,-0.106306
7803,0.366795,0.268652,0.530238
7804,0.554806,0.544429,0.511442
7805,0.547921,0.290209,0.726568
7806,0.896401,0.814413,0.612094
7807,-0.0283062,0.00233487,0.0533562
7808,0.130476,0.112776,0.313988
7809,0.162862,0.12832,-0.103629
7810,0.745808,0.703358,0.399433
7811,0.541107,0.327056,0.301302
7812,-0.0889883,0.0294751,-0.0165879
7813,0.667473,0.57339,0.482548
7814,0.372077,0.370411,0.41008
7815,0.470717,0.40265,0.722376
7816,0.625218,0.469046,0.465851
7817,0.429948,0.433606,0.524926
7818,0.348262,0.541788,0.277296
7819,0.0271084,0.0462908,-0.0237442
7820,-0.0863476,-0.0840344,-0.148214
7821,0.0639178,0.0426916,-0.023899
7822,0.78643,0.530166,0.527046
7823,0.625125,0.559257,0.441086
7824,0.315273,0.357205,0.167281
7825,0.202435,0.287657,0.241615
7826,0.242108,0.160006,0.204257
7827,0.658131,0.504874,1.02401
7828,0.358521,0.267593,0.390454
7829,0.0681761,0.0408662,-0.0881245
7830,0.0800072,0.107762,-0.0823088
7831,0.251695,0.311762,0.277015
7832,0.0116758,0.0656699,-0.0147572
7833,0.0973735,0.0904812,-0.00215348
7834,-0.0699166,-0.00937497,-0.0633112
7835,-0.193282,-0.195878,-0.279424
7836,0.835838,0.527362,1.2428
7837,0.600445,0.459265,0.641522
7838,0.244115,0.138799,0.403947
7839,0.620926,0.60965,0.366821
7840,-0.0625684,0.0110558,-0.0116306
7841,0.598987,0.528951,0.860744
7842,0.772967,0.733637,0.965236
7843,0.129102,0.137883,0.200123
7844,0.683979,0.605929,0.836318
7845,0.441463,0.270062,0.470252
7846,0.168909,0.05769,0.42755
7847,-0.0241384,0.0395298,-0.090467
7848,0.319722,0.165117,0.31348
7849,-0.182577,-0.135872,-0.23848
7850,0.611578,0.67847,0.598689
7851,0.376957,0.273094,0.305304
7852,0.0179117,0.0796924,-0.0423215
7853,0.195449,0.0248417,0.128619
7854,-0.157189,-0.123573,-0.153369
7855,0.508015,0.646266,0.347638
7856,0.0430371,-0.0407064,0.222
7857,0.560972,0.491568,0.538434
7858,-0.00118566,0.0197136,0.0183123
7859,0.622871,0.316641,0.234543
7860,0.484867,0.365616,0.279958
7861,0.11006,0.0872344,0.237882
7862,0.217663,0.192791,0.31181
7863,0.317831,0.355799,0.4838
7864,0.0411399,0.0182615,0.168163
7865,0.120398,0.0173644,0.0180689
7866,0.089835,0.103599,0.0316717
7867,0.471962,0.325355,0.300884
7868,-0.0187387,0.0340107,-0.0398295
7869,-0.163923,-0.0226802,-0.0903677
7870,0.521896,0.260863,0.289311
7871,0.311506,0.162669,0.247897
7872,0.161764,0.00348369,0.331993
7873,0.757515,0.453828,0.2446
7874,0.226444,0.158885,0.120762
7875,0.362363,0.174826,0.478562
7876,0.494994,0.156773,0.358331
7877,0.0164242,0.00351628,0.133648
7878,-0.116986,-0.0933561,-0.154106
7879,0.354205,0.249523,0.198989
7880,0.276088,0.278548,0.179057
7881,0.713441,0.362143,0.0522048
7882,0.837811,0.68644,0.880695
7883,0.444819,0.292929,0.487829
7884,0.810957,0.59681,0.784905
7885,0.131911,0.119806,0.362876
7886,0.161877,0.181267,0.342296
7887,0.700467,0.610139,0.252
7888,0.428992,0.308213,0.280477
7889,0.85796,0.614579,1.2662
7890,0.295327,0.254715,0.556614
7891,-0.193573,-0.172092,-0.247236
7892,0.131417,0.0538519,0.043335
7893,0.714445,0.657503,0.839789
7894,-0.0603668,0.0130015,0.157032
7895,-0.0467615,-0.0644825,-0.102506
7896,0.425495,0.293116,0.347033
7897,0.0179044,-0.00669781,0.096367
7898,0.182766,0.136388,-0.0523997
7899,0.549173,0.493279,0.842216
7900,0.0275431,0.0222546,-0.114342
7901,0.072183,0.1429,0.364438
7902,0.739232,0.687035,0.79282
7903,-0.000228916,0.105544,0.028968
7904,0.498462,0.231883,0.213792
7905,0.488996,0.440684,0.562821
7906,0.355036,0.402461,0.350344
7907,0.35974,0.330475,0.296696
7908,0.380252,0.142529,0.225308
7909,0.221765,0.210007,0.20619
7910,-0.0357665,-0.0220054,-0.0867754
7911,0.725744,0.59988,0.918014
7912,0.0139288,-0.0536318,0.030763
7913,0.551174,0.478921,0.332947
7914,0.644321,0.503956,0.302532
7915,0.90511,0.464777,1.04435
7916,0.382412,0.23681,0.251852
7917,0.696025,0.435497,0.374536
7918,0.117689,0.118322,0.071437
7919,0.278094,0.101514,0.0268003
7920,0.0572933,0.120527,0.132127
7921,0.0229979,0.00719686,0.0388449
7922,0.466037,0.301529,0.26264
7923,0.118601,0.162692,0.244975
7924,-0.0705267,-0.00336496,-0.167657
7925,0.11903,0.0749871,0.41453
7926,0.392278,0.228774,0.449203
7927,0.230166,0.278451,0.17124
7928,0.89557,0.554733,0.97539
7929,-0.149905,-0.203022,-0.205838
7930,-0.156048,-0.0868962,-0.19927
7931,0.727793,0.401089,0.563819
7932,0.143653,0.106201,0.264186
7933,-0.0622529,-0.114425,-0.206118
7934,0.855758,0.634456,1.13344
7935,0.64274,0.440923,0.757743
7936,-0.132067,-0.0870493,-0.203628
7937,0.561456,0.420766,0.776636
7938,0.133274,0.127875,0.185606
7939,0.325406,0.180214,0.0624681
7940,-0.109562,-0.124232,-0.171497
7941,0.114782,0.142609,0.354559
7942,0.0862793,0.095649,0.0265216
7943,0.206409,0.150055,0.175569
7944,0.12031,0.0343809,0.2326
7945,0.0774264,0.119308,-0.068004
7946,0.62976,0.593211,0.180031
7947,-0.120598,-0.112918,-0.0540991
7948,0.423518,0.260882,0.293251
7949,0.758786,0.697846,0.790568
7950,0.29772,0.172019,0.215708
7951,0.0454229,0.0328218,0.0824456
7952,0.0158608,0.00607673,-0.0330616
7953,0.303246,0.393022,0.251897
7954,0.497345,0.59266,0.379748
7955,-0.168706,-0.143202,-0.19805
7956,0.140761,0.1709,0.297111
7957,0.619516,0.388084,0.547456
7958,0.564487,0.476553,0.436796
7959,0.151636,0.160599,0.237892
7960,0.369638,0.336661,0.623794
7961,1.12181,0.847808,0.632461
7962,0.560603,0.444,0.310951
7963,0.78395,0.773784,0.864855
7964,0.334897,0.290651,0.323708
7965,0.649444,0.43953,0.412481
7966,0.0293711,0.0622999,-0.095906
7967,0.413098,0.404125,0.419861
7968,0.00201158,0.0301282,0.0576172
7969,-0.0122674,0.0220133,0.0341554
7970,0.567247,0.458104,0.485028
7971,0.436713,0.317068,0.217912
7972,0.492296,0.598094,0.869245
7973,0.410149,0.247383,0.364475
7974,0.103884,0.0230913,0.273014
7975,0.675906,0.581155,0.542018
7976,0.031214,0.0428226,0.101752
7977,0.713699,0.621703,0.491235
7978,0.141004,0.134768,0.322203
7979,0.544481,0.318841,0.00366694
7980,0.128682,-0.0365448,0.34749
7981,0.123434,0.174464,0.21332
7982,0.667543,0.673047,0.719921
7983,0.109727,0.158952,0.112707
7984,0.163635,0.108873,0.198165
7985,-0.028365,-0.00271627,-0.0481098
7986,0.262296,0.218053,-0.0116529
7987,0.0144284,0.0520617,0.0624508
7988,0.345946,0.292351,0.339371
7989,0.319515,0.268498,0.165098
7990,0.667405,0.665401,0.804491
7991,0.478124,0.390345,0.331695
7992,0.401158,0.338226,0.44393
7993,0.833816,0.732718,1.13303
7994,0.273458,0.15296,0.402738
7995,0.380749,0.393805,0.09264
7996,0.207371,0.134828,0.47635
7997,0.577118,0.969037,0.951195
7998,0.790662,0.697163,1.19991
7999,-0.10566,-0.139364,-0.146721
8000,0.664707,0.700842,0.258384
8001,-0.000991588,0.0236227,0.0133682
8002,0.139673,0.0478618,-0.0222966
8003,-0.139958,-0.132528,-0.165489
8004,-0.0138368,0.0454363,-0.0249245
8005,-0.121235,-0.0668794,-0.0361967
8006,0.184405,0.0229914,0.42489
8007,0.093754,0.0523836,0.0295075
8008,0.711995,0.568166,0.870136
8009,0.514607,0.768468,0.716046
8010,0.80534,0.524617,0.958414
8011,0.404633,0.27338,0.362605
8012,0.672928,0.482581,0.760291
8013,-0.170738,-0.200051,-0.198534
8014,0.92188,0.707596,1.12026
8015,0.433674,0.634678,0.318673
8016,0.164872,0.121579,-0.0685088
8017,0.221601,0.187328,0.251071
8018,0.649073,0.496216,0.487607
8019,0.0246682,0.0565531,0.017558
8020,0.366273,0.282935,0.367802
8021,0.642781,0.43763,0.401181
8022,0.251743,0.236376,0.290474
8023,0.13357,0.124327,0.174854
8024,-0.138835,-0.0866879,-0.171976
8025,0.0675829,-0.0437776,0.224554
8026,0.193027,0.419195,0.229808
8027,0.156598,0.0258425,0.20182
8028,-0.048129,0.0294214,-0.0398559
8029,-0.127511,-0.0776635,-0.162172
8030,0.524024,0.225705,0.384911
8031,0.0776002,-0.0203289,-0.0722168
8032,-0.189629,-0.226437,-0.242649
8033,0.351537,0.220103,0.0279041
8034,-0.1415,-0.165658,-0.224192
8035,0.716546,0.464653,0.855618
8036,0.232899,0.221278,0.209661
8037,0.251862,0.131394,0.078771
8038,0.40092,0.531856,0.265479
8039,0.0885039,0.059048,0.159408
8040,0.000973172,-0.0685097,0.070111
8041,0.39233,0.237279,0.617348
8042,0.381088,0.226471,0.167428
8043,-0.139312,-0.171055,-0.232268
8044,0.2673,0.321333,0.283824
8045,-0.156994,-0.135776,-0.204039
8046,0.247634,0.451027,0.347586
8047,0.385643,0.284631,0.133173
8048,0.389449,0.426898,0.303722
8049,1.0275,0.909473,0.86528
8050,0.0408994,0.0501833,0.00506069
8051,0.210875,0.39408,0.339765
8052,0.356809,0.235643,0.317562
8053,0.455784,0.414098,0.243627
8054,-0.030817,0.0153458,-0.092395
8055,-0.0398861,-0.0381934,-0.0484462
8056,-0.00421205,0.00273033,-0.0655985
8057,-0.206815,-0.13649,-0.0930915
8058,-0.0966767,-0.0849179,-0.239629
8059,0.0649188,0.0559297,0.157207
8060,-0.00415371,0.0142023,-0.0926723
8061,0.355374,0.356885,0.333009
8062,0.720736,0.652388,0.376434
8063,0.142035,0.0959025,0.399712
8064,0.50624,0.421668,0.850328
8065,0.67956,0.58079,0.976284
8066,0.301859,0.232496,0.26344
8067,0.313928,0.26374,0.120773
8068,0.16903,0.215416,0.0857635
8069,-0.0880005,-0.100237,-0.166596
8070,0.0427742,0.039227,0.00393995
8071,0.180953,0.167428,0.342914
8072,-0.0482085,-0.0426991,-0.111238
8073,0.431633,0.299031,0.200482
8074,-0.0906517,-0.131496,-0.154066
8075,0.0121631,0.0094567,-0.0269852
8076,0.178619,0.0177209,0.150285
8077,0.584395,0.508175,0.750691
8078,0.868783,0.759682,0.956888
8079,0.610674,0.457247,0.838799
8080,-0.063476,-0.0362235,-0.091242
8081,0.384084,0.196552,0.448626
8082,0.653539,0.605225,0.611653
8083,0.145777,0.10731,0.121079
8084,0.547957,0.357401,0.70672
8085,0.260629,0.218969,0.436114
8086,0.443739,0.279761,0.33112
8087,0.7599,0.538726,0.94075
8088,0.96229,1.29974,1.07635
8089,-0.136724,-0.0847953,-0.170026
8090,0.66776,0.583859,0.643518
8091,0.333874,0.489233,0.27754
8092,0.528381,0.363452,0.50063
8093,-0.041248,0.0288331,-0.0754955
8094,0.588286,0.276644,0.258868
8095,0.77532,0.415283,0.733108
8096,0.170403,0.116192,0.0814603
8097,-0.119928,-0.0848225,-0.0765383
8098,0.189959,0.288321,0.466713
8099,0.441811,0.301249,0.249264
8100,0.469309,0.507667,0.398336
8101,0.338813,0.249005,0.0699332
8102,-0.0754243,-0.0405559,-0.173078
8103,0.0260129,-0.00383579,-0.0744918
8104,0.733436,0.730533,1.10312
8105,0.0753716,-0.00311866,0.199528
8106,-0.0588021,-0.00798219,-0.0272475
8107,0.303895,0.463671,0.262736
8108,0.0630988,0.000698853,-0.0792759
8109,-0.119426,-0.108622,-0.0962154
8110,0.452641,0.493451,0.14668
8111,0.540474,0.436307,0.527053
8112,-0.0370731,-0.0616036,-0.0951776
8113,0.357036,0.193591,-0.0456522
8114,0.632909,0.581412,0.428676
8115,0.0710597,-0.0453684,0.171928
8116,0.415488,0.472724,0.258495
8117,0.426764,0.413322,0.186936
8118,0.873378,0.436195,0.324226
8119,-0.107523,-0.0778164,-0.0202193
8120,0.560928,0.773805,0.542947
8121,0.809075,0.580077,0.422303
8122,-0.0605022,-0.00225175,-0.0477714
8123,0.0951596,0.126572,0.614963
8124,-0.157363,-0.188727,-0.22087
8125,0.296851,0.237637,0.0987509
8126,0.669559,0.580758,0.767339
8127,-0.0755995,-0.0545392,-0.0942642
8128,0.250788,0.257186,0.445702
8129,0.55907,0.457554,0.434083
8130,0.947451,0.603175,0.820334
8131,0.683331,0.665919,0.846175
8132,-0.0251496,0.0417161,-0.0808234
8133,0.67255,0.632525,0.62574
8134,0.957057,0.824469,0.587722
8135,0.250357,0.131908,0.003939
8136,0.311845,0.233264,0.107523
8137,1.17323,0.867891,1.44248
8138,-0.0870143,0.0146157,-0.0913804
8139,0.483214,0.384767,0.296552
8140,0.518281,0.630669,0.320948
8141,-0.0572944,-0.0089265,-0.0833073
8142,-0.0619171,-0.0283909,0.125039
8143,-0.0515343,-0.00468041,-0.0721822
8144,0.534677,0.250707,0.394425
8145,0.0200009,0.103208,-0.0746315
8146,0.509184,0.566125,0.646209
8147,0.114794,-0.0518878,0.240153
8148,0.00999684,-0.0840866,-0.105303
8149,0.533086,0.380352,0.801167
8150,0.299792,0.135158,0.456858
8151,-0.151054,-0.109911,-0.195049
8152,0.687312,0.586752,0.66828
8153,0.188246,0.210642,0.447657
8154,-0.0503116,-0.0764354,-0.0565766
8155,-0.0219263,0.0103735,-0.0770102
8156,0.0961475,0.288283,-0.0984135
8157,0.157103,0.172761,0.235656
8158,-0.109987,-0.113034,-0.129169
8159,0.175842,0.103874,0.114556
8160,-0.14757,-0.149072,-0.166214
8161,0.680458,0.355445,0.939865
8162,-0.0744129,-0.0382337,-0.050927
8163,-0.197446,-0.133216,-0.168892
8164,-0.00712839,-0.0425006,0.127714
8165,0.242005,0.272206,0.16255
8166,0.241201,0.198512,0.329276
8167,0.412331,0.216694,0.697925
8168,0.710611,0.474154,0.53426
8169,0.469123,0.311306,0.517477
8170,0.0334848,0.0369485,0.0375996
8171,0.362991,0.432041,0.371618
8172,0.231945,0.254064,0.355333
8173,-0.0877044,-0.0567466,-0.0667378
8174,0.281406,0.091083,0.417342
8175,0.691542,0.531862,0.44412
8176,-0.0487073,-0.0138139,-0.0563985
8177,0.488202,0.307244,-0.00687766
8178,0.872347,0.801854,1.17211
8179,-0.195782,-0.147375,-0.168805
8180,0.662167,0.422516,0.768577
8181,0.72559,0.619793,0.493618
8182,0.481731,0.344941,0.46102
8183,0.561403,0.470929,0.511485
8184,0.858613,0.852367,0.619359
8185,0.709604,0.772014,1.00461
8186,-0.186583,-0.12417,-0.235466
8187,0.519707,0.500657,0.400873
8188,-0.0507209,0.0387404,-0.0333148
8189,0.0950191,0.198479,0.154336
8190,0.422367,0.376825,0.508735
8191,-0.00902349,0.0393284,0.154574
8192,0.140205,0.1023,0.0527675
8193,0.797138,1.24877,1.37838
8194,0.0747332,0.0896494,0.366149
8195,0.357405,0.241452,0.266244
8196,0.748244,0.705505,0.821943
8197,0.238485,0.281116,-0.0181176
8198,0.130066,0.0561444,0.292368
8199,0.631852,0.460887,0.621933
8200,0.739664,0.505301,0.610717
8201,0.179142,0.0798361,0.0367614
8202,-0.0862096,-0.0373091,0.0706436
8203,0.463279,0.428727,0.328206
8204,-0.0873102,0.0148116,-0.142395
8205,0.446535,0.537955,0.344604
8206,0.478787,0.346034,0.41969
8207,0.302103,0.214979,0.32238
8208,0.630556,0.48261,0.495088
8209,0.746943,0.589583,0.965336
8210,0.358455,0.240626,0.26071
8211,0.383062,0.265447,0.413687
8212,0.393817,0.341408,0.30861
8213,0.148447,0.149459,0.0990383
8214,-0.175,-0.0989903,-0.165176
8215,0.161811,0.151209,0.0862089
8216,0.30673,0.287397,0.35526
8217,0.338449,0.453524,0.324992
8218,0.0818905,0.107935,0.0193824
8219,0.558917,0.408712,0.766876
8220,0.0379153,-0.00424359,-0.0898739
8221,0.642897,0.439102,0.769907
8222,0.833619,0.471145,0.94516
8223,0.147488,0.107267,0.128699
8224,-0.070408,-0.0380619,-0.15729
8225,0.440676,0.297311,0.0329303
8226,-0.314377,-0.240875,-0.320951
8227,0.677233,0.508738,0.725339
8228,-0.176257,-0.149027,-0.16388
8229,0.726934,0.632114,0.637508
8230,0.54484,0.514172,0.857301
8231,-0.0925142,-0.117024,-0.0878199
8232,1.08974,0.955977,1.42248
8233,0.143288,0.172121,0.152349
8234,0.117412,0.230543,0.144936
8235,0.318182,0.351665,0.319066
8236,0.504739,0.478976,0.216009
8237,0.357697,0.42473,0.0191179
8238,0.296478,0.328374,0.351216
8239,0.260186,0.248686,0.165277
8240,0.0648227,0.0787836,0.255262
8241,0.0888167,0.0459251,-0.0624103
8242,-0.132043,-0.0744487,-0.0656738
8243,0.00570445,0.0325083,0.290714
8244,-0.0289661,-0.0183463,-0.0848784
8245,0.381687,0.254856,0.125044
8246,0.105705,0.0803866,0.0793142
8247,0.454941,0.430286,0.238702
8248,0.76613,0.412347,0.723474
8249,0.417097,0.218989,0.607674
8250,0.346838,0.262936,0.529552
8251,0.335379,0.351857,0.253355
8252,0.196985,0.293972,0.237825
8253,0.129215,0.0780991,-0.0942809
8254,0.265439,0.228541,0.165366
8255,0.237785,0.300311,0.248535
8256,0.193829,0.0346372,0.327446
8257,0.0751646,0.0212137,0.204803
8258,0.250537,0.240853,-0.189565
8259,0.127829,0.14717,0.0427336
8260,0.288764,0.102453,0.0307945
8261,0.381463,0.132779,0.00282467
8262,0.0805573,0.133193,-0.0317633
8263,0.181871,0.0977797,-0.0651534
8264,0.394624,0.294907,0.395748
8265,0.523666,0.383571,0.268021
8266,-0.0331177,0.00377674,-0.0253774
8267,0.751342,0.479815,0.760303
8268,-0.107678,-0.0793639,-0.131343
8269,0.278716,0.160124,0.33778
8270,0.428571,0.437045,0.197871
8271,0.147686,0.01798,0.322673
8272,0.83587,0.705581,0.906417
8273,-0.0584297,-0.103322,0.0721666
8274,0.234707,0.185348,0.262637
8275,0.50743,0.472624,0.347257
8276,0.717679,0.836148,0.492849
8277,-0.142974,-0.231778,-0.222655
8278,0.17601,0.125947,0.2524
8279,0.854656,0.407946,0.96618
8280,0.863588,0.487457,0.952277
8281,0.40959,0.543436,0.354449
8282,0.797556,0.815851,0.50586
8283,-0.0173498,-0.0802481,0.0203048
8284,0.335258,0.130089,0.174066
8285,0.62932,0.492903,0.364945
8286,0.484727,0.248112,0.14016
8287,0.357653,0.22301,0.292142
8288,0.687058,0.569079,0.596873
8289,0.264431,0.22616,0.195746
8290,0.316935,0.322767,0.239305
8291,0.435939,0.223515,0.337849
8292,-0.0335643,0.0089955,-0.0887736
8293,0.769555,0.680584,0.418321
8294,0.201905,0.180021,0.0430075
8295,-0.0281764,0.0613406,-0.00959741
8296,0.561701,0.31531,0.722108
8297,0.647902,0.791267,0.81447
8298,0.752924,0.710879,0.739665
8299,0.367693,0.310288,0.501903
8300,0.608903,0.637765,0.840585
8301,0.0228692,0.0372836,-0.0324366
8302,-0.0419719,0.0438279,-0.124164
8303,0.739037,0.610985,0.48319
8304,0.0674147,0.0824841,-0.030257
8305,0.0733629,0.126402,-0.0586115
8306,0.591235,0.613601,0.619109
8307,0.305813,0.0988407,0.400185
8308,0.438201,0.268455,0.223638
8309,0.165436,0.150438,0.0312775
8310,0.238475,0.410111,0.199688
8311,0.116054,0.173366,0.103182
8312,0.751468,0.74127,0.68339
8313,0.129484,0.0757776,0.28297
8314,0.178442,0.150685,0.155723
8315,0.135477,0.0953044,0.105635
8316,0.713808,0.564406,1.1127
8317,0.71403,0.730127,0.967854
8318,0.262806,0.174636,0.537604
8319,-0.140933,-0.0493647,-0.102119
8320,0.5264,0.354465,0.11449
8321,0.703451,0.612796,0.416121
8322,-0.146291,-0.0413336,-0.0564568
8323,0.0645529,0.114375,-0.00064066
8324,0.115714,0.164649,0.31617
8325,-0.150213,-0.0860923,-0.215052
8326,-0.21462,-0.154795,-0.267847
8327,0.721886,0.457988,0.830538
8328,0.0311654,0.0523817,0.0395314
8329,0.241177,0.0550446,0.224091
8330,0.240981,0.161045,0.207432
8331,0.719093,0.53109,1.02917
8332,0.0550539,0.0206042,-0.100465
8333,0.103537,0.197333,0.288311
8334,0.631329,0.589447,1.02639
8335,-0.102256,-0.094211,-0.203399
8336,0.47601,0.611291,0.378841
8337,0.522689,0.303206,0.539604
8338,-0.120096,-0.0714344,-0.131118
8339,-0.154572,-0.168613,-0.17837
8340,0.423346,0.325968,0.373684
8341,0.0128996,0.107329,0.141109
8342,0.0646595,-0.0639779,0.176493
8343,0.127725,0.16236,0.26989
8344,0.806545,0.942781,1.11183
8345,-0.174549,-0.106885,-0.173336
8346,0.296033,0.291359,0.177921
8347,0.1156,0.137222,0.0704129
8348,-0.175514,-0.186795,-0.217086
8349,0.143425,0.114904,0.305035
8350,-0.0387731,-0.0184429,-0.122471
8351,0.0604101,0.104814,-0.0134526
8352,0.267902,0.155138,0.453489
8353,0.315601,0.193717,0.182723
8354,0.648986,0.498892,0.848387
8355,0.201285,0.138808,-0.113516
8356,0.684303,0.447635,0.868634
8357,0.300454,0.341155,0.191929
8358,0.0508729,0.127165,0.118895
8359,0.854708,0.935371,1.1556
8360,0.210049,0.255661,0.246548
8361,-0.149676,-0.0723866,-0.0429615
8362,0.141455,0.126167,0.166339
8363,0.852992,0.578632,0.929325
8364,0.859843,0.840811,1.1108
8365,0.978644,0.755087,1.28081
8366,0.688117,0.787301,0.49611
8367,0.485592,0.550036,0.51207
8368,-0.0129893,0.0315883,0.0772597
8369,-0.0837386,-0.112021,-0.169142
8370,0.6151,0.560591,0.838539
8371,0.30042,0.335948,0.583976
8372,0.343488,0.331761,0.17219
8373,0.442854,0.258913,0.179728
8374,-0.0623671,-0.0214065,-0.0792087
8375,0.646935,0.742914,0.869231
8376,0.800497,0.641515,0.888054
8377,0.665853,0.524107,0.477419
8378,0.628423,0.46954,1.5526
8379,-0.151026,-0.0819965,-0.087141
8380,0.296306,0.449472,0.224025
8381,0.131761,0.10582,0.0995886
8382,0.612558,0.607433,0.463414
8383,0.0230455,-0.0468455,-0.198093
8384,-0.105774,-0.0712881,-0.0861433
8385,-0.167399,-0.150024,-0.231348
8386,0.464878,0.575162,0.338113
8387,0.384074,0.323688,0.348837
8388,0.50887,0.318938,0.469033
8389,0.33265,0.392409,0.239032
8390,0.877429,0.740427,0.532905
8391,0.973878,0.838307,0.94477
8392,0.0279108,0.06341,0.0787135
8393,0.125955,0.0805382,0.177557
8394,0.865087,0.504477,1.17756
8395,-0.120438,-0.0761756,-0.152968
8396,0.244013,0.483287,0.247231
8397,0.51847,0.433441,0.735329
8398,0.691738,0.630828,0.801839
8399,0.365654,0.317352,0.247633
8400,-0.0454216,-0.0278427,-0.0127088
8401,-0.00809264,-0.113843,-0.191515
8402,0.0443618,0.0598537,0.256943
8403,0.370438,0.280307,0.313556
8404,0.323121,0.194257,0.0951476
8405,-0.111333,-0.118496,-0.0758815
8406,0.19519,0.114975,0.0934547
8407,-0.07392,-0.0583523,-0.117246
8408,0.40338,0.439485,0.292988
8409,0.155301,0.138555,0.0699777
8410,-0.108515,-0.104974,-0.118143
8411,0.33233,0.416989,0.20097
8412,-0.0251748,0.0653481,0.0261166
8413,-0.120055,-0.12649,-0.140869
8414,0.779184,0.625216,0.432656
8415,0.179934,0.050341,0.376289
8416,0.554763,0.619057,0.736302
8417,0.786216,0.486669,0.731865
8418,0.358302,0.0953956,-0.02211
8419,0.384206,0.301261,0.420966
8420,-0.0704522,-0.100938,-0.0457112
8421,0.801852,0.452276,1.07314
8422,0.677271,0.401863,0.391007
8423,0.156054,0.175937,0.124778
8424,0.253766,0.227054,0.099428
8425,0.0691699,0.0911299,-0.00179909
8426,-0.0537423,-0.0794602,0.0552947
8427,0.479555,0.408429,0.807054
8428,0.225497,0.365351,0.427439
8429,0.462961,0.432217,0.399609
8430,0.326506,0.188927,0.0643499
8431,-0.0435227,0.00120415,-0.0650039
8432,0.206115,0.115984,-0.0059189
8433,0.606679,0.285093,0.319218
8434,0.00224129,0.0584544,0.164362
8435,0.74135,0.477742,0.77272
8436,-0.0363306,-0.0354056,-0.0874024
8437,0.0179763,0.0197969,0.21824
8438,0.39459,0.345432,0.723197
8439,0.996963,0.738262,1.03784
8440,-0.126104,-0.100141,-0.114582
8441,0.168334,0.0616412,0.247415
8442,0.151523,0.128062,0.236953
8443,0.707838,0.525152,0.954009
8444,-0.131552,-0.0978982,-0.0673814
8445,0.737234,0.407813,0.61794
8446,0.230819,0.242285,0.483888
8447,0.297686,0.273986,0.366499
8448,0.631345,0.512777,0.403513
8449,-0.234201,-0.132319,-0.18933
8450,-0.210723,-0.209061,-0.250955
8451,0.172747,0.127977,0.10284
8452,-0.172369,-0.172446,-0.219067
8453,-0.160333,-0.106156,-0.130171
8454,0.61074,0.496386,0.772849
8455,0.543447,0.473706,0.680665
8456,0.212938,0.251094,0.184751
8457,-0.104831,-0.109683,-0.224516
8458,0.386846,0.351232,0.305706
8459,0.110842,0.00786246,0.0684664
8460,-0.0827303,-0.0777569,-0.00274337
8461,0.281521,0.515683,0.276682
8462,0.483812,0.261158,0.242951
8463,0.0955282,-0.040437,0.241497
8464,0.262,0.157312,0.199086
8465,0.453395,0.257643,0.149664
8466,0.374678,0.320944,0.458841
8467,-0.128465,-0.0840164,-0.0594645
8468,0.148962,0.142209,0.204767
8469,0.0838518,0.152288,0.124127
8470,0.171943,-0.00292138,0.241093
8471,0.14624,0.109077,0.0778945
8472,-0.127058,-0.127224,-0.0365301
8473,0.0626211,0.109411,0.190249
8474,-0.119603,-0.0898804,-0.0478186
8475,0.0829374,0.180431,0.146598
8476,0.0945645,-0.0188978,0.0696875
8477,0.240041,0.271479,0.332664
8478,-0.0816079,-0.0496521,-0.193903
8479,-0.0677444,-0.0025849,-0.0314221
8480,0.12963,0.0566607,0.11518
8481,0.308103,0.202242,0.16673
8482,0.643597,0.655148,0.855734
8483,0.391168,0.282349,0.0450855
8484,0.027616,-0.0727607,-0.162251
8485,0.842973,0.69306,1.01613
8486,0.340508,0.307006,0.500868
8487,0.277867,0.237838,0.0125114
8488,0.111648,0.0224394,0.0096477
8489,0.191403,0.0228212,0.0573605
8490,0.14569,0.116316,0.173434
8491,-0.0313141,0.0103196,0.142286
8492,0.82595,0.522865,1.14664
8493,0.330142,0.219875,0.129561
8494,0.692179,0.407567,0.814379
8495,0.396111,0.456281,0.39168
8496,0.274711,0.139299,0.218087
8497,0.34761,0.140935,0.331183
8498,-0.086324,-0.0646779,-0.101529
8499,0.750595,0.479228,0.72602
8500,0.449937,0.330906,0.282463
8501,1.02015,0.851553,1.63943
8502,-0.070048,-0.024487,-0.0485811
8503,-0.0736418,-0.0216707,0.178196
8504,0.416988,0.258944,0.347813
8505,0.51477,0.387842,0.178016
8506,0.149588,0.154935,-0.00215161
8507,0.241839,0.100784,0.0256761
8508,0.121533,0.113156,0.0329171
8509,0.772421,0.673092,0.363443
8510,-0.192573,-0.168044,-0.302046
8511,0.919019,0.532503,0.944362
8512,-0.0442098,-0.00233786,0.00859093
8513,0.619075,0.381083,0.723548
8514,0.962741,0.860443,0.56943
8515,0.261649,0.397873,0.0828642
8516,0.125643,0.17916,0.233915
8517,0.801382,0.685683,1.20122
8518,0.603693,0.469988,0.72862
8519,0.429492,0.372253,0.411862
8520,0.0740792,0.0728418,0.403766
8521,0.260933,0.196278,0.354208
8522,0.823471,0.564644,1.03388
8523,-0.054398,-0.0211703,-0.12698
8524,0.608254,0.427359,0.265637
8525,0.367837,0.337542,0.189932
8526,0.118849,0.247365,0.148177
8527,-0.167925,-0.106727,-0.0635566
8528,-0.14514,-0.0337947,-0.192097
8529,0.937129,0.838091,0.85675
8530,0.415845,0.400295,0.400537
8531,0.598873,0.528294,0.295247
8532,0.559177,0.423195,0.306655
8533,-0.0149659,0.0336524,-0.0606465
8534,0.693847,0.710474,0.817352
8535,0.0886893,0.0792107,-0.000586446
8536,0.316975,0.233489,0.165491
8537,0.137986,0.101238,0.287258
8538,0.40386,0.280443,0.394008
8539,0.0348733,0.0018422,0.0241004
8540,-0.0660501,-0.0386618,-0.0159781
8541,-0.0752346,-0.046246,-0.172832
8542,0.0556081,0.0154627,0.142217
8543,0.390889,0.473724,0.576711
8544,-0.00793596,0.00731539,-0.0636715
8545,0.415946,0.320497,0.360366
8546,-0.207228,-0.198014,-0.191771
8547,0.176285,0.192638,0.222173
8548,0.46986,0.250698,0.205962
8549,0.481789,0.249073,0.57327
8550,0.0737655,0.140142,0.373268
8551,0.177488,0.163617,0.504203
8552,-0.130426,-0.0997588,-0.197209
8553,-0.145973,-0.127244,-0.186818
8554,0.701853,0.769533,0.628918
8555,-0.140437,-0.0854735,-0.112902
8556,0.742781,0.452633,1.20307
8557,-0.0919389,-0.0685683,-0.110344
8558,0.560586,0.490543,0.52241
8559,0.370364,0.179216,0.183556
8560,-0.0569137,-0.137764,0.0709665
8561,0.16474,0.0878277,0.0975686
8562,-0.116854,-0.0268563,-0.102374
8563,-0.0824719,-0.0648264,-0.125509
8564,0.635288,0.505839,0.854492
8565,0.438437,0.324172,0.452565
8566,0.37728,0.251026,0.434206
8567,0.101874,0.0705769,0.0383688
8568,0.509008,0.440749,0.189166
8569,1.16783,0.664398,0.799779
8570,0.397927,0.386373,0.190412
8571,-0.139506,-0.102498,-0.152683
8572,-0.0138549,0.0242511,0.043904
8573,0.176138,0.10642,-0.0569042
8574,0.013313,0.112568,0.207087
8575,0.321861,0.291279,0.503798
8576,-0.0657263,-0.0303828,-0.0518527
8577,-0.0881014,-0.120143,-0.144763
8578,-0.136474,-0.126836,-0.193901
8579,0.428182,0.286667,0.263689
8580,0.75934,0.598101,0.897434
8581,0.644091,0.375784,0.552011
8582,0.34556,0.212549,0.453472
8583,0.334646,0.351552,0.121525
8584,0.686218,0.469379,0.413956
8585,0.489219,0.39049,0.248239
8586,0.259462,0.136765,0.252704
8587,-0.0924853,-0.0158232,-0.0982918
8588,0.742335,0.40413,0.818062
8589,0.0445281,0.0691415,-0.120803
8590,0.219786,0.0402239,0.0834569
8591,0.316598,0.118199,0.528149
8592,0.880026,0.760325,0.791459
8593,0.800228,0.312094,0.348254
8594,0.281431,0.18285,0.518308
8595,0.363477,0.371542,0.274511
8596,0.657981,0.296857,0.734609
8597,-0.113935,-0.0768986,-0.23121
8598,-0.0638045,-0.0513201,-0.137524
8599,0.726853,0.573507,0.588136
8600,0.0256139,0.00669075,0.218478
8601,-0.146092,-0.174179,-0.206999
8602,0.493599,0.447109,0.598899
8603,-0.0846454,-0.0696853,-0.133013
8604,-0.167117,-0.0525406,-0.23265
8605,0.0119492,0.0537521,0.0390986
8606,0.822611,0.515682,0.970565
8607,0.198633,0.108862,0.0719852
8608,0.337826,0.251035,0.363458
8609,0.766565,0.531853,0.399909
8610,0.888193,0.590276,0.725667
8611,0.071847,0.133086,-0.0147726
8612,0.303081,0.232804,0.251478
8613,0.354018,0.319064,0.228074
8614,0.124206,0.109529,0.000867377
8615,0.335673,0.356928,0.263246
8616,-0.0905492,-0.0815302,-0.162898
8617,0.0349622,0.0194841,0.127079
8618,0.470427,0.35502,0.255621
8619,-0.117158,-0.0430841,-0.0591682
8620,0.0295812,0.08479,-0.0181477
8621,0.541082,0.413282,0.652179
8622,0.779038,0.741623,0.525231
8623,-0.162436,-0.120483,-0.193271
8624,0.341699,0.235561,0.234697
8625,0.357796,0.419701,0.24055
8626,0.598827,0.345844,0.464068
8627,-0.129607,-0.0329166,-0.0062282
8628,0.569804,0.414177,0.232595
8629,0.616532,0.631443,0.67354
8630,0.273829,0.160883,0.219802
8631,-0.144644,-0.0918805,-0.186057
8632,0.521891,0.352972,0.329906
8633,0.267502,0.265584,0.533346
8634,-0.0391376,-0.0179694,-0.0426663
8635,0.192553,0.172001,0.0198726
8636,0.378605,0.305671,0.261105
8637,0.00960676,-0.0207937,-0.085182
8638,0.380805,0.233174,-0.0301082
8639,0.163917,0.0648445,0.246005
8640,-0.159741,-0.172737,-0.183851
8641,0.0197264,0.0490792,-0.0296404
8642,0.791991,0.758386,0.579036
8643,0.098537,0.167896,0.380142
8644,-0.0527194,-0.0866648,-0.101076
8645,-0.125174,-0.113327,-0.116281
8646,0.068205,0.0467568,0.0656985
8647,0.667009,0.907431,0.959388
8648,0.714808,0.875029,0.409896
8649,0.446884,0.501707,0.292085
8650,0.454618,0.293497,0.478091
8651,0.265314,0.216063,0.170687
8652,0.314524,0.145191,0.0766179
8653,0.077551,0.151603,-0.114499
8654,0.316524,0.329775,-0.0792806
8655,0.160493,0.0471621,0.208924
8656,0.419599,0.28174,0.0606419
8657,-0.162056,-0.141346,-0.163201
8658,0.346005,0.469174,0.202956
8659,0.800939,0.67684,1.18631
8660,-0.109922,-0.0815329,-0.190851
8661,0.780892,0.360201,0.502446
8662,0.244003,0.144559,0.0759005
8663,-0.171353,-0.117856,-0.181677
8664,0.291547,0.223823,0.226286
8665,0.0894984,0.0277988,-0.111181
8666,1.13556,0.955028,1.30478
8667,0.0527923,-0.0903819,-0.124069
8668,0.472353,0.506944,0.730503
8669,0.238477,0.327322,0.498123
8670,0.434949,0.610774,0.329419
8671,0.352957,0.412668,0.221131
8672,0.308793,0.223171,0.101587
8673,0.324862,0.206994,0.159146
8674,0.48032,0.227221,0.317008
8675,0.323728,0.303212,0.557525
8676,0.695099,0.581315,0.738284
8677,0.402605,0.426724,0.295755
8678,-0.0953747,-0.0850616,-0.0999177
8679,0.474369,0.298296,0.419488
8680,0.39489,0.398356,0.437785
8681,0.208301,0.135524,-0.0170375
8682,0.313288,0.273943,0.40258
8683,-0.153746,-0.122264,-0.163652
8684,0.345444,0.409575,0.295095
8685,0.285308,0.145019,0.148919
8686,0.389264,0.404483,0.231863
8687,-0.124524,-0.145187,-0.173189
8688,0.555231,0.29985,0.358117
8689,0.11394,0.179116,0.144894
8690,0.621801,0.361256,0.324724
8691,-0.158736,-0.18524,-0.221159
8692,0.786939,0.7597,0.780597
8693,0.253398,0.0937263,0.340049
8694,0.0777834,0.00824349,-0.119576
8695,0.026209,-0.0228806,-0.0603703
8696,0.469516,0.00330123,0.492285
8697,-0.077518,-0.0594926,-0.158218
8698,-0.105696,-0.121024,-0.203661
8699,0.457709,0.288998,0.14534
8700,-0.0755223,-0.0159884,-0.0518632
8701,0.0902094,0.0119965,-0.0811817
8702,0.370384,0.385673,0.300248
8703,0.184951,0.116408,0.0714205
8704,0.424229,0.330107,0.631879
8705,0.246375,0.24317,0.684881
8706,0.418887,0.216262,0.197349
8707,0.264481,0.230692,0.177832
8708,0.199103,0.152526,0.116761
8709,0.2326,0.0991301,0.112698
8710,-0.00962984,0.126333,0.0990246
8711,0.687263,0.727336,0.937056
8712,0.0617106,0.0312992,0.043195
8713,0.3217,0.259439,0.433646
8714,0.940502,0.948109,0.756757
8715,0.525503,0.303068,0.121965
8716,0.280183,0.110483,0.425975
8717,0.639047,0.767006,0.521514
8718,-0.0156174,-0.0519406,-0.137034
8719,-0.0430777,-0.00732291,-0.0774453
8720,0.060607,0.044856,-0.00684763
8721,0.480989,0.440318,0.405281
8722,0.222321,0.137198,0.122588
8723,-0.143574,-0.0305482,-0.162994
8724,0.0939469,0.0768643,0.281583
8725,0.267901,0.16027,0.163093
8726,0.279957,0.251965,0.195889
8727,0.0979247,0.0370577,0.106988
8728,0.110012,0.062187,-0.00824834
8729,0.199412,0.211413,0.113922
8730,0.558111,0.379888,0.583488
8731,-0.0855574,-0.122817,-0.0828324
8732,0.715473,0.898655,0.968405
8733,0.659686,0.635811,0.466033
8734,0.614531,0.535454,0.720349
8735,0.139395,0.00749876,0.136394
8736,0.186146,0.237048,0.425361
8737,0.246383,0.149157,0.392198
8738,0.455073,0.562512,0.350108
8739,0.0786022,-0.0201133,0.292796
8740,0.213825,0.131712,0.156656
8741,-0.115819,-0.144244,-0.158154
8742,0.668136,0.374741,0.607437
8743,0.71755,0.663548,0.275402
8744,0.768019,0.422028,0.483239
8745,-0.094667,-0.0407003,-0.171703
8746,0.273858,0.217876,0.640046
8747,-0.124497,-0.128995,-0.113856
8748,-0.0525826,-0.0474067,-0.0920127
8749,0.207872,0.13882,0.329618
8750,0.0667818,0.0824827,-0.0302056
8751,0.570728,0.3482,0.242147
8752,0.132076,0.036947,-0.00240536
8753,0.172801,0.141369,0.230653
8754,0.434827,0.314752,0.292175
8755,0.104522,0.079861,0.0251776
8756,0.343525,0.149057,-0.0203498
8757,0.547867,0.534354,0.0960969
8758,0.235105,0.170399,0.392251
8759,-0.112873,-0.105637,-0.177864
8760,0.53153,0.398101,0.353313
8761,0.0976063,0.119714,0.286896
8762,-0.0129339,-0.0462306,-0.0646532
8763,0.823595,0.615572,1.02621
8764,0.406384,0.242998,0.482186
8765,0.449156,0.408306,0.110232
8766,-0.0995458,-0.049387,-0.084064
8767,0.422389,0.238129,0.157911
8768,-0.145874,-0.0953338,-0.138016
8769,0.40561,0.313309,0.681726
8770,0.102212,0.11894,0.191854
8771,0.390625,0.168233,0.0953051
8772,0.291183,0.345555,0.372539
8773,-0.0591274,0.0146114,0.0161861
8774,-0.095962,-0.00902393,-0.195812
8775,-0.0916033,-0.0631994,-0.0979696
8776,0.631087,0.568676,0.389565
8777,0.403227,0.395544,0.211711
8778,0.32557,0.274677,0.267718
8779,0.213023,0.244896,0.446953
8780,0.27879,0.120788,-0.0760766
8781,0.155366,0.187415,-0.00849015
8782,0.388701,0.352311,0.26092
8783,0.722487,0.878431,0.217201
8784,-0.0950422,-0.0853989,-0.0837853
8785,-0.0174614,-0.0361616,0.177891
8786,0.296869,0.36566,0.301723
8787,0.207367,0.233194,0.577316
8788,0.615246,0.718409,0.637802
8789,0.397584,0.25824,0.278318
8790,0.787347,0.6577,0.967501
8791,0.164828,0.127067,0.222297
8792,0.0443799,0.0351656,-0.00757923
8793,0.658598,0.353097,0.631548
8794,0.140803,0.134827,0.276972
8795,0.598617,0.67564,0.487261
8796,0.730056,0.526894,1.06581
8797,0.133143,0.0783405,0.0333526
8798,0.510392,0.577668,0.297487
8799,0.277005,0.0698357,-0.061871
8800,0.697329,0.632046,0.404321
8801,0.12493,0.10232,0.105904
8802,0.237441,0.157229,-0.00925208
8803,0.397959,0.490392,0.257708
8804,0.299128,0.24225,0.348038
8805,-0.0474624,-0.015547,-0.106362
8806,-0.126954,-0.119065,-0.152212
8807,0.427045,0.649382,0.407436
8808,0.0730046,0.0617243,0.00899727
8809,-0.0386476,0.00890055,-0.0914103
8810,0.511893,0.441924,0.404095
8811,0.240266,0.217164,0.134158
8812,0.0661517,-0.007403,0.157055
8813,0.324841,0.347267,0.26008
8814,0.113704,0.215839,0.233459
8815,0.259287,0.0667344,0.0593715
8816,-0.164478,-0.117736,-0.279258
8817,-0.163813,-0.140219,-0.192
8818,-0.0838735,-0.0842606,-0.0928372
8819,0.0214908,0.0138286,-0.036634
8820,0.320936,0.204474,0.344443
8821,0.724299,0.746831,0.883654
8822,0.427811,0.401797,0.14702
8823,0.465972,0.411574,0.0467698
8824,0.755251,0.687558,0.818168
8825,0.0286296,-0.0184423,0.0153725
8826,0.394802,0.284705,0.401614
8827,0.0436367,0.00555551,0.122837
8828,0.195146,0.255734,0.260387
8829,0.298731,0.411927,0.274644
8830,0.0659195,0.106582,0.106843
8831,-0.147204,-0.102896,-0.242464
8832,0.191542,0.310287,0.076787
8833,0.595066,0.453695,0.364811
8834,0.343457,0.334748,0.337327
8835,-0.133405,-0.147771,-0.167887
8836,0.347892,0.378056,0.490868
8837,-0.0639337,-0.0401598,-0.0908071
8838,0.101155,0.035624,0.344502
8839,0.466442,0.221912,0.563066
8840,-0.0747228,-0.0985153,-0.135806
8841,0.980938,0.912518,0.776034
8842,0.336576,0.36219,0.242356
8843,0.654346,0.621972,0.932878
8844,0.490233,0.254157,-0.0962096
8845,0.510791,0.14692,0.434903
8846,0.418211,0.328731,0.497169
8847,-0.1371,-0.134126,-0.0697746
8848,0.111147,0.0434872,0.231287
8849,0.398527,0.324307,-0.0869353
8850,0.706418,0.480667,0.617845
8851,0.547937,0.440455,0.398202
8852,0.246833,0.0986426,0.190832
8853,0.582796,0.378362,0.549457
8854,0.652345,0.67862,0.278326
8855,0.193517,0.203404,0.230269
8856,-0.184964,-0.150143,-0.265098
8857,0.152185,0.127777,0.182609
8858,0.297798,0.296942,0.429024
8859,0.512308,0.639811,0.487462
8860,0.373468,0.234275,0.263204
8861,0.878238,1.01849,1.05535
8862,0.440516,0.259692,0.613081
8863,0.532626,0.592812,0.60853
8864,0.25833,0.0877181,0.0981535
8865,0.318746,0.404112,0.362254
8866,0.525791,0.564432,0.317725
8867,0.332083,0.38961,0.62266
8868,0.470344,0.197736,0.11375
8869,0.618379,0.49881,0.450924
8870,0.0723104,0.0691165,-0.0117333
8871,-0.0409829,-0.0341162,-0.126742
8872,-0.00570667,-0.0297262,0.131824
8873,-0.12084,-0.00800939,-0.158203
8874,0.288201,0.122253,0.267596
8875,0.246706,0.102136,0.314879
8876,0.50001,0.527039,0.410942
8877,0.0550238,0.0207593,-0.100386
8878,-0.0968346,-0.0869399,-0.191476
8879,-0.0832993,-0.0723333,-0.153503
8880,0.833191,0.687528,1.3674
8881,-0.0698637,-0.0905292,0.128132
8882,0.575988,0.643692,0.444353
8883,0.567525,0.436337,0.513611
8884,0.429389,0.124451,0.0142828
8885,0.402991,0.241151,0.213091
8886,0.236538,0.0543694,0.415447
8887,0.758747,0.460137,0.452386
8888,0.463908,0.293519,0.583092
8889,0.470217,0.470388,0.35697
8890,0.422897,0.280018,0.334398
8891,0.0998094,0.105905,0.0761511
8892,0.401959,0.291706,0.551559
8893,0.806565,0.673321,0.552671
8894,0.596518,0.292035,0.216285
8895,-0.070112,-0.094986,-0.108153
8896,0.299152,0.316148,0.335598
8897,0.258072,0.196994,0.229623
8898,-0.142782,0.00343588,-0.175641
8899,0.471342,0.489559,0.334228
8900,0.312723,0.295289,0.105928
8901,0.0145453,-0.0334821,-0.00536931
8902,0.176772,0.11867,0.318023
8903,0.524894,0.290145,0.606776
8904,0.298874,0.159943,0.38577
8905,-0.0644268,-0.0340098,-0.030908
8906,-0.0841399,-0.0357863,-0.058506
8907,0.427579,0.265048,0.702101
8908,-0.0275123,-0.0215259,-0.0349273
8909,0.748082,0.483557,0.39875
8910,-0.0946064,-0.10295,-0.154131
8911,0.293704,0.229118,0.426532
8912,0.389472,0.253969,0.266012
8913,0.286453,0.257232,0.0843201
8914,0.260035,0.253467,0.350673
8915,0.533644,0.537669,0.358434
8916,0.453298,0.304557,0.162183
8917,-0.0966193,-0.0154586,-0.0223826
8918,0.421433,0.275316,0.271089
8919,0.499749,0.425753,0.714472
8920,0.121569,0.13887,0.285498
8921,0.707667,0.729149,0.750557
8922,0.348168,0.192081,0.214807
8923,0.185526,0.14587,0.345146
8924,0.861786,0.536799,0.527509
8925,-0.124263,-0.114081,-0.178934
8926,-0.228291,-0.246779,-0.28548
8927,0.0385295,0.0252816,-0.0572194
8928,0.0570662,-0.0298585,0.0953212
8929,0.299356,0.245488,0.120133
8930,0.913662,0.90062,0.972408
8931,-0.121251,-0.107714,-0.220882
8932,0.249238,0.3268,0.215724
8933,0.00302444,0.0131264,0.0489202
8934,0.23584,0.209267,-0.0483562
8935,0.823203,0.790807,0.46681
8936,-0.21915,-0.177309,-0.298195
8937,0.307346,0.233687,0.317303
8938,0.39776,0.189717,0.353851
8939,0.25509,0.276805,0.0472741
8940,0.118975,0.128336,0.192347
8941,0.446411,0.411126,0.484691
8942,-0.0919025,-0.105255,-0.0783516
8943,0.080204,0.185607,0.260424
8944,0.484399,0.26863,0.604645
8945,0.694787,0.351772,0.935729
8946,0.170791,0.154255,0.387901
8947,-0.134284,-0.0832871,-0.0955426
8948,0.64383,0.747135,1.04378
8949,0.159292,0.0342337,0.370341
8950,0.0614888,-0.0228054,0.0861552
8951,0.542615,0.544677,0.462384
8952,-0.0565052,-0.0644626,-0.131593
8953,0.844274,0.745158,1.06395
8954,0.109252,-0.00275373,-0.032971
8955,0.722661,0.572022,0.984219
8956,0.491306,0.544449,0.331431
8957,0.102962,0.142179,0.0407034
8958,0.808251,0.721911,0.830814
8959,0.356974,0.379219,0.355208
8960,0.250912,0.35015,0.372715
8961,0.126921,0.0487468,0.36803
8962,0.349033,0.341577,0.359267
8963,0.102059,0.0176674,0.00762866
8964,0.277693,0.273997,0.333298
8965,0.349548,0.454024,0.242363
8966,0.33487,0.375622,0.12388
8967,1.30735,1.24501,1.53675
8968,-0.0959611,-0.152567,-0.0854415
8969,0.281819,0.327746,0.500021
8970,0.447878,0.496443,0.475616
8971,0.81981,0.764323,0.51829
8972,-0.0271523,-0.0473507,-0.0389475
8973,0.315206,0.342289,0.308498
8974,0.0124841,0.00594142,-0.0132813
8975,-0.136379,-0.13264,-0.192357
8976,0.445204,0.503779,0.324887
8977,0.698699,0.4703,0.457585
8978,0.472201,0.278368,0.356987
8979,0.242767,0.17127,0.406353
8980,0.660936,0.469476,0.588375
8981,0.259368,0.265109,0.391277
8982,0.403635,0.520666,0.31838
8983,0.267204,0.286071,0.294433
8984,-0.0455025,0.00589029,-0.0715641
8985,1.04528,1.17211,1.39116
8986,0.103728,-0.0114442,0.130892
8987,0.408357,0.20632,0.341895
8988,-0.0377251,-0.0226233,0.127708
8989,0.576721,0.450891,0.799267
8990,0.556247,0.438543,0.519572
8991,0.336787,0.105281,0.280794
8992,0.551956,0.305271,0.697654
8993,0.630749,0.563262,0.477976
8994,0.155139,0.111899,0.238072
8995,0.342227,0.380658,0.247035
8996,-0.0170976,-0.11146,-0.139246
8997,0.404237,0.487448,0.484415
8998,0.603312,0.627037,0.774896
8999,-0.0472668,0.0109781,0.0119671
9000,0.90257,1.17381,1.18294
9001,-0.169673,-0.126055,-0.257443
9002,0.530312,0.346447,0.180535
9003,-0.0977435,-0.031002,-0.100427
9004,-0.11839,-0.0664593,-0.126421
9005,0.757206,0.651108,0.870762
9006,0.331715,0.109588,0.330491
9007,-0.0734184,-0.0653644,-0.0717281
9008,0.639296,0.332621,0.622109
9009,0.234998,0.22921,0.128743
9010,-0.0998041,-0.106835,-0.107096
9011,-0.195784,-0.197002,-0.158097
9012,0.480718,0.375144,0.277395
9013,0.0171759,0.0300178,-0.00353581
9014,0.382478,0.375292,0.392814
9015,-0.104195,-0.0538133,-0.142117
9016,0.193263,0.165431,0.0675771
9017,-0.194088,-0.21529,-0.0316587
9018,0.739549,0.592317,0.838884
9019,0.529722,0.554627,0.567966
9020,0.356335,0.325987,0.196601
9021,0.356341,0.254405,0.344919
9022,-0.0199038,0.0574542,-0.048343
9023,0.119187,0.0830839,0.134191
9024,0.396037,0.394799,0.329918
9025,0.709954,0.507975,1.06525
9026,0.910101,0.448453,0.382582
9027,0.136329,0.0838093,0.1782
9028,-0.0713154,-0.00544971,-0.0940558
9029,-0.0636398,-0.0984308,-0.116728
9030,0.928637,0.536501,1.0213
9031,0.0840627,0.0634775,0.135221
9032,0.13628,0.000318181,-0.0266674
9033,0.706972,0.646925,0.876426
9034,0.214172,0.116242,0.269898
9035,0.0820744,0.0879173,0.127333
9036,1.0293,0.837574,1.37866
9037,-0.0755373,-0.119022,-0.146533
9038,0.558515,0.235039,0.0852501
9039,0.0660436,0.0358518,-0.0364573
9040,0.115404,0.0174681,0.0492988
9041,0.459619,0.400984,0.365647
9042,-0.106041,-0.122331,-0.140241
9043,-0.133143,-0.147547,-0.142923
9044,-0.171531,-0.139636,-0.141317
9045,0.401668,0.448356,0.649353
9046,0.153126,0.263814,0.338478
9047,0.531568,0.3346,0.574869
9048,0.698986,0.648144,0.630174
9049,0.72352,0.530231,0.467256
9050,0.610538,0.459556,0.675885
9051,0.592083,0.701278,0.450603
9052,0.530683,0.498887,0.339297
9053,-0.138079,-0.0820365,-0.115108
9054,0.572317,0.454226,0.253199
9055,-0.00224814,-0.00846683,0.204454
9056,0.404318,0.410622,0.251265
9057,-0.0074304,-0.0544533,-0.193566
9058,0.548739,0.542039,0.813893
9059,0.316292,0.123782,-0.0775807
9060,0.400926,0.302842,0.310232
9061,0.313644,0.341705,0.160166
9062,0.402267,0.366258,0.264885
9063,0.234837,0.080785,0.020495
9064,0.877641,1.01044,1.06255
9065,0.714089,0.589106,0.225667
9066,0.309048,0.205706,0.114842
9067,0.672912,0.307975,0.680035
9068,0.408197,0.323067,0.222511
9069,-0.260618,-0.187607,-0.283859
9070,0.505246,0.407299,0.642586
9071,0.28649,0.119195,0.151693
9072,0.0954368,0.0376838,0.230294
9073,0.718512,0.582415,0.700759
9074,0.356206,0.310647,0.386694
9075,0.180779,0.209195,0.29654
9076,0.658354,0.583014,0.597161
9077,0.750863,0.477173,0.773998
9078,0.12288,0.0509182,0.0225753
9079,0.300424,0.425539,0.384157
9080,-0.0354648,0.0432031,0.0712517
9081,0.58151,0.461642,0.610325
9082,0.262222,0.258284,-0.0142095
9083,0.0506471,-0.0194363,0.198452
9084,0.430885,0.244104,0.372172
9085,0.605115,0.509468,0.447403
9086,-0.0612626,0.00865557,-0.150132
9087,0.248395,0.23654,0.0588596
9088,0.740257,0.556099,0.458265
9089,0.308708,0.273402,0.247675
9090,0.534083,0.427955,0.177521
9091,0.71546,0.665367,0.964879
9092,0.498174,0.523122,0.433731
9093,0.111234,0.078952,0.221716
9094,0.364724,0.204235,0.234576
9095,0.741248,0.676064,1.0495
9096,0.436229,0.442032,0.261758
9097,0.23645,0.24319,0.19277
9098,0.435275,0.258719,0.23311
9099,0.175685,0.121913,0.310715
9100,0.254388,0.156818,-0.162175
9101,0.24422,0.291059,0.258669
9102,0.191755,0.313578,-0.0606336
9103,0.766899,0.629691,0.438768
9104,-0.184626,-0.175871,-0.221883
9105,0.127324,0.101573,0.258323
9106,0.400099,0.402293,0.314014
9107,0.707805,0.550489,0.380187
9108,-0.153374,-0.0446824,-0.132045
9109,-0.0779174,-0.0789736,-0.105513
9110,-0.105526,-0.078015,-0.236316
9111,0.158718,0.171597,0.0222819
9112,-0.162899,-0.110461,-0.124337
9113,0.153808,0.13128,0.355149
9114,0.234329,0.161941,0.0324252
9115,0.228597,0.299042,0.243895
9116,0.83089,0.88644,0.924786
9117,0.458794,0.431847,0.47056
9118,0.247649,0.271854,0.578237
9119,0.304814,0.296179,0.0257834
9120,-0.0529602,-0.0349621,-0.0230956
9121,-0.226363,-0.227957,-0.243739
9122,0.0158692,0.0552606,-0.0619144
9123,0.291635,0.290872,0.205977
9124,0.739572,0.65874,0.901772
9125,0.736017,0.600559,0.87616
9126,0.271408,0.201121,0.0270031
9127,0.220317,0.103338,0.351123
9128,0.141005,0.120135,0.275583
9129,0.332084,0.403702,0.295927
9130,0.00441818,0.0759981,0.0366073
9131,0.437855,0.469347,0.0488108
9132,0.26287,0.117271,0.190084
9133,-0.157807,-0.119955,-0.229593
9134,0.211319,0.199831,0.048731
9135,0.52736,0.263493,0.380813
9136,0.350787,0.129532,0.386327
9137,0.436878,0.310169,0.423793
9138,0.0662983,0.173686,0.247198
9139,0.473278,0.141878,0.120645
9140,0.322967,0.395184,0.302332
9141,-0.00256288,0.0487095,-0.0775471
9142,0.101954,0.128918,-0.10088
9143,0.215705,0.123592,0.0702172
9144,-0.0793311,-0.117297,-0.113566
9145,-0.161805,-0.0552508,-0.151942
9146,-0.0999362,-0.110822,-0.200837
9147,0.412881,0.474657,0.43037
9148,0.109787,-0.00774178,0.337713
9149,0.158571,0.330566,0.319283
9150,0.66379,0.403777,0.762199
9151,0.847815,0.600494,0.904353
9152,-0.117532,-0.0960475,-0.005662
9153,0.0825698,0.0260932,0.156894
9154,0.221232,0.182677,0.16717
9155,-0.137,-0.0675509,-0.0541315
9156,0.163918,0.222377,0.0813864
9157,0.472221,0.342658,0.138855
9158,0.199091,0.243504,0.126347
9159,0.573891,0.592328,0.604472
9160,0.133733,0.132996,0.0753697
9161,0.219977,0.181509,0.384052
9162,-0.136514,-0.0641412,-0.045004
9163,0.74839,0.59263,0.428479
9164,-0.0245257,-0.063153,0.183682
9165,0.187132,0.241247,0.11952
9166,0.740031,0.607891,0.941483
9167,0.805558,0.722446,1.01992
9168,0.494991,0.550322,0.37296
9169,0.773423,0.697144,0.58638
9170,0.0497866,0.0614407,0.119815
9171,0.778181,0.75442,0.356268
9172,0.0845529,0.121977,-0.0267401
9173,0.385577,0.206364,-0.0349535
9174,0.787997,0.674896,1.03357
9175,0.140742,0.162954,0.0679691
9176,0.150905,0.0971126,0.0867918
9177,0.758849,0.787503,0.890059
9178,0.190687,0.184385,0.422301
9179,0.850055,0.454889,1.01474
9180,-0.0280258,0.0365037,0.0323723
9181,0.161409,0.130753,-0.00443416
9182,0.429626,0.202013,0.0664671
9183,-0.0236146,0.0287613,-0.0606696
9184,0.121249,0.0765063,0.065941
9185,0.236544,0.102591,0.214401
9186,0.467261,0.302368,0.315704
9187,0.114886,0.0484804,0.271239
9188,0.210122,0.181071,0.400092
9189,0.583013,0.389136,0.772494
9190,0.165042,0.165287,-0.0395629
9191,0.126378,0.193912,0.262696
9192,0.132288,0.0833788,0.0538012
9193,0.146692,0.112948,0.0930467
9194,0.00314157,0.0290606,-0.0206604
9195,-0.216162,-0.218408,-0.30805
9196,0.138674,0.111312,0.109832
9197,-0.0145145,0.019568,-0.0690566
9198,0.692973,0.369667,0.709811
9199,0.0759678,0.0393332,0.0918732
9200,0.547895,0.602072,0.429592
9201,0.344858,0.271846,0.466492
9202,0.553111,0.275123,0.33653
9203,0.0907735,0.08269,-0.0754824
9204,-0.303096,-0.258061,-0.315353
9205,-0.0888173,-0.00669805,-0.201677
9206,0.0533864,-0.0115212,0.110801
9207,0.208157,0.0895202,-0.0442083
9208,-0.152844,-0.16726,-0.214372
9209,0.762661,0.409255,0.276023
9210,0.00448273,-0.0143448,-0.0435636
9211,0.432505,0.273587,0.251509
9212,0.384634,0.436898,0.472762
9213,0.252188,0.148269,0.27902
9214,-0.0841864,0.126765,-0.0108162
9215,0.402595,0.0555708,0.103358
9216,0.00314348,0.0396298,0.183741
9217,0.811691,0.678471,0.433879
9218,0.276095,0.255963,0.207232
9219,3.46992e-05,0.0143143,-0.128594
9220,0.365139,0.214164,0.155227
9221,0.655799,0.387916,0.799544
9222,0.0229347,0.0969949,-0.135122
9223,0.562073,0.578099,0.466937
9224,1.08841,0.690791,1.35486
9225,0.0615006,0.005789,-0.0610492
9226,0.373383,0.386512,0.292409
9227,0.693036,0.336777,0.935323
9228,-0.126137,-0.0865754,-0.16547
9229,0.327791,0.25187,0.399593
9230,-0.0937842,-0.0567543,-0.131029
9231,-0.034086,-0.0263266,-0.0660477
9232,0.18324,0.0165824,0.30517
9233,0.533366,0.373187,0.432387
9234,0.418853,0.265436,0.0355383
9235,0.500042,0.305424,0.603684
9236,0.562174,0.34854,0.603522
9237,-0.0967802,-0.0570276,-0.122901
9238,0.0270069,0.0102482,0.18505
9239,0.325174,0.407181,0.353276
9240,-0.110064,-0.116955,-0.213194
9241,0.925796,0.880409,1.03057
9242,-0.115098,-0.100075,-0.111895
9243,0.668913,0.434302,0.929285
9244,-0.00186388,0.0401807,-0.131951
9245,0.677573,0.520907,0.396758
9246,1.03551,1.07013,1.40415
9247,0.274897,0.32756,-0.115552
9248,0.436477,0.153671,0.367022
9249,-0.122677,-0.112016,-0.188938
9250,0.321228,0.54578,0.247852
9251,0.568758,0.531804,0.566033
9252,0.324395,0.440905,0.346077
9253,0.550214,0.376557,0.48718
9254,-0.123915,-0.040118,-0.0614876
9255,0.427031,0.181959,0.00903161
9256,0.666694,0.581268,0.447222
9257,-0.177935,-0.111941,-0.183121
9258,0.340869,0.265764,0.346731
9259,0.358088,0.181132,0.251432
9260,0.480409,0.464609,0.41386
9261,0.29755,0.158821,-0.0463864
9262,0.239025,0.255531,0.265275
9263,0.151346,0.102319,-0.0158477
9264,0.342518,0.337483,0.125863
9265,0.520166,0.61768,0.517623
9266,0.155694,0.0829174,-0.0105834
9267,-0.112449,-0.0930976,0.142337
9268,0.396729,0.324197,0.333667
9269,0.0115871,0.0711923,-0.0897338
9270,0.105534,0.155263,0.296342
9271,-0.0451693,-0.019596,-0.0447065
9272,-0.0939819,-0.0514141,-0.124618
9273,0.0435113,0.0169374,0.161706
9274,0.0769675,0.125991,0.0606324
9275,0.957315,0.864443,0.963971
9276,-0.0480825,-0.0208908,-0.131711
9277,0.166007,0.117406,0.245708
9278,0.446128,0.467848,0.646779
9279,-0.327553,-0.281811,-0.281952
9280,0.270955,0.182514,0.105759
9281,0.116565,0.145468,-0.0616963
9282,-0.146155,-0.120219,-0.13345
9283,-0.164878,-0.0827444,-0.211673
9284,0.536241,0.500224,0.652054
9285,0.870819,0.718656,1.25756
9286,0.306511,0.270126,-0.0149331
9287,0.661256,0.503808,0.64593
9288,0.0603516,0.0648491,0.204483
9289,-0.108706,-0.0962284,-0.14847
9290,0.268095,0.320597,0.00553377
9291,0.758446,0.42495,0.596477
9292,0.426618,0.284146,-0.0234606
9293,0.0867716,0.0768121,0.226746
9294,0.0585723,0.0929185,0.0227815
9295,0.284957,0.0584559,0.308907
9296,0.967336,0.773848,1.12392
9297,-0.104833,-0.0596269,-0.146736
9298,0.489177,0.578527,0.641328
9299,0.39415,0.197386,0.538129
9300,0.854778,0.588622,0.215044
9301,0.306792,0.14351,0.460712
9302,1.0187,0.687064,0.924974
9303,-0.137158,-0.101027,-0.192441
9304,-0.114311,-0.0412288,-0.106223
9305,-0.0768992,-0.118265,0.117592
9306,0.452771,0.469993,0.6801
9307,-0.0843698,-0.0964868,-0.214776
9308,0.880176,0.541263,1.12014
9309,-0.139085,-0.0920754,-0.115076
9310,0.916926,0.715613,1.16845
9311,-0.118802,-0.0746155,-0.111738
9312,0.173816,0.183888,0.434218
9313,0.293853,0.182282,0.216333
9314,-0.146187,-0.136135,-0.152757
9315,0.433969,0.502858,0.839329
9316,0.396807,0.495907,0.424903
9317,-0.118501,-0.0899429,-0.1546
9318,0.93009,0.512684,0.625082
9319,-0.021461,0.0211615,-0.0579412
9320,0.433701,0.492134,0.34119
9321,-0.0321947,-0.0188266,-0.0572818
9322,0.159598,0.235315,0.0165698
9323,0.150406,0.109504,0.0666331
9324,0.237439,0.143485,0.127161
9325,0.0389614,0.0826884,0.00221994
9326,0.533877,0.559959,0.355266
9327,0.214005,0.289364,0.0584863
9328,0.698712,0.574718,1.02268
9329,-0.00432875,0.0783314,-0.0588601
9330,0.368352,0.385414,0.261232
9331,0.630975,0.546604,0.615121
9332,-0.093,-0.105461,-0.206563
9333,-0.243761,-0.229772,-0.279956
9334,0.32262,0.319668,0.303517
9335,0.868574,0.539002,0.879038
9336,0.28388,0.100348,0.0372968
9337,0.28046,0.170578,0.244092
9338,-0.133413,-0.126685,-0.16319
9339,0.183851,0.134406,0.18505
9340,0.489426,0.516796,0.932562
9341,0.545014,0.432889,0.780403
9342,0.265975,0.21028,0.0122956
9343,0.260609,0.173791,0.294607
9344,0.433166,0.28764,0.405835
9345,0.0528612,0.0725467,0.000181185
9346,-0.0905376,-0.0632787,-0.0789706
9347,0.362053,0.302034,0.324674
9348,-0.219128,-0.191924,-0.179885
9349,0.181695,0.0646133,0.0765238
9350,0.7199,0.398287,0.736489
9351,0.801096,0.407666,0.743805
9352,0.398735,0.282549,0.31265
9353,0.785329,0.773259,0.392613
9354,0.28187,0.364079,0.106172
9355,0.138961,0.0742168,0.108991
9356,0.347163,0.186484,0.430438
9357,0.30846,0.201295,0.182569
9358,0.363018,0.276731,0.307516
9359,0.291174,0.252692,0.494052
9360,-0.0320005,-0.0183855,0.161415
9361,0.689472,0.462902,0.915012
9362,-0.126962,-0.101705,-0.154587
9363,-0.0530084,-0.00571901,-0.0227186
9364,0.388865,0.550983,0.29053
9365,0.489898,0.472768,0.624267
9366,0.272397,0.236979,0.400829
9367,0.064677,0.0863724,0.0636222
9368,0.460506,0.39851,0.427285
9369,0.156665,0.131359,0.0920566
9370,-0.101817,-0.0847467,-0.141521
9371,0.530413,0.370927,0.35384
9372,0.491394,0.379153,0.586308
9373,0.351587,0.249526,0.387722
9374,0.298788,0.228083,0.203059
9375,-0.123309,-0.140996,-0.122768
9376,0.111459,0.0981627,0.307931
9377,0.188524,0.26481,0.276216
9378,0.530115,0.37285,0.654603
9379,0.249286,0.183789,0.258018
9380,0.374515,0.409108,0.277804
9381,0.12921,0.0811414,-0.079631
9382,0.115077,0.0326657,0.248069
9383,0.325936,0.387908,0.192612
9384,0.368983,0.49292,0.346599
9385,0.10135,0.0241038,0.0731019
9386,0.179896,0.209296,0.175464
9387,0.140642,0.183807,0.0813394
9388,0.0461134,0.0679176,0.214774
9389,0.780047,0.974352,0.732923
9390,0.155488,0.124768,-0.00918005
9391,0.90826,0.746377,0.956384
9392,0.438359,0.280882,0.176121
9393,0.318382,0.0369344,0.155594
9394,-0.0884473,-0.0803498,-0.118973
9395,0.383656,0.200713,0.245082
9396,0.567553,0.427114,0.596511
9397,0.103501,-0.00627524,0.247491
9398,0.730017,0.641083,0.855392
9399,0.366181,0.36363,0.244954
9400,0.210791,0.255802,0.200865
9401,0.213759,0.263109,0.166923
9402,0.118858,-0.0225671,0.245722
9403,0.379073,0.22573,0.334037
9404,-0.182623,-0.113234,-0.193495
9405,0.3137,0.202251,0.34633
9406,0.863872,0.570359,0.471306
9407,0.0579967,0.0431388,0.145764
9408,0.006755,-0.00347105,-0.00283485
9409,0.229603,0.25525,0.276838
9410,0.348263,0.281208,0.629991
9411,0.321465,0.307832,0.399469
9412,0.810884,0.77757,0.555702
9413,0.73334,0.747486,0.83274
9414,0.162712,0.130074,0.179199
9415,-0.0531639,-0.0691529,-0.0626861
9416,0.344879,0.206435,0.507547
9417,0.173508,0.10851,0.313848
9418,0.363214,0.183211,0.182594
9419,0.420773,0.231869,0.235388
9420,0.023366,0.0271413,0.185813
9421,0.140421,0.0846633,0.248734
9422,0.246713,0.133094,0.128832
9423,0.0810339,0.0111882,0.260016
9424,0.96812,1.01526,0.952703
9425,0.315068,0.436641,-0.00239233
9426,-0.289764,-0.238819,-0.313447
9427,0.636113,0.498484,0.721048
9428,0.539523,0.631943,0.541824
9429,1.04952,0.674246,1.47508
9430,0.949751,1.04943,1.15879
9431,0.141761,0.134828,0.349736
9432,0.733923,0.721747,0.681522
9433,0.367861,0.329568,0.26259
9434,0.782568,0.479271,0.298058
9435,0.0639253,0.0142627,-0.0761189
9436,0.177625,0.0845179,-0.0160737
9437,0.222067,0.126351,0.0945548
9438,0.0804711,0.0446366,-0.0867606
9439,0.735058,0.332295,0.356459
9440,0.351074,0.228809,0.375742
9441,0.190902,0.148893,0.325049
9442,-0.166186,-0.13839,-0.191491
9443,0.34886,0.256346,0.29954
9444,-0.150779,-0.17296,-0.232212
9445,0.736289,0.430142,0.780184
9446,0.265255,0.176831,0.135989
9447,0.211085,0.166256,0.145307
9448,0.319068,0.232021,0.259555
9449,0.695821,0.504324,0.842067
9450,0.259666,0.288205,0.23148
9451,0.211505,0.121764,0.0290834
9452,0.199362,0.211177,0.310502
9453,0.598011,0.611594,0.232515
9454,-0.0533125,-0.000596292,-0.0725699
9455,0.434996,0.364699,0.517587
9456,0.215619,0.170573,0.0861473
9457,0.0875149,0.161105,0.141212
9458,0.0942043,0.0776305,0.235568
9459,0.822668,0.660689,0.854127
9460,0.318429,0.435218,0.156148
9461,0.674787,0.244932,0.670831
9462,0.407733,0.362676,0.236313
9463,0.62347,0.448726,0.516178
9464,-0.0666585,-0.0193927,-0.0349696
9465,-0.24787,-0.218977,-0.302594
9466,0.00948541,0.032138,-0.03625
9467,-0.0950081,-0.0136136,0.0236593
9468,0.236973,0.266105,0.291402
9469,0.198128,0.118595,0.172997
9470,-0.154029,-0.100352,-0.215802
9471,0.717582,0.560526,0.939531
9472,0.203839,0.147811,0.0943398
9473,0.266608,0.283531,0.239616
9474,0.562996,0.482282,0.602745
9475,0.362053,0.373988,0.248269
9476,0.746388,0.934711,1.07491
9477,0.131724,0.00481223,0.0926662
9478,0.157416,0.168699,0.274047
9479,-0.0295808,-0.102501,-0.0918489
9480,-0.0805093,-0.0874272,-0.107185
9481,0.572241,0.284779,0.215681
9482,0.267102,0.116343,0.461439
9483,1.09338,0.82839,0.597237
9484,0.310411,0.21957,0.0074943
9485,0.459746,0.472788,0.258392
9486,0.529174,0.510485,0.396189
9487,0.656333,0.294751,0.699333
9488,-0.151646,-0.130394,-0.157715
9489,0.122274,0.0506071,-0.0604335
9490,0.275849,0.248219,0.151702
9491,0.0623285,0.0313597,-0.129901
9492,-0.193277,-0.160337,-0.258909
9493,0.696074,0.678057,0.825436
9494,0.548265,0.610678,0.388867
9495,-0.0688491,-0.0335374,-0.128856
9496,0.129942,0.178187,0.212316
9497,0.0274262,0.089865,0.047712
9498,0.0382946,0.0681375,-0.0304671
9499,0.984838,0.807803,1.01587
9500,0.352701,0.153887,0.0473974
9501,-0.131795,-0.102392,-0.189064
9502,0.486975,0.216822,0.267278
9503,0.760384,0.487101,0.728367
9504,-0.14535,-0.107622,-0.121628
9505,0.199388,0.188648,0.236921
9506,0.710996,0.812982,0.374276
9507,0.137258,0.289396,0.327445
9508,-0.0141343,-0.0210542,0.138231
9509,0.0947316,0.0533523,0.330922
9510,0.709554,0.386699,0.324389
9511,-0.0712586,-0.0418079,-0.0190945
9512,0.0845686,0.0586716,0.102194
9513,0.0446581,0.0821934,0.237751
9514,0.387718,0.387059,0.340994
9515,0.267581,0.144364,0.248951
9516,0.745686,0.547825,0.804365
9517,0.900343,0.481902,0.96002
9518,0.0749668,0.0826554,0.0217559
9519,-0.0612507,-0.0969238,-0.160743
9520,0.574657,0.710416,0.38716
9521,-0.0654535,-0.0143184,-0.118918
9522,0.305861,0.562949,0.609398
9523,0.0262185,-0.0222999,0.191297
9524,0.177772,0.149883,0.181888
9525,0.174302,0.0957964,0.299613
9526,-0.0272053,-0.0350644,-0.0981998
9527,-0.0800383,-0.0120297,-0.0805406
9528,0.315432,0.287592,0.257743
9529,0.298851,0.346283,0.0507811
9530,0.166683,0.058308,0.0683442
9531,0.457492,0.271552,0.371119
9532,-0.0842179,-0.146866,-0.131639
9533,0.946394,0.629407,1.03216
9534,0.0323929,0.0991281,0.252023
9535,0.610788,0.588576,0.893773
9536,-0.0334438,-0.0710651,-0.114676
9537,0.0408146,0.0550711,-0.0181174
9538,0.553956,0.387124,0.541242
9539,0.276346,0.305951,0.131822
9540,-0.0635888,-0.0280421,-0.035873
9541,-0.108333,-0.0506371,-0.146363
9542,0.0412714,0.0196281,-0.0228965
9543,0.142725,0.0944905,0.0941035
9544,0.209642,0.344988,0.127944
9545,-0.0249378,0.0240376,-0.130459
9546,0.752673,0.62151,0.642204
9547,0.300509,0.307364,0.207905
9548,-0.094757,-0.0851954,-0.172205
9549,0.949222,0.899061,1.11652
9550,0.167736,0.121953,0.16151
9551,0.293671,0.205937,0.0683538
9552,-0.0707375,-0.106723,-0.115617
9553,0.338565,0.366183,0.340968
9554,-0.056496,-0.0442888,-0.169808
9555,0.0787298,0.0198044,-0.102168
9556,0.169575,0.156108,0.290344
9557,0.411567,0.194496,0.375435
9558,0.138736,0.145473,-0.020069
9559,0.889122,0.79989,0.765864
9560,0.440564,0.107543,0.016288
9561,0.776345,0.697941,0.951633
9562,-0.0776337,-0.0378913,-0.157488
9563,0.540008,0.443347,0.506889
9564,-0.0901213,-0.0296101,-0.099306
9565,-0.0948122,-0.0927664,-0.0396339
9566,0.518989,0.384571,0.205268
9567,0.0996119,0.152148,0.0650275
9568,0.776865,0.609797,0.790934
9569,-0.198241,-0.142962,-0.247398
9570,0.840514,0.494973,0.403372
9571,0.53505,0.416293,0.0838538
9572,0.497075,0.327112,0.423042
9573,0.416821,0.452054,0.304454
9574,0.468664,0.458134,0.33655
9575,0.0167913,0.0666176,-0.0785097
9576,0.203325,0.150449,0.202459
9577,-0.0357887,-0.0664278,0.0291485
9578,-0.173529,-0.149325,-0.168716
9579,0.332731,0.189479,0.00350599
9580,0.462778,0.294984,0.319392
9581,0.604246,0.299157,0.380033
9582,0.297139,0.352029,0.771491
9583,0.373425,0.228278,0.331489
9584,0.162823,0.162142,0.349513
9585,-0.0407022,-0.00259206,0.00516288
9586,0.180654,0.0505337,0.348709
9587,0.577676,0.279513,0.287098
9588,0.131053,0.151763,-0.01606
9589,0.442362,0.355444,0.116888
9590,-0.156366,-0.132858,-0.210276
9591,0.539753,0.275686,0.436138
9592,0.528433,0.417988,0.402701
9593,0.359577,0.1911,0.0586961
9594,0.352122,0.304891,0.323424
9595,-0.124877,-0.122441,-0.191582
9596,-0.112173,-0.0834787,-0.174721
9597,-0.0130754,-0.0172467,-0.136602
9598,0.245577,0.177507,0.520284
9599,0.487619,0.264678,0.767026
9600,-0.220927,-0.286829,-0.297796
9601,-0.0864991,-0.116044,-0.18442
9602,0.583329,0.350579,0.832905
9603,0.678807,0.607148,0.824461
9604,-0.192561,-0.106787,-0.20763
9605,0.543689,0.357052,0.614617
9606,0.243574,0.223114,0.498555
9607,-0.0429156,0.00876977,0.116969
9608,0.195661,0.206827,0.0503128
9609,-0.0914638,-0.0993974,-0.136112
9610,0.727318,0.627338,0.924218
9611,0.386739,0.314761,0.136324
9612,0.107881,0.0362665,0.127585
9613,0.172364,0.0294928,0.395022
9614,-0.116807,-0.123222,-0.157427
9615,-0.0834441,-0.0446986,-0.0551853
9616,0.202924,0.335044,0.315777
9617,0.734136,0.579768,1.08566
9618,0.447504,0.350907,0.000854623
9619,0.392264,0.265833,0.28814
9620,0.408478,0.446486,0.427901
9621,0.173718,0.0406404,-0.0303287
9622,0.0874204,0.00238835,0.22257
9623,0.583844,0.462155,0.536425
9624,0.842266,0.58107,1.09686
9625,0.141354,0.193505,0.238772
9626,0.194194,0.106654,-0.0267648
9627,-0.0718806,-0.0301434,0.0308928
9628,0.272879,0.193998,0.154314
9629,0.128493,0.0574121,0.026656
9630,0.0610683,0.00262357,0.159503
9631,0.563463,0.387131,0.302113
9632,0.268807,0.0633842,0.173612
9633,0.599235,0.438294,0.427217
9634,-0.0114339,0.00120111,0.0902242
9635,0.888533,0.734637,0.724529
9636,0.214928,0.168116,0.0795377
9637,0.999516,0.931103,1.26629
9638,0.874119,0.647315,0.568059
9639,0.0891095,0.0728466,0.13802
9640,0.0342394,-0.00918302,0.0294568
9641,0.298818,0.0380396,-0.124855
9642,0.261828,0.286007,0.611084
9643,0.63063,0.512005,0.541218
9644,0.859089,0.749192,0.493128
9645,-0.132263,-0.0980843,-0.151152
9646,-0.153946,-0.13125,-0.111296
9647,0.625404,0.390469,0.716569
9648,-0.161774,-0.134555,-0.158064
9649,0.302413,0.255877,0.128192
9650,0.158184,0.200226,0.0678545
9651,-0.0965044,-0.0689543,-0.134113
9652,0.290664,0.214285,0.144191
9653,0.238486,0.229452,0.165243
9654,0.143261,0.269251,0.235219
9655,0.289798,0.235843,0.357034
9656,0.338308,0.414406,0.348678
9657,-0.0979872,-0.108538,-0.0880743
9658,0.206569,0.155984,-0.0751908
9659,0.0727363,0.107561,0.101905
9660,0.368008,0.400225,0.302897
9661,-0.0574112,-0.0781541,-0.17616
9662,0.00708095,0.0249661,-0.0627683
9663,0.743562,0.657457,0.733459
9664,-0.0600334,-0.081027,-0.158728
9665,0.574112,0.637305,0.474118
9666,0.13437,0.0619684,0.0128452
9667,0.63322,0.44513,0.692606
9668,0.567444,0.277209,0.296955
9669,0.243291,0.223482,0.450892
9670,0.442512,0.404423,0.318877
9671,0.697122,0.734075,1.07429
9672,0.738157,0.734734,0.96489
9673,0.626314,0.507954,1.02808
9674,-0.145643,-0.0928249,-0.143783
9675,0.28342,0.174053,0.334514
9676,0.255789,0.0943393,0.172779
9677,0.347309,0.240429,0.573147
9678,-0.0936705,-0.0869612,-0.185081
9679,0.456554,0.497287,0.391845
9680,0.17166,0.0841975,0.242567
9681,0.12179,0.159938,0.0885422
9682,-0.0388015,-0.0356538,-0.0321865
9683,-0.0828081,-0.02465,-0.0428377
9684,0.241198,0.151884,0.151068
9685,0.275877,0.256379,0.318253
9686,0.557023,0.49576,-0.0347032
9687,0.514282,0.679757,0.416829
9688,0.352707,0.186509,0.201194
9689,-0.187116,-0.144111,-0.191903
9690,-0.220251,-0.178391,-0.246018
9691,0.225159,0.16339,0.162035
9692,0.954115,0.926766,1.10741
9693,0.207031,0.282282,0.129567
9694,-0.0293251,-0.0343582,-0.0414865
9695,0.802193,0.542946,0.77221
9696,-0.120517,-0.0780715,-0.128514
9697,0.475592,0.346752,0.456442
9698,-0.0922187,-0.0653437,-0.128037
9699,0.262351,0.282121,0.122111
9700,0.378798,0.215674,0.254893
9701,0.186587,0.138532,0.0327094
9702,-0.0201519,0.0255536,-0.0175614
9703,0.621659,0.412076,0.509351
9704,-0.125792,-0.0761133,-0.135175
9705,0.203822,0.173838,0.55389
9706,0.749612,0.409768,0.862526
9707,-0.0558875,-0.0938647,-0.0750951
9708,1.28015,1.1838,1.64375
9709,0.49668,0.653692,0.393704
9710,0.312466,0.404186,0.184714
9711,0.690416,0.568523,0.894732
9712,0.0713033,0.0156532,0.188363
9713,0.710212,0.721732,0.902584
9714,-0.0581127,-0.0158693,-0.126543
9715,0.382441,0.28661,0.512544
9716,0.3628,0.34449,0.243343
9717,0.655778,0.685559,0.561369
9718,0.412672,0.275925,0.320848
9719,-0.081139,-0.107124,-0.147905
9720,0.0174447,0.183652,0.128559
9721,0.0137524,-0.0486748,0.0440757
9722,0.626129,0.390893,0.478041
9723,0.162054,0.186938,0.110229
9724,0.406046,0.485965,0.5822
9725,0.521041,0.373524,0.507472
9726,0.838514,0.916059,0.475027
9727,0.351607,0.21255,0.208895
9728,0.627372,0.50684,0.80011
9729,1.03371,0.993083,1.39386
9730,0.188711,0.214433,0.353235
9731,-0.0416824,-0.03556,-0.10255
9732,0.162211,0.0187732,-0.0173263
9733,0.726161,0.432746,0.479157
9734,0.0988406,0.0796654,0.284825
9735,-0.146502,-0.0905095,-0.0881383
9736,0.679481,0.27219,0.249024
9737,0.0085636,-0.0312575,-0.083129
9738,0.741129,0.691406,0.611709
9739,0.977323,0.610199,1.28658
9740,0.0980391,0.0778663,0.0948367
9741,0.0327652,0.100504,0.0449203
9742,0.456168,0.422799,0.405848
9743,0.9605,0.809188,1.10284
9744,-0.11307,-0.0936079,-0.195398
9745,0.41328,0.461492,0.485062
9746,0.446151,0.496777,0.18024
9747,0.121694,0.118361,0.0610663
9748,0.0369625,0.0593154,-0.018324
9749,0.666216,0.457608,0.326282
9750,0.759213,0.588379,0.60027
9751,0.601443,0.589244,1.01963
9752,0.189169,0.101026,0.0449282
9753,0.384089,0.395943,0.228767
9754,0.272534,0.207284,0.291347
9755,-0.0948566,-0.0926305,-0.156851
9756,0.583884,0.636152,0.86688
9757,-0.115323,-0.0921744,-0.150128
9758,0.39719,0.135312,0.10806
9759,0.0147239,0.0321577,0.163859
9760,-0.0260281,0.0201492,-0.0891029
9761,0.514401,0.588027,0.404826
9762,0.766563,0.403007,0.236332
9763,0.279882,0.197525,0.334091
9764,0.123747,-0.0222812,-0.0630692
9765,0.15257,0.31606,0.0969005
9766,0.441371,0.296048,0.484154
9767,0.379838,0.250139,0.27266
9768,-0.160211,-0.138757,-0.284046
9769,0.0837771,0.0996801,0.123395
9770,-0.0754039,-0.0577179,-0.149809
9771,0.276955,0.189213,0.123184
9772,-0.0993234,-0.119281,-0.106528
9773,0.0398354,0.0515494,-0.017647
9774,0.449948,0.457736,0.670622
9775,0.596901,0.507107,1.19054
9776,0.106941,0.0309926,-0.00110798
9777,0.155094,0.141393,0.0700124
9778,0.750911,0.51002,0.780461
9779,0.768704,0.759285,0.934589
9780,0.175291,0.221152,-0.0598003
9781,0.414238,0.290982,0.52456
9782,0.180012,0.0905554,0.294013
9783,0.79415,0.488705,0.630179
9784,0.819721,0.745297,0.464374
9785,-0.0871251,0.0273773,-0.0313102
9786,-0.194376,-0.20947,-0.174524
9787,0.52722,0.3744,0.172703
9788,-0.0101784,0.0182999,-0.0191248
9789,0.464721,0.334436,0.322756
9790,0.396722,0.44776,0.470422
9791,0.0541446,0.075097,0.0106572
9792,-0.100974,-0.0395272,-0.0384884
9793,-0.0534421,-0.0594486,-0.119649
9794,0.141163,0.0466107,0.00683573
9795,0.619119,0.756563,0.874783
9796,0.377749,0.23454,0.294316
9797,0.521725,0.437101,0.632738
9798,0.0681909,0.0993246,0.20237
9799,0.401097,0.338044,-0.00686251
9800,0.149983,0.14656,0.267765
9801,0.768406,0.607624,1.16979
9802,0.730131,0.346312,0.299262
9803,0.327964,0.212379,-0.00209988
9804,0.300555,0.126693,0.413177
9805,0.381694,0.292955,0.369917
9806,0.699734,0.693576,0.668867
9807,0.316984,0.184421,-0.117337
9808,0.295582,0.169344,0.017565
9809,-0.0618296,-0.0325439,-0.115337
9810,0.4041,0.255608,0.394499
9811,0.238052,0.281709,0.272692
9812,0.19743,0.121358,0.221937
9813,0.507486,0.335664,0.0725034
9814,0.712821,0.645105,1.04611
9815,-0.0876631,-0.0224317,-0.131724
9816,0.298102,0.39617,0.269779
9817,0.114389,0.176044,0.299743
9818,0.286343,0.142368,0.230836
9819,-0.0685211,0.06251,-0.0312601
9820,0.263766,0.270457,0.21365
9821,-0.0972653,-0.0699111,-0.0329797
9822,0.404664,0.231145,0.238362
9823,0.67971,0.397397,0.767982
9824,0.766102,0.652933,0.292762
9825,-0.284059,-0.2373,-0.294518
9826,0.373835,0.171853,-0.0833394
9827,0.195084,0.152031,0.0838405
9828,0.19528,0.166885,-0.00324729
9829,0.199109,0.166569,0.19947
9830,0.198049,0.057647,0.129592
9831,0.343372,0.194919,0.409243
9832,0.690686,0.560458,1.16993
9833,0.0195166,0.0642605,0.0703644
9834,0.227152,0.139401,0.261644
9835,-0.00964707,0.00829973,-0.0828532
9836,-0.0529905,-0.00574626,0.0758653
9837,-0.131926,-0.145303,-0.161519
9838,0.408257,0.359047,0.445001
9839,0.327117,0.424203,0.189084
9840,-0.113716,-0.0799763,-0.190699
9841,0.248997,0.201662,0.0195065
9842,0.599592,0.429618,0.290096
9843,0.598224,0.415423,0.625409
9844,0.0996842,0.0835214,0.121455
9845,-0.0473848,-0.0409375,-0.0821436
9846,-0.159815,-0.127151,-0.158811
9847,0.652603,0.367347,0.87144
9848,0.190886,0.105482,0.360951
9849,0.50374,0.369532,0.435155
9850,0.623204,0.564318,0.776161
9851,0.517994,0.481019,0.591964
9852,0.735052,0.63864,0.736473
9853,0.378295,0.400441,0.379976
9854,0.634312,0.344192,0.290879
9855,0.965947,1.22407,1.21212
9856,0.434086,0.32673,0.043105
9857,0.720499,0.553211,0.915562
9858,0.198715,0.196508,0.252881
9859,0.180522,0.283892,0.410644
9860,0.502025,0.364811,0.306112
9861,-0.200044,-0.149569,-0.242712
9862,0.418588,0.195016,0.378504
9863,0.573969,0.388385,0.773428
9864,0.0364557,0.00645341,-0.0536976
9865,0.0828167,0.107578,0.133065
9866,0.693064,0.568023,0.976279
9867,-0.0712811,-0.00827013,-0.064444
9868,0.60441,0.628647,0.347488
9869,0.523872,0.337218,0.340651
9870,-0.0256375,-0.0645244,0.157904
9871,0.184674,0.12442,0.257095
9872,-0.0207632,0.0262047,-0.0997599
9873,0.0532133,-0.000609396,0.150467
9874,0.781987,0.504381,0.249617
9875,-0.14083,-0.156301,-0.140309
9876,0.0480669,0.0769129,0.157646
9877,0.417913,0.3307,0.122016
9878,0.404074,0.415689,0.127551
9879,0.381435,0.221663,0.236554
9880,0.513729,0.367116,0.116139
9881,0.244781,0.0109782,-0.0695644
9882,0.366953,0.419491,0.357922
9883,0.060762,0.0262876,0.213788
9884,0.0334779,-0.0251278,0.0789001
9885,0.144841,0.193557,0.0977955
9886,1.07019,0.678791,0.620679
9887,0.559679,0.495087,0.863584
9888,0.946463,0.641787,1.07067
9889,-0.166109,-0.135833,-0.229
9890,-0.113992,-0.00753781,-0.182082
9891,0.270796,0.222851,0.43345
9892,0.2011,0.262188,0.131433
9893,0.281011,0.308727,0.151362
9894,0.65001,0.537069,0.615226
9895,-0.20221,-0.091952,-0.120243
9896,0.0812872,0.1092,-0.147195
9897,-0.0332506,0.0472132,-0.0905244
9898,0.417068,0.390208,0.458954
9899,-0.00452426,-0.0204351,0.0387538
9900,0.967676,0.606665,1.28398
9901,0.837653,0.579825,1.04229
9902,0.622218,0.524686,0.300116
9903,0.774342,0.798945,0.935309
9904,0.992804,0.99177,1.32918
9905,0.797618,0.658284,0.987309
9906,0.20374,0.0687384,-0.0165082
9907,0.287144,0.183648,0.186315
9908,0.152894,0.0459468,0.323742
9909,0.667643,0.57835,0.801824
9910,0.654112,0.625149,0.4631
9911,-0.112264,-0.0861805,-0.15363
9912,0.345248,0.281949,0.347445
9913,0.275962,0.330301,0.193583
9914,-0.0278,0.0855606,-0.0856141
9915,0.437731,0.235562,0.219913
9916,-0.0202608,0.024567,-0.0645186
9917,0.531293,0.350384,0.401193
9918,0.526196,0.571909,0.790128
9919,0.845788,0.70172,0.472709
9920,0.513278,0.550203,0.719357
9921,-0.169253,-0.161112,-0.207806
9922,0.405311,0.255943,0.585061
9923,0.553365,0.712116,0.960236
9924,-0.106644,-0.147797,-0.189019
9925,0.414276,0.303343,0.388901
9926,-0.0702004,-0.0613103,-0.029932
9927,0.0826618,-0.0208269,0.0159442
9928,0.211095,0.223601,0.000891589
9929,0.240304,0.0751957,0.097684
9930,-0.12431,-0.118625,-0.232228
9931,0.291718,0.146778,0.270361
9932,0.138556,0.32967,0.0960668
9933,0.703738,0.796996,0.607967
9934,0.639436,0.499754,0.352158
9935,0.51602,0.425589,0.304473
9936,0.991374,0.898558,0.638121
9937,0.620175,0.295062,0.625823
9938,0.0803996,0.00651705,0.246963
9939,0.477872,0.356,0.00489178
9940,0.639479,0.565322,0.757275
9941,0.239938,0.199853,-0.13808
9942,0.0770509,0.121882,0.217543
9943,0.126852,-0.0184097,0.0440512
9944,0.167786,0.098851,0.208458
9945,0.424604,0.227075,0.102127
9946,-0.0239644,0.000782548,0.106218
9947,0.768495,0.421693,0.973987
9948,-0.0491776,-0.0124037,-0.124083
9949,0.282474,0.235409,0.107292
9950,0.122388,0.0774303,0.186982
9951,0.756158,0.752411,1.09581
9952,0.245408,0.215537,0.157749
9953,0.759439,0.617565,0.956459
9954,0.212267,0.203803,-0.0703918
9955,0.568883,0.705472,0.624071
9956,0.604606,0.469875,0.663233
9957,-0.193062,-0.214621,-0.251166
9958,0.507354,0.431167,0.27659
9959,0.420911,0.501563,0.332109
9960,-0.0442298,-0.0154411,-0.13696
9961,0.699081,0.543986,1.09585
9962,0.103788,0.021074,0.227925
9963,0.250374,0.253602,0.169941
9964,0.254171,0.279994,0.139128
9965,-0.0687811,-0.124135,-0.175049
9966,0.727972,0.701261,0.497328
9967,-0.00258536,0.0137177,-0.0904435
9968,0.174655,0.113004,0.42623
9969,0.219113,0.282052,0.406198
9970,0.30711,0.35749,0.510245
9971,0.0230015,-0.0256125,-0.115757
9972,0.648674,0.523464,0.522607
9973,0.545404,0.543429,0.523478
9974,0.393471,0.34363,0.492977
9975,0.208734,0.125605,0.281226
9976,0.648877,0.607324,0.342439
9977,0.294823,0.41294,0.347224
9978,0.36029,0.341774,0.343928
9979,0.872955,0.724016,1.06721
9980,0.467641,0.282788,0.53953
9981,0.46675,0.34679,0.366725
9982,-0.201287,-0.149338,-0.209732
9983,0.18332,0.224045,-0.0148389
9984,-0.0321582,0.00370706,-0.073649
9985,0.00482788,0.0551451,-0.0740601
9986,0.33315,0.324094,0.308401
9987,0.247148,0.122017,0.20684
9988,-0.192288,-0.178847,-0.158279
9989,-0.100046,-0.0689825,-0.10047
9990,0.933276,0.750073,1.1122
9991,-0.157375,-0.141148,-0.203926
9992,0.140233,-0.00217012,-0.0987122
9993,0.27301,0.216841,0.275004
9994,0.699337,0.523207,0.868054
9995,-0.120842,-0.0843139,-0.143111
9996,0.160338,0.116598,0.210213
9997,0.0798652,0.124203,-0.047908
9998,0.147988,0.0925162,0.09482
9999,0.559502,0.486949,0.84415
